comment,toxic
"Верблюдов-то за что? Дебилы, бл...
",1.0
"Хохлы, это отдушина затюканого россиянина, мол, вон, а у хохлов еще хуже. Если бы хохлов не было, кисель их бы придумал.
",1.0
"Собаке - собачья смерть
",1.0
"Страницу обнови, дебил. Это тоже не оскорбление, а доказанный факт - не-дебил про себя во множественном числе писать не будет. Или мы в тебя верим - это ты и твои воображаемые друзья?
",1.0
"тебя не убедил 6-страничный пдф в том, что Скрипалей отравила Россия? Анализировать и думать пытаешься? Ватник что ли?)
",1.0
"Для каких стан является эталоном современная система здравоохранения РФ? Для Зимбабве? Ты тупой? хохлы
",1.0
"В шапке были ссылки на инфу по текущему фильму марвел. Эти ссылки были заменены на фразу Репортим брипидора, игнорируем его посты. Если этого недостаточно, чтобы понять, что модератор абсолютный неадекват, и его нужно лишить полномочий, тогда эта борда пробивает абсолютное дно по неадекватности.
",0.0
"УПАД Т! ТАМ НЕЛЬЗЯ СТРОИТЬ! ТЕХНОЛОГИЙ НЕТ! РАЗВОРУЮТ КАК ВСЕГДА! УЖЕ ТРЕЩИНАМИ ПОШ Л! ТУПЫЕ КИТАЗЫ НЕ МОГУТ НИЧЕГО НОРМАЛЬНО СДЕЛАТЬ!
",1.0
"Ебать тебя разносит, шизик.
",1.0
"Обосрался, сиди обтекай
",1.0
"Зачем ты пишешь хуйню, дегенерат? Поцелуй в губы ! поцелую в засос.
",1.0
"Бактерия, тебе этого не понять Конечно, я же не ист е рик. Вот здесь поподробнее Сахаров А.Н вещает: Ты какой-то бред написал. Всё логично. Фраза была обращена к тебе. Твои проблемы - учись изъясняться определённее. Я заказал книгу о Второй Мировой войне на planeta.ru. Ой, извини, тогда ты не шваль - ты просто чернь. Это при условии, что ты действительно заказал маняграфию
",1.0
"Почитайте посты у этого автора,может найдете что нибудь полезное. Надеюсь помог) https: pikabu.ru story obyichnyie budni dezsluzhbyi 4932098
",0.0
"Уроды!! у нас в семье 3 поколения там родились
",1.0
"Можем на тебя ещё и модера за безмозглых позвать.
",1.0
"хорош врать, ты террорист-торчёк-шизофреник пруф: а вот без костюма да чутка учёный, миллиардер, филантроп
",1.0
"Всем, кстати, наплевать. Главное - уровень жизни. Вдвойне наплевать на кукареканье тупорылого хохла с форума-помойки.
",1.0
"Про графику было обидно) я так то проходил все серии гта со второй части по пятую, кроме гта 4. И мне не мешала графика ни в одной из частей. На компе у меня было куча видеокарт. Начиная с 32мб RIVA TNT и заканчивая 2Гб 560Ti на которой я спокойно играю который год в танки, гта5, ведьмака3 купил на распродаже и начал проходить. Да, не на ультрах. С пониженными текстурами. И не мешает. Я не понимаю дрочева на графике, требовать графику уровня плойки 4 минимум. Мне надо чтобы глаза не резало, только и всего. По поводу управления, мне не хватает переходника на type c. У меня джойстик есть от иксбокса360. Потенциала в мобильных играх достаточно чтобы забить кнопки как забивались в той же NFS MW в 2005. Не самая плохая игра была.
",0.0
"Я вообще мимо шёл. Вот сейчас поплачу над твоей головушкой, подзалупная истеричка, и дальше пойду. Ты такой же тупой и обманутый ванька как и те воеваки. То что вы глупые, невоспитанные, бедные, без прошлого и будущего и вас наебали на этот ресентимент ушлые чекисты и такие жирные приживалы как Гейгорка и Гоблач - всё это не снимает личной ответственности за свою жизнь и поступки. Очень вас жаль, но руки тебе не подам, отгрызёшь.
",1.0
"Мэдисон Тоже такой же стример Это такой троллинг или тебя мать в детстве роняла? Тебе нравится прикидываться тупым или ты просто тупой?
",1.0
"Ну, посмотрел я комментарии к твоим постам, процент говнокомментов ниже средней отметки.
",1.0
"А где я это утверждал, чмоха? Опять спалились.
",1.0
"В обеих странах есть партия войны . И в обеих странах эта война сейчас разжигается и поддерживается Смотрите, парни. И вот после этого руснявого пиздежа пидараны требуют к ним хорошего отношения? Мань, может это Украина хуярит по в на роисе градами ? Украина засылает в на роисю террористов бандитов ихтамнетов? Харк тебе в ебло, спидозная тварь.
",1.0
"и причем здесь чувство юмора? сам придумал - сам опроверг? я писал что они считают себя веселой нацией
",1.0
"Да какая агрессия. Тебя ткнули в твое же дерьмо. Обтекай. Это я без отрицательных эмоций. Просто факт.
",1.0
"Что ты имеешь против кремля, холоп заморского барина?
",1.0
"Ох вау, а какой стороной ножа резать, не подскажешь? Дебил хвастается рязанским еблом, ещё и гуглит незнакомые словечки. Ну вся суть никому не нужного селюка с никому не нужным тредом.
",1.0
"Это совсем не смешно. Но уроды могут поржать. И им даже не объяснишь, что они уроды. Они приспособились с этим жить. Пока они потребляют, они удобны тому, кто продает им хавку и цацки, так что, скорее, верно ваше утверждение мир ебанутый , если совсем узко смотреть.
",1.0
"https: pp.userapi.com c848520 v848520411 11627b cOhWqFbGjWE.jpg
",0.0
"будет пытаться Да украинский прекрасно читается. Отлично читаю, будучи русским либералом, не учив специально украинский. Вон, тот же Лога(чев)(бола)шенко, ватник, причем поехавший со справкой, позволяющей ему ездить на пригородных поездах, и то понимает украинский, как и белоррусский и польский, как свой, пруфы ищите на инфожд. А что если Новороссия это эксперементальный полигон, где Пыня проводит эксперемент, по определению уровня терпильности россиян. Допустим сначала в Новороссии вводят новшевство , там россияне терпят, а потом такие же вещи введут в РФ Не Новороссия, а новохуесоссия. Это давно ясно, еще есть такой полигон, как якобы независимая Беларусь.
",1.0
"И ещё один, какая же русня дегенераты пиздец просто.
",1.0
"Тебе даже сказать нечего, понимаешь? У тебя нету даже своего понимания вопроса. Ты как животное или даже хуже. Не отвечай мне больше такими высерами, типичный представитель травли тредов.
",1.0
"Диванный политолог слился, как обычно
",1.0
"С каких пор неадекват - это оскорбление? На Пикабу тысячи таких комментариев, и модераторы, даже будучи призванными, их не удаляют. Я вас дураком не называл. Это был вопрос: ты дурак? . И опять же, таких вопросов на Пикабу тысячи, если не больше, вплоть до ты ебанутый? или ты долбоеб? - и они тоже не считаются оскорблением и не удаляются. Вы считаете оскорблением то, что тысячи раз до этого оскорблениями не считали. Если правила в одном случае работают, а в другом нет, то это что угодно, но не правила.
",1.0
"50к в год это либо он тебе в уши ссыт чтобы ты не завидовал, либо я даже не знаю, в рабстве в каком-то бодишопе? Это не средний американец, это лох какой-то. Туда даже наши боди шопы перевозят людей на 80к в год и это с учетом визы которая запрещает смену работодателя (т.е. условия там средние а не лучшие, все равно никуда не денешься). Ты бы зашел на glassdoor про медианные зарплаты почитал и не позорился со своими выдуманными знакомыми. Так и что там со страховками, цифры то хоть смог прочитать? Короче методичка у тебя хорошая, но те кто в теме сразу видят какой ты пиздабол.
",1.0
"Возьмём как пример Россию, западноевропейские страны и США. Идёт метисация, сознательная политика замещения белого населения на пришлое черно-коричневое. Идёт создание новой расы метисов, исламизация и почернение. В крупных городах половина населения - выходцы из ебеней Мексики, Африки, Ближнего Востока, а в случае с Россией - Кавказа и Средней Азии. Этнические ниггеро-арабские гетто верят на хую законы как хотят, чудовищная по масштабам этническая преступность. Говорить о миграции и тем более затрагивать тему замещения коренного населения властями нельзя, иначе бутылка. Свобода слова тут не для вас, молодой человек. При этом говорить о том, что белые должны вымереть, и это нормально - можно. Белые официально вымирают ведётся пропаганда так или иначе направленная на снижение рождаемости белого населения. Феминизм, ЛГБТ, чайлдфри. Каждая женщина в Швеции - леволиберальная феминистка, это страна победившего феминизма. Что сегодня там происходит - страшно делается. Пропагандируются смешанные браки, межрасовые браки, пропагандируется превосходство детей-метисов. Идёт демонизация белых и пропаганда превосходства чёрных и смуглых мужчин, форс отношений белая женщина смуглый чёрный мужчина-мигрант. Как результат - всё больше чернильниц, всё больше смешанных браков, всё больше небелых метисов. Белые женщины просто не хотят контактировать с мужчинами своей нации и расы, наделяя их самыми плохими качествами и обожествляя черных. При этом большинство белых не считает завоз чурок чем-то плохим, наоборот, относятся к ним толерантно. Проводится политика насаждения толерантности, мультикультурализма, политкорректности и космополитизма. Набирающее популярность даже в России SJW - это вообще отдельная тема для обсуждения. Всё вышеперечисленное относится к сильнейшим когда-то странам, бывшим империям, нагибающим слабых. Сегодня происходит так, что бывшие империи в прямом смысле деградируют, вырождаются и вымирают, а место сильнейших когда-то, господствующих народов, занимают те, кого когда-то колонизировали. Во Франции к 2080 уже будут доминировать негры и арабы, в России - кавказцы и выходцы из средней Азии, в Великобритании - индийцы, негры, арабы, пакистанцы, etc. А в маленьких, нейтральных странах, вроде Словении или Беларуси, Литвы или Чехии, Румынии или Эстонии - всё пучком. Им вымирание не грозит, они остаются и будут оставаться белыми. Более того, у них ведётся политика, направленная на сохранение традиционных ценностей и культуры коренного населения. Они сказали беженцам нет . В Польшу, например, русскому или украинцу гораздо легче переехать и остаться, чем арабу или африканцу. В Германии ситуация противоположная, белых там не ждут. Польша, Чехия, Словакия, Венгрия, Словения, Хорватия, Сербия, БиГ, Черногория, Македония, Греция, Болгария, Румыния, Молдова, Украина, Беларусь, Литва, Латвия, Эстония - вот Европа будущего. Скандинавия, Южная, Западная Европа, а также Россия - лишатся коренного населения и своей культуры.
",0.0
"Может и старый, может и маразматик. Про то писать кириллицей или латинницей вам виднее, не спорю. Но как задвигают русский язык уже видно. Дальше скажут что все будет только на казахском и внезапно пол страны окажется вторым сортом. (Я надеюсь, что ошибаюсь, но это уже проходили в других странах азии, прибалтики, закавказья) А так я за мир во всем мире. Русский слон лучший друг Казахского слона.
",0.0
"Шизофазия (речевая разорванность) симптом психических расстройств, выражающийся в нарушении структуры речи, при которой, в отличие от речевой бессвязности (потока несвязанных слов), фразы строятся правильно 1 , однако не несут никакой смысловой нагрузки, а содержание речи соответствует содержанию бреда 2 . Это расстройство речи отражает разорванность мышления пациентов 3 . Это расстройство характерно прежде всего для шизофрении. Понятие шизофазии было введено Э. Крепелином в 1913 году и некоторое время она считалась особой формой шизофрении 4 . Некоторые авторы даже выделяют отдельную форму шизофрении с таким названием 3 . Для шизофазии характерна повышенная речевая активность, речевой напор, а также симптом монолога , характеризующийся речевой неистощимостью и отсутствием потребности в собеседнике 4 . Как правило, этот симптом сочетается с внешней упорядоченностью, доступностью для общения и относительной интеллектуальной и аффективной сохранностью больных 4 . Отличительной чертой шизофазии считаются преимущественная продукция морфемных словообразований и глоссоманиакальных высказываний 5 . Помимо параноидной формы шизофрении 4 она может возникать при тяжёлом слабоумии 6 .
",0.0
"В СОВКЕ САМОЕ ЛУЧШЕЕ ОБРАЗОВАНИЕ! - ПО МНЕНИЮ ЛЮБИТЕЛЕЙ ЗАРЯЖАТЬ ВОДУ ОТ ТЕЛЕВИЗОРА В СОВКЕ САМЫЕ КРАСИВЫЕ ДЕВУШКИ! - ПО МНЕНИЮ НОВИОПОВ В СОВКЕ САМЫЕ ЛУЧШИЕ ТОВАРЫ!- ПО МНЕНИЮ ЛЮБИТЕЛЕЙ ПОДТИРАТЬ ЖОПУ ГАЗЕТОЙ, А НЕ ТУАЛЕТНОЙ БУМАГОЙ В СОВКЕ САМАЯ ЛУЧШАЯ МЕДЕЦИНА! - ПО МНЕНИЮ САМОГО АБОРТИРУЕМОГО НАРОДА В СОВКЕ САМАЯ ЛУЧШАЯ ТЕХНИКА! - ПО МНЕНИЮ ЛЮБИТЕЛЕЙ ПЛАГИАТА В СОВКЕ САМЫЙ ВЫСОКИЙ УРОВЕНЬ ЖИЗНИ! - ПО МНЕНИЮ ЛЮБИТЕЛЕЙ ДЕФИЦИТА
",1.0
"этот самоподдув из манямирка какла. весь мир, сам аллах завидуют жителю нищей полубандитской папуасии на окраине россии.
",1.0
"pЕНo, штaт Невaдa. Бoльшинcтву пoдpocткoв из Невaды будет paзpешенo вoдить мaшину пo зaкoнoпpoекту, кoтopый будет paccмoтpен в зaкoнoдaтельнoм opгaне штaтa Невaдa. Зaкoнoпpoект accaмблеи 213 нaпpaвлен нa pacшиpение cущеcтвующегo гocудapcтвеннoгo зaкoнa, и пoзвoлит cельcким жителям в вoзpacте oт 14 лет caмocтoятельнo ездить в шкoлу в небoльших гopoдaх и oкpугaх, где не хoдят шкoльные aвтoбуcы. Этa меpa, пoддеpжaннaя депутaтoм accaмблеи aлекcиcoм Хaнcенoм, пpедocтaвит эту пpивилегию учaщимcя, незaвиcимo oт тoгo, где нaхoдитcя их шкoлa. Этo oзнaчaет, чтo 14-летние дети мoгут вcкopе ездить в шкoлы, кoтopые не пpедocтaвляют aвтoбуcы ученикaм, дaже в тaких кpупных oкpугaх, кaк Уoшo и Клapк. Вoдители штaтa Невaдa уже мoгут пoлучить пpaвa учaщегocя в вoзpacте 15,5 лет, пpи уcлoвии, чтo oни везут c coбoй пaccaжиpa, кoтopoму иcпoлнилcя 21 гoд и у негo oпыт вoждения не менее гoдa. Невaдa - oдин из немнoгих штaтoв, ктo paзpешaет вoдителям пoлучaть paзpешения для учaщихcя в вoзpacте дo 15 лет. Южнaя Дaкoтa выдaет учaщимcя в вoзpacте 14 лет oгpaниченные пpaвa в вoзpacте 14,5 лет.
",0.0
"Ну давай разберём всё тобой написанное. Бляядь, вы действительно думаете вы лучше пидорашек? Ну в целом, всё что живёт в рашке - затронуто говномидасом, но никто тут это не признает. сейчас воспитывают массу хороших кодеров В соседнем треде обоссали уже. Иди обтекай. Вы унижаете русских детей в школе Я учился в рашке и у нас был класс, который состоял онли из русачков. Думаешь, что то изменилось? Чурки тебе говна в жопу залили и заставили русачков в классе кошмарить омежных русачков? Я не люблю выражаться фразами нациков, но вы воистину столетия просто сидели в горах и ебали баранов, вас даже народ-пидор смог захватить. Плоховато ты знаешь историю. Когда русня пришла на Кавказ, тут всё уже было поделено османами и персами. А потом РИ наебала персов и постоянно нападала на османов высасывая причины из пальца, в принципе, русачки, что от них ещё было ожидать. В прошлом вы (чеченцы, даги и прочие сорта) были просто дикарями...А если говорить о среднеазиатах, которые бугуртят с оккупации, то вы были обычными нищими кочевниками Очередной акт незнания истории. Например у кавказцев по факту у народов отвественных за этногенез дагов и азеров уже был Дербент, а русачков даже в планах не было. Почитай историю Кавказа и Средней Азии, там были и локальные империи и нагибы округи и прочее и прочее. Называют русских пидорашками, славщитом. Говоришь это так, будто бы в этом что то плохое. У меня знакомые po рашеры irl, которые являются русскими и которые ссут на русню с ещё большей колокольни чем я Сейчас вас все боятся потому, что если пидорашка сделает в вас пару дырок, защищая себя, то его посадят на бутылку, а если вы убьёте пидорашку, то вам нихуя не будет. Может потому что в рашке мочить с волыны ножа человека, который идёт на тебя с кулаками - превышение пределов самообороны? Кто виноват в том, что русня настолько вырожденческая, что один чеченский доходяга ставит на колени группу русачков? Ты думаешь, будь руснявая гопота менее вырожденческая, то так же людей не кошмарила? Кто виноват, что вы морозитесь или даёте по съебатору, когда видите, как вашего славянского друга избивают унижают? Да чего уж там, тот митинг вспомните, где жирик, какого то парня на колени поставил и все вокруг стоят и снимают, словно стадо руснявых баранов. Зуб даю, в той толпе стояли его друзья и знакомые. Лично для меня это пиздец, особенно проигрываю, когда там не какой нибудь братуха-борцуха, а смарчёк чеченский. Никогда бы не бросил и не бросал друга в таком пиздеце и не важно, какой нации был друг, а какой нападавший. Вся ваша проблема не том, что вы слабками, не в том, что большинство русачков еблом похож на свинью, не в том, что за тысячу лет существования не смогли построить нормальную цивилизацию и другим не давали. Проблема в обыкновенной ошибке выжившего, вы видите кавказское быдло гопника, потому что оно в среднем сильнее, напористее, агрессивнее и образ кавказца, как лица которое представляет опасность выжигается у вас в мозгах, при этом не хотите замечать, что у вас, целые города набитые руснявыми АУЕшниками, потому что один среднестатистический руснявый гопник ауешник быдлойд сосёт у одного среднестатистического чуркобесского гопника быдлойда. В конечном итоге русачков в станице кущевской ебал кто? Другие русачки. В школу приезжали и выберали лолей на поёбку кто? Другие русачки. Сжигал русачков кто? Другие русачки. Всё вскрылось совершенно случайно. Сколько таких станиц, деревень и городов по всей рашке? аз-кун
",1.0
"Он тролль А ты что несёшь? Как можно присоединить исконно русские територии к исконно русским же терриориям.
",1.0
"Люди зажрались и охуели если по мнению этих игроков андромеда лучше Антема. Хотя че там с багаутом76 сравнивают вон... Вот оно че оказывается, игроки просто охуели, ну ок. Вот долбанные пидерасы, не хотят покупать такую отличную игру, а еще смеют ругать такой божественный геймплей. Баги, хуевый геймплей поправят, а контент, ну его запилят, через год другой, причем бесплатно! Ага. Стоит лишь потерпеть!
",1.0
"Ладно, ты обсерился, я тебя понял. Можешь уходить.
",1.0
"Блядь, хохлы, вы бы хоть с проксей писали, няши тупые.
",1.0
"Уважаемый, ты реально глупый и не вкуриваешь, о чьих именно трусах идет речь? Или просто дурака валяешь?
",1.0
"Так там по сути никто и не работает дольше 3-х лет для стажа в типа сириус конторе. У нас в филиале роскосого так: после универа за 15-20к работают во всяких лабораториях, потом уебывают на вольные хлеба. Постоянно там только старичье совкового пошива и сотни начальников, 90 которых даже на работу не ходят, чисто зп получают.
",0.0
"Таких как ты , поверь мне, больше)
",1.0
"Говорят, что у алиэкспересских Лански очень быстро стираются камни. Сам подумываю о приобретении заточной системы для своих складников, но оригинальную покупать дорого, а китайскую как-то хз) в итоге пользуюсь самодельной)
",0.0
"К сожаленю приходится опускаться до уровня понятного тупым пиндосам: показывать мультики, чтобы пиндосы поняли через сколько секунд они исчезнут вместе со своим фашингтоном.
",1.0
"Тупая шлюха, эта мразь лила отбеливатель на штаны и все что под ними. Я еду по делам а мне обливают штаны, ну охуенно наверно, баловство оно такое! Если бы по приколу было и не преследовалась цель бабской ебанутой мести, как это явно прослеживается, она могла бы просто стрельнуть из водного пистолета водой. ВС ! И мужики бы задумались и никто не в обиде.
",1.0
"Ну кстати, если говорить о сельских жителях, то хохлы попрацовитее будут чем кацапы. У хохлов огородик, садочок вишневый биля хаты, обязательно палисадник с цветочками, плезир одним словом, как царь Петр говорил. У кацапа дом из бревен, и помойка во дворе, как у цыган.
",1.0
"Это у тебя подгорает в одном месте, видимо перцем намазали....
",1.0
"Что те быдло, что те. Быдло пиздит быдло. Ну нормально так.
",1.0
"Антонио, ты весь в красном!
",0.0
"Так ты гомосексуалист?
",1.0
"Мой коммент - ответ на другой коммент. Это видно прямо на мониторе. Ответ по теме. А Ваше выступление - выезд на лыжах из... не знаю уж откуда. Но лучше Вам туда вернуться.
",1.0
"Ты явно не россиянин. Во первых ни одному россиянину не придёт в голову спрашивать чьё-то мнение по вопросу Крыма. А во вторых сегрегация людей при помощи вопроса Чей Крым это чисто холяцко-нацистский приёмчик. Палишься,порохобот. Ну и в третьих - у нас свободная страна и каждый имеет право на своё собственное мнение по любым вопросам. У нас даже один кандидат в президенты открыто заявлял что Крым надо вернуть Украине
",1.0
"Ты из какого века блядь?
",1.0
"Ну, ясно-понятно, высказать аргументы вы не можете, умеете только на минус нажать. Ок, я пошла - чего с безмозглыми разговаривать, всё равно скоро докраситесь за рулём и в дтп все и помрёте. Естественный отбор, чо.
",1.0
"Твоих граждан ? Твои товары ? у ВАС растёт продолжительность жизни? Те гауляйтеры - это ты и твои хозяева-кормильцы, предающие и насилующие российский народ ЕЖЕДНЕВНО И ЕЖЕЧАСНО. Вы торгуете недрами, вы пытаетесь пристроить награбленное подальше от ограбляемогонарода, вы наполнили страну полицаями , защищающими исключительно ваши интересы от российского народа. Вы гоните в НАТО нефть, газ, лес и прочие ресурсы, которые воруете у россиян, вы обложили данью всех от мелких и крупных торговцев, до самозанятых , выживающих в беспределе грабежа и воровства, творимого вами в стране. Вы оплачиваете свои права кровью и потом народа. Свои права по уничтожению этого самого народа. Деньги ВЫ превратили в мерило прав. Право на здравоохранение, образование, защиту и все базовые права ВЫ требуете оплачивать, не считая людьми и гражданами никого, кроме тех,кто это всё оплатит звонкой монетой. И войска НАТО приведёте в страну тоже ВЫ. Своей неудержимой жаждой денег и власти. Так же, как это сделал ваш свято-кровавый николашка , приведя в Россию своих партнёров . Они - ВАШИ партнёры - не мои. Так вот, знайте. Когда ваши партнёры по грабительскому бизнесу придут лишать ВАС вашей доли, и вы, и они будут по другую сторону фронта от меня и российского народа - точно так же, как вы и они ВМЕСТЕ по другую сторону фронта экономического все последние 30 лет. Я за ваши головы не дам и гнилой картошины. Так что, бойтесь не их. Бойтесь нас. Они для меня - просто враги, а ВЫ - ПРЕДАТЕЛИ СОБСТВЕННОГО НАРОДА, говно безродное, НЕЛЮДИ. И только очистив страну от таких как вы, возможно её защитить от них. Запиши на обороте своей методички, и передай по команде.
",1.0
"Тамбовский волк тебе товарищ!
",1.0
"всраньку леху пыню влада сисяна затравили, а эту шлюху нет. Почему? она тян.
",1.0
"В жизни бы не купил такое дорогое пиво... повседневные для жителей столицы вещи Да не повседневные они. Вон, у нас, когда родители приезжают, мы проводим им мощную культурную программу - ездим в горы, на океан, и т.д. Получается очень насыщенно. Но всё остальное время года мы это делаем намного реже. Повседневно - это метро, исторический центр (архитектура) и больший выбор всего (кнотеатров, театров, ВУЗов, магазинов, бизнесов). Ну и меньшая унылость.
",1.0
"navalny Максим Галкин maxgalkinru задал мне вопрос. С удовольствием отвечаю: Максим, спасибо за то, что подняли такую важную проблему. Однако, согласиться с Вами не могу. Вы подаёте дело так, как будто Владимир Соловьёв - просто звезда шоу-бизнеса, наподобие американской Опры. Зарабатывает много, значит может покупать себе дома где угодно. Это не так. Соловьев - государственный пропагандист на государственном телевидении. Сейчас он везде и не вылезает с экрана не потому, что талантлив, а потому что в стране ТВ-монополия государства. Соловьёв готов врать больше других, вот его и держат на экране. Была бы реальная конкуренция между ток-шоу и их телеведущими, Соловьёв был бы там, где ему и место - третьесортным радиоведущим. Каким он собственно и был до того, как всех настоящих звезд ток-шоу с нашего телевидения не выгнали, а их программы не закрыли по соображениям цензуры. Максим, вы говорите о рейтингах и прибылях, которые Соловьёв приносит каналу Россия-1 , а я смотрю в таблицу бюджета нашей страны и вижу, что Россия-1 глубоко убыточна. Ежегодно получает бюджетную дотацию. 24,6 миллиарда рублей за прошлый год. 24 МИЛЛИАРДА, Максим. Этого бы хватило на то, чтобы оплатить операции всем больным детям в стране. Но ушло это на гонорары всяким соловьёвым, а потом превратилось в виллы на итальянском озере Комо. Так что это не Соловьёв приносит. А все мы - налогоплательщики - (и Вы тоже, Максим) приносим деньги ему в карман. И я не хочу оплачивать роскошную итальянскую жизнь этого лжеца, лицемера и мерзавца. Тут нет никакой ненависти к богатым, никакого большивизма. Только здравый смысл. Видео взято с телеканала Дождь , логотип обрезан не по злому умыслу, а потому что его отрезал инстаграм, делая ролик квадратным.
",1.0
"Не поверите. Н о л ь.
",0.0
"способность глубоко анализировать события Это когда он совсем недавно объебался с голландским оркестром или когда напиздел про разрушенный взрывом дом в Париже? Или, погоди, его аналитический талант проявляется, когда он говорит, что режим Путина падёт - неизвестно когда, неизвестно от чего, но точно падёт? мотивы Царь был гомоимпотентом и завидовал Боне - и поэтому Россия воевала с Францией? Или: народы Востока плохие, посмотрите - у них даже мечи всегда кривые? непревзойденная рассудительность и мудрость Да, обвинять Соколова в краже концепций, которым сто лед в обед - это охуительная мудрость. А подавать на него в суд на основе ролика с пинком лакею - это пиздец рассудительно. умение переспаривать любых подсадных оппонентов (потому что Гуру всегда прав ходит только туда, где ему дают выиграть ) Пофиксил . гениальный артистизм пронимающее душу пение А, так ты всё это в шутку. Пардон, не распознал. у нас нет оппозиции они не спонсируют талантливых людей из оппозиции Женичка, ты уж определись. Судя по этим словам, это не обычное нытьё, похоже, двухмэтр уже хотел присосаться к карману какого-то богатея, но был встречен фигой? Этот, Соколов.. Зябликов, Соловьёв Неприятная для Ебжена тема вылазит с оговорками, боль не скрыть.
",1.0
"ПОТОМУ ЧТО ЭТО МАСТЕР. А ВЫ ДЕЙСТВИТЕЛЬНО БЕ-БЕ-БЕ..
",0.0
"В племенах украинцев, особенно западных, с детства прививаются две мысли: 1. Ты самый умный. 2. Ловко наебал - значит молодец, понятия подлость и честь отсутствуют нацело. Поэтому, мой маленький дружок, вся твоя натужная изворотливость не работает. Пообщавшись с тобой пять минут, любой в России поймёт с каким сортом он имеет дело. Даже не разу не услышав мягкий акцент твоей речи.
",1.0
"Моя знакомая, лет 10 как не курит. Это всё при том, что муж как курил так и курит в квартире.(в вытяжку принудительную и мощную на кухне). Тянет до сих пор её иногда, сны снятся как вновь закурила, до сих пор то в жар бросает, то в холод из за тяги. Старается не выпивать алкогольные напитки, потому что желание взять снова сигарету, адски просто нарастает. Занимается йогой, пробежки по утрам, да и без дела не сидит чтоб хоть как то отвлечься..
",0.0
"Какие же хохлы хайзенберги, пиздец просто.
",1.0
"Шизоид, где ты здесь установил взаимосвязь, лол? До толчка тоже зигзагами бегаешь?
",1.0
"Тупой-тупой-тупая, ти-ля-лю-лю!
",1.0
"А ты кто такой?Иди отседова
",1.0
"Уважаемый, да вы бредите. заварите ка как на картинке на любом заводе, где есть сварка. такая подойдёт?
",1.0
"Блядь, ебаный ты шизоид, ты можешь нормально выражать свои мысли? Твой поток сознания читать просто не возможно. Возникает ощущение, что у тебя разорванное мышление или речевая бессвязность. Просто словесный шум какой-то. Прими таблетки и не забывай посещать психиатра, у которого наблюдаешься.
",1.0
"Число проституток в Израиле продолжает расти На минувшей неделе в ходе ежегодной конференции по положению женщин, проводившейся Институтом еврейских исследований имени Шехтера в Иерусалиме, был представлен доклад, в котором рассказывалось о сексуальной эксплуатации в Израиле. Согласно этому докладу, как пишет газета The Jerusalem Post, в настоящее время в проституцию в Израиле вовлечены около 14 тысяч человек, 95 из них женщины. Особо отмечается, что примерно 3000 среди них несовершеннолетние. Исследователи пришли к выводу, что возраст первого опыта проституции у некоторых 13 лет. Вновь, как и в предыдущих исследованиях, отмечается, что многие проститутки пережили сексуальное насилие в детстве. В докладе сказано, что только у 20 проституток в конечном итоге получается самостоятельно прекратить заниматься торговлей своим телом. Если данные, приведенные в докладе верны, то за последние два-три года число проституток в Израиле выросло на 14 . Ранее редакция NEWSru.co.il публиковала данные Национального исследования о проституции в Израиле 2016 года, согласно которому на тот период проституцией в Израиле занимались около 12 тысяч человек (95 женщины, 11 несовершеннолетние). По данным этого исследования, 43 проституток родились в Израиле, 52 составляют бывшие уроженки стран бывшего СССР. Причем 86 проституток еврейки, 97 гражданки Израиля. У 62 проституток есть дети. У 81 из них дети до 18 лет. 25 проституток обслуживают более семи клиентов в день. 66 женщин заявляют, что пришли к проституции из-за тяжелой финансовой ситуации. 7 из-за наркотиков. Свыше 80 проституток заявляют, что испытывают издевательства (физические или вербальные) со стороны клиентов. 76 людей, занимающихся проституцией, говорят, что хотели бы заниматься другой работой. Напомним, что 31 декабря 2018 года во втором и третьем чтении Кнессетом был утвержден законопроект о запрете на приобретение услуг проституток. Это был один из последних законов, принятых Кнессетом 20-го созыва. Законопроект был подан министром юстиции Айелет Шакед. Закон вступит в силу в июле 2020 года. Согласно этому закону, приобретение секс-услуг и пребывание в месте, где предоставляются такие услуги, будет считаться уголовным преступлением. Размер штрафа за приобретение секс-услуг составит 2.000 шекелей за первое нарушение и 4.000 за повторное нарушение. В отдельных случаях прокуратура может предъявить обвинения в уголовном преступлении, и тогда максимальный размер штрафа составит до 75.300 шекелей. Кроме того, полицейские смогут выписывать штраф всем присутствующим на месте преступления, не занимаясь выяснением обстоятельств их присутствия в месте, предназначенном для покупки секс-услуг. Проводившийся нашей редакцией в 2017 году опрос показал, что большинство наших читателей выступают за легализацию проституции в Израиле и не поддерживают инициативу о наказании клиентов проституток. Причем такое отношение к проблеме проституции остается неизменным в течение многих лет.
",0.0
"Не понимаю как так получается. 15-20 лет назад хватало времени прослушать все перечисленные группы и не по одному альбому. Это только метал. Ещё хватало времени на панк и хардкор. При этом помимо работы был ещё институт в то время. Сейчас же совсем времени нет на музыку. Куда девается свободное время?
",0.0
"Зачем ты что-то пишешь потому что могу у тебя бамбануло, хаха порвался с учётом ваших длинных комментариев- так и есть смеешься там как умственно отсталый Это как? Есть какие-либо критерии как смеются умственно отсталые? Или ты как обычно пишешь абстрактные вещи, смысл которые даже тебе не понятен?
",1.0
"Подите рот с мылом вымойте, товарищ.
",1.0
"Да мы поняли что ты пидорьё ебаное, поляк наверное. Иди уроки выучи, портфель собери, че ты.
",1.0
"Азахха какая ржачная вата всу напали на донбасс аххаха это примерно как армия помойсраши напала на тульскую область .Чел обратись в медицинское учреждение, пупкинизм головного мозга уже лечат,даже усугубленный христанутостью
",1.0
"Мне Вас очень жаль, если для Вас оскорбления - норма.
",0.0
"Целью встречи стали переговоры о сохранении поставок газа А что, у него есть полномочия вести такие переговоры? Сука блядский цирк. Какие же хохлы дегенераты, пиздец просто
",1.0
"да не буду я забанен доблестной модерацией pcportal org forum 51-9843-1 возможно это вам поможет, уж как самый крайний вариант?
",0.0
"Вот, учитесь у этой проплатки создавать треды, окатыши. Этот сегодня получит 150 грамм колбасы к своей ежедневной пайке роллтона, и Волков его не будет трогать пару дней шлюху лишили звания Шлюха 20!8 АРЯЯЯ ПУТЕН ВИНОВАТ!!!
",1.0
"Значит, ты тут подскочил, как петух на жердочке, вскукарекнул, когда попросили пруф - слился и даже не извинился. Мне кажется, или в этой ситуации кто-то себя слегка неправильно ведет?
",1.0
"С чегой то ты мя в хохлы то записал? Только лишь с того, что я имею мнение, что эти цацки не вперлись никому, сюда тащить за счет бюджета?
",1.0
"Как-то сталкивался с ситуацией, когда новый сервак зависал на логотипе с фирмой материнки. Оказалось - проблема в том, что был подключен ламповый моник. Подключили ЖК - все отлично загрузилось! Но пока мы дошли до этого решения - успели поменять половину железа.
",0.0
"Пусть человек сам решает, и жалуется модеру. p.s а ты гляжу любитель доносы строчить в сороковых полицай бы годный из тебя получился бы.
",1.0
"И что? Сотню людей знаю с двумя санузлами в доме, ни одного, чтоб они оба не унисекс были. Какой ближе свободен - тем любой гендер и пользуется. Ты жопой завилял. Давай пруфы твоего, нормального человека, жилища с сортирами как в кинотеатре! С табличками пикрил ! каждой пидорахи в доме унисекс Ты же с этого выёбываться начал! Предъяви свои 2 отдельно-гендерных, нормальный пиздобол !
",1.0
"Убогий, как тебе, говнюку, не повезло в жизни, кругом говно и наркоманы. Живи дальше и злобствуй и плюйся своей ядовитой слюной. Побольше желчи вырабатывай - быстрей сдохнешь.
",1.0
"лучше бы юбики сплинтерселл новый сделали. уроды ленивые
",1.0
"Извини тебе в грязном ходить приятно?
",0.0
"Я согласен, что энергия от ВИЭ на текущий момент дороже. Но объясните мне, почему правительства всех стран мира стараются развить ВИЭ?! Зачем развивать нечто, заведомо убыточное?!
",0.0
"Э че бля а? Ты че нах бл иди сюда епты.. Ты за царя гнида? Я тя щас грязь растопчу хуесос ептыбля
",1.0
"Что б он сам здох мразь
",1.0
"просто я ватсаппом никогда не пользовался, а придется ставить ради одного турнира. обида
",0.0
"Нашёл как то работу отличную с зп в районе 50-60к, для меня это было просто супер, тк на старой я получал 15-30, обязанности все те же и условия лучше, собеседование и стажировку в 3 дня прошёл успешно я им понравился, но не пропустил сб, хотя до этого работы другой не было, а на этой косяков не было)
",0.0
"Очевидно, что топтать дворников и чем там ещё федоровичи по всей стране занимались- это просто другой уровень деятельности Вот и попался куколд-воевака. А гонору сколько было, да мы на дунбусее, да я в грозном двери настежь - давай говно на разы. Когда твою сестру будут насиловать черенком от веника три дворника, то ты будешь просто играть в Подземелья и Драконы и делать вид что ничего не происходит. А не, как Джимми Нейтрон напряжёшь мозги и будешь искать РЕЛЕВАНТНОЕ решение проблемы, пока сестричке, с венком ромашек на голове, раздирают дырочку. Ссали тебе в рот всем кондопогом, чека-нацианалистъ. Твои маняврирования от вопросов точно такое же тухлое пиздабольство как и на стремах жирного, можешь в гости записатся, если достаточно всратый для их патоков. Ах, да, а хули ты у мамы под юбкой, а не спасаешь наших новиопов в трусках от злых фашистов? За пять лет так и не собрался? Давай реще, чучело.
",1.0
"Западенские каклы в Польше - это чмо пиздец какое просто. Сам лично одному там в автобусе втащил. Его блядь приняв меня за поланда начала обкладывать русским матом за то что я их согнал в автобусе с первых мест за которые заплатил, типа я нихуя не понимаю. Сами поляки при этом в кайф стояли и смотрели как русачек щемит какла.
",1.0
"21 век, как ты такой неграмотный?
",1.0
"тебя бы в первых рядах на эту войну погнали, дурик. потом кричал бы в объектив камеры: не хочу умирать! отпустите - вы же добрые!
",1.0
"У вас, похоже, депрессия. К врачу попробуйте сходить. Мб полегче будет. Ну и жена, конечно, доконала вас.
",0.0
"Тоже проигрываю с укро-манек. Хотя вангую тут не только укры, но и некоторая часть русских шизиков с манямирком. Сами же вчера еще проигрывали с ватных ВР ТИ, а сегодня сами той же хуйней занялись. Вообще в последнее время все больше и больше убеждаюсь, что ватные дегенераты и фанатичные свидомиты либеpаxи друг друга стоят. Одним русня говна в жопу заливает, а другим - злой запад.
",1.0
"НЕ ТАК: с ватников. вопрос: любишь сралина? за кого голосовал? за питуна?
",1.0
"ты грызун не забывай свою историю - как твоя великая грузия платила дань малолетними грузинскими пидарасиками для всех жопошников персии и турции.
",1.0
"Игорь, ты? Помнишь меня? Я твой одноклассник. Я узнал тебя по твоим шизоидным словам и высерам. А помнишь, как мы всем классом нассали тебе в кружку в третьем классе, на сладкоежке? Ты ещё выпил, облизнулся и попросил добавки. А потом тебя пришёл забирать твой отец, тот самый дворник, который на Вернадского изнасиловал собаку и получил условный срок за то, что украл плавленный сырок в магазине. Он зашёл в класс, все стали смеяться, а ты обосрался под себя от стыда, а потом сказал, что всю жизнь будешь ненавидеть дворником, но в 9м классе, когда ты пошёл на рейд, чтобы их отпиздить, то они пустили тебя по кругу, после чего тебе наложили на анус восемь швов. Как поживаешь, Игорян?
",1.0
"Да нахуй ты мне это скинул? Если я теку от неё, естественно я пересмотрел её видосы. Но самый кайф на канале молодого человека, где он её за жопу хватает и пальцы в рот суёт. Если меня привлекают такие тян, я быдло?
",0.0
"Позвольте узнать, скольких детей вы воспитали, дабы утверждать, что ребенок - это примитивный и легко предсказуемый алгоритм, в котором нельзя - значит нельзя? Удобно все и всегда на воспитание спихивать, вроде я ничего в жизни не добился, но не потому что я нихера делать не хочу, а потому что меня так воспитали, моей вины в этом вообще нет. И родители не виноваты, их тоже так воспитали. Адам с Евой всю ответственность несут, а мы так, по течению плывем. Значит люди, которые имеют проблемы с алкоголем - быдло. Люди, дети которых причинили любой вред чужой собственности - быдло. Но может тогда и люди, которые перестают следить за своим здоровьем и мало двигаются - быдло, ведь они тоже осознают риски? Люди, которые вместо саморазвития приходят домой и смотрят сериальчики, просто потому что им лень что-то делать еще, они тоже быдло, ведь разница с алкоголиками в способе отдохнуть, структурно никакой разницы? Но тогда логичный вопрос, а есть ли НЕ быдло на нашей планете?
",0.0
"Крым это Украина В голосяндру с этого хохлосяндра!
",1.0
"Вам в b никто не рад и не ждет, вы - мусор. Никто кроме вас самих не хочет видеть в b, продолжайте спамить ссылками на d в своём загоне, никто вас не вернет.
",1.0
"Ты в маём серце казёл.
",0.0
"Всегда знал, что эта поехавшая сука-хохлушка.
",1.0
"А в твоем блять не стояли! вы же пердуны старый все высоко духовные интеллектуалы.
",1.0
"Блядь, каждая вторая семья разваливается. А они не рассчитывают Так они сами всё портят, сами друг другу мозги клюют. Дебилы, бля.
",1.0
"Таких как ты психопатов на хуй отстреливать в детстве.
",1.0
"Принятые военные доктрины с тобой не согласны, пидорандель. Ах да, я забыл, жид овствующие пиндосы и евреи их игнорируют, покрывая военные преступления своих солдат и вводят санкции против суда в Гааге за попытки привлечь виновных
",1.0
"Тебе кольцо покупают , беги глупец!
",1.0
"тебя тут вахтёром назначили ?
",1.0
"Более полутора тысяч человек стали жертвами незаконных онлайн-трансляций из гостиничных номеров в Южной Корее. Об этом сообщает CNN со ссылкой на местную полицию. Камеры были спрятаны в телеприставках, розетках и держателях для фенов. Отснятый материал выгружался на специальный сайт. На портале было зарегистрировано более четырех тысяч человек. 97 из них оплатили ежемесячный взнос в размере 45 долларов (почти три тысячи рублей). За доплату пользователи могли подключиться к стриму в прямом эфире. В преступной схеме участвовало несколько человек: двое мужчин уже арестованы, в отношении двух других ведется расследование. Установлено, что сотрудники гостиниц ничего не знали о преступной схеме. В прошлом был похожий случай, когда в отелях устанавливались нелегальные камеры, и их постоянно тайно смотрели, но полиция впервые обнаружила ситуацию, когда видео транслируется в прямом эфире в интернете , уточнили в правоохранительных органах. Незаконно снятые видео являются распространенной проблемой в Южной Корее. Чаще всего злоумышленники крепят скрытые камеры в общественных женских туалетах. Такой жанр называют spycam, записи позднее продаются в сети. В 2018 году десятки тысяч женщин вышли на улицы Сеула и других городов в знак протеста против таких преступлений. Выступления проходили под лозунгом Моя жизнь не ваше порно . Ранее владелица крупного южнокорейского порносайта, известная под именем Сонг (Song), была приговорена к четырем годам тюрьмы. На ее портале размещались тысячи spycam-записей.
",0.0
"я их маму ибаль, мааааааааматкунем!
",1.0
"ссылки я давал, модератор в мягкой и корректной форме послал меня нахер
",0.0
"смешно. я просто написал, что мнение некого внештатного специалиста не должно публиковаться. про лживых девушек я ни слова не сказал. и про проблематику, которая в посте. я просто усомнился в правдивости источника. вы опять врете. сознательно избегаете вопросов, смешиваете разные посты и трактуете их в свою пользу. первая на оскорболения перешли вы. с моей стороны это был чистый стеб. потому что вы начали пользоваться совсем банальными стереотипами, я отзеркалил это на вас, также написал стандартные мужские заблуждения про женщин. прекратите людям хамить, научитесь аргументироано спорть, и прибудет с вами счастье!
",0.0
"У вас пост поломался.
",0.0
"Да насрать всем уже на это засохшее дерьмо! Алсо, скорее всего жирный свин почуял что его блядскому магазинчику наступает капздец и начал пытаться маневрировать.
",1.0
"У вас что, ночное большевистское обострение?
",1.0
"греки всегда падлили россии, это как жид ы либерасты, откровенные русофобы... наши там чото с ними сюсюкаются, афоны, хуёны... а греки в ответ лишь наебывают русских да офшоры для жид олгирахов создают чтобы грабить русачков... надо признать кипр за турцией, пнуть под сраку вафляломея и поставить в константинополи наших русских попов И ПУСТЬ ВЕСЬ МИР ОТСОС Т!!!
",1.0
"Да не торопись ты так, бабуль
",0.0
"Да. Можете ради интереса засунуть палец себе в рот и пощупать свой собственный язык глубже, чем видно в зеркале. Сильно удивитесь.
",0.0
"Камера заднего вида и книжная лига? Вы тролль
",0.0
"Ой, блядь. Украины как страны не существует, это вид болезни, патология. Как будто хохлики что-то там решают.
",1.0
"Так то стоит около 12,5 тысяч, но мне вышло в 6636 рублей и бесплатная доставка
",0.0
"Зачем тут тогда разговариваешь? Жалко что ты вообще родился...
",1.0
"пруф или пи..бол шарлатан)
",1.0
"Да ты ещё и неуравновешенный.Я понимаю что тебе приходится заниматься какой-то хернёй и возможно не об этом ты мечтал в жизни,но ты сам выбрал этот путь.Так что веди себя сдержанно и спокойно говори о том,как плохо высказывать своё недовольство как всё неплохо(могло быть и хуже) хочешь чтоб было как на Украине? и т.д. короче отрабатывай по инструкции,челядь
",1.0
"Ты лучше свои ссылки в спортлото отправляй. Там ошибок море.
",0.0
"Другого я от тебя и не ждал, школьник максималист.
",1.0
"Ну хочешь я стану твоим другом? Как тебя зовут? Чем увлекаешься?
",0.0
"Так ее уже заставили ) нужно перезаставить или отменить первое. на троечку троллишь, без души, нужно душу вкладывать, что ж ты так слабо. Образ циничного дебила не очень удачно получился. Это как, творишь лютую хуйню, а виновата она, действия твои, а расхлёбывать ей, она на эмоциях, а ты думаешь, что это взвешенное решение. Дебилы, блядь (с)
",1.0
"Роды в срок - 38 недель. Т.о. осталось носить еще почти 2 месяца.
",0.0
"Вы привели достаточно аргументов чтобы их не просто выгнать а показательно расстрелять около подъезда. Мне более нечего вам возразить. Я не могу оперировать ценностями вашего убого эгоистичного НЕДОразума.
",1.0
"У меня мать в охране работала как то, там там ебали за то что ты не отвечаешь в ватсапе. Типо если вообще не будешь в группе сразу увольнение ебанутый ватсап этот, информационная помойка, а в Якутии ВСЕ сука на нем помешаны!
",1.0
"Двачую этого. Свиньи уже в наглую пиздят что их тут нет и что они не срут в по мойке
",1.0
"дырка у тебя в голове.
",1.0
"Он уже не стесняясь по кд срет, модератор его друг что ли?
",1.0
"На какое противоречие ты указал, идиот жопоглазый? Там ясно указан разграничительный признак.
",1.0
"ви таки дурак, простите? )
",1.0
"Обезьяну колонизировали, привезли в Европу, дали возможность стать человеком. Обезьяна отблагодарила.
",1.0
"Какую советскую замшелую хуйню ты несешь - как так так кря кря народы братья кря кряк православные - сколько себя помню с нулевых хохлосрачи в сети, читал Дневники Дроздовского, он там описывал что когда они уходили из города украинские националисты кричали им оскорбления в спину, снимали и топтали флаги, одновременно унижаясь перед немцами, и у Булгакова тоже самое: мразь с хвостами на головах , братская дружба длиной в век. Обоссаный одноклеточный дебил посылает кого-то в одноклассники. Пиздуй в б или откуда там выползают настолько тупые создания.
",1.0
"Ну например потому что кончалось лето и если бы я быстро не отстроилась - ещё почти год жила бы на съёмных квартирах. А я если честно вешалась от них - я до этого 10 лет с родителями загородом жила, мне тесно в Москве)
",0.0
"называет Шарикова педофилом в 2к19-ом Чо, педофилия теперь срок давности имеет? Ща как представил, как тебе Шарий всунул свой грубый хуй в задний проход, когда тебе было всего 10, а ты через пять лет такой: Йееееех, ну это ж дувно было, ни пидафил!
",1.0
"Ага, но если посмотреть на историю региона чуть раньше то будет так: Русские подружились с черкесами. Русские перестали дружить с черкесами, после их нападений. Соседи осознают, что какая-то хрень пошла, просят защиты у России. Черкесы и чеченцы начинают грабят соседей и входят во вкус, формируется кодекс чести набегов на соседей и целая набеговая система. Россия переселяет казаков на границу. Черкесы и чеченцы начинают грабить и убивать казаков, при этом активно занимаются и междуусобными войнами. Терпение России заканчивается, кавказцы слегка получают по голове. Кавказцы не унимаются и получают поддержку от врагов России (османов и англичан) и отрабатывают её. Терпение России заканчивается и черкесы получают по полной. Остатки черкесов более 150 лет удивляются и обижаются, а нас-то за шо? Раз уж лезть в историю, то может лучше вспомним как вместе от Крымского ханства отбивались и Казань вместе брали?
",0.0
"1) чё, еба - вы уже додумываете, где вы быдло-сленг углядели? Или смутило то, что я на Ты общаюсь? 2) давайте не будем самообманываться и говорить, что внешность не важна, что обидного лично для вас в просьбе фото?
",1.0
"Ванька, пиаришь свой убогий кривой сайт и все кто с тобой несогласен( а тобой несогласны все, кроме одного анана из 2016 года) называются модераторскими подсосами.
",1.0
"да не, там вполне современная, относительно, техника. в квартирах разбитых как раз таки антураж 2013 сервизы и шкафы тех лет)
",0.0
"Например вот тут: https: www.google.ru url?sa t source web rct j url http: www.consultant.ru document cons doc LAW 34683 aed7d03df679e3376974dadd131b899dc6966650 ved 2ahUKEwiar-2jj8 gAhVE-yoKHR3ECB4QFjAAegQIBBAB usg AOvVaw09ObjWoB9D2SDDZBVcDLUF
",0.0
"Это ты своей маме и сестре родной? С утра?
",1.0
"Удельная проводимость стали 10 000 000 Удельная проводимость водопроводной воды 0.0036 Вода 36 мкСМ м Сталь 10МСМ м Так что пластиковые трубы - это хорошо
",0.0
"ты совсем дурачок, хохол? что такое по твоему построенная новая дорога?
",1.0
"ВАШИНГТОН, ОКРУГ КОЛУМБИЯ МЭРАЙЯ КЕРИ ПОДЫХАЕТ ОТ ТОГО ЧТО ТИТЯНДРЫ СТАЛИ СЛИШКОМ БОЛЬШИМИ ЗАРАЖЕНИЕ КРОВИ, ПОДАГРА, ДИАБЕТ, ОТКАЗАЛИ ПОЧКИ, В КОНЦЕ КОНЦОВ ОТКАЗАЛО СЕРДЦЕ ГЛАВА КРИМИНАЛЬНОЙ ГРУППИРОВКИ 18-АЯ УЛИЦА И ДРУГ ДОНАЛЬДА ТРАМПА ХУАН КАРЛОС КАСТИЛЬЯ ПРИХОДИТ НА ПОХОРОНЫ ПЕВИЦЫ И ВСЕМ ГАЗЕТАМ И СМИ РАССКАЗЫВАЕТ, ЧТО РОДИТЕЛИ УМЕРШОЙ ОТРАБОТАЮТ ДОЛГ ДОЧЕРИ ПЕРЕД МАФИЕЙ ЗА КОКАИН НЕ ТАКАЯ УЖ ЧУДОВИЩНАЯ СУММА, ПОЛ МИЛЛИОНА БАКСОВ, РОДИТЕЛИ ПОГАСЯТ, ДРУЗЬЯ СОБЕРУТ
",1.0
"дегенерат продолжает обзывать нацию, хотя его никто на это не провоцирует русских каждый день обзывают хохол горит от первого же оскорбления да. яяяясно.
",1.0
"о жопах Да нет, это твой свидомый мозг дорисовывает картинку, я только о твоей мамке, которая за 100р сосёт хуи на трассе, так ты заберешь из быдломордора свою хуесоску на окраину?
",1.0
"Кстати, стальной топор без религии не сделать. Потому как рудокопы и углежоги в какой-то момент спросят - а нахрена мы тут горбатимся вот уже третий год, ради чего все это? И вот в этот момент им надо как-то объяснить, что еще каких-то три-четыре миллиона рабочих часов - и наступит век развитой металлургии и всем выдадут если не по сверкающему железному мерседесу, то уж по жигулям точно. Надо только продолжать делать свое дело. День за днем. День за днем херачить киркой эту дурацкую скалу и пережигать деревья на уголь. Сегодня. Завтра. Послезавтра. Чтобы когда-нибудь... потомкам стало хорошо.
",0.0
"Это просто новый вид троллинга - троллинг тупостью. Умный оппонент приходит в ярость и бешенство, и это при том, что он прав и подебил. Да-да, победить этот вид троллинга нельзя, можно только прекратить беседу, когда ее уровень пробил днище.
",1.0
"Ок. Раз уж крахоборничать то пусть будет максимум не - 1 Бар, а - 1,013 Бар. При полной откачке, скажем, воздуха из емкости, на емкость будет воздействовать атмосферное давление, и большее разрежение, чем оно давит, ваккумметр не покажет. То есть максимум - 1 атмосфера, или 1,013 Бар.
",0.0
"у тебя что, ИНТОКСИКАЦИЯ УКРАИНСКИМ МИРОМ?
",1.0
"Я думаю, вот эта ссылка будет кстати: Суд: нельзя требовать от работника явиться за трудовой книжкой в другой город http: www.garant.ru news 1232319
",0.0
"Интересно, а что мы могли сделать? Ввести санкции на поставки гуманитарки для своего населения? Алсо, не примешивай к этому Пыню, Пыня проебал украину имея проросийского президента, яиц хватило только на то, чтобы откусить под шумок крым, чем обеспечить абсолютную ненависть хохлов в остальной украине и страх восточноевропейских карликов, которые теперь готовы в жопу дать за защиту от русской угрозы .
",1.0
"А не ты ли тут намедни пост о каком-то кришнаитском празднике вещал? Ты лично к христианству никакого отношения не имеешь, тем более к православию, но ты самолично один решаешь за христиан как и на что им оскорбляться. Тебя христиане еще не побили за то, что ты манипулируешь их верой, индуист?
",1.0
"У вас кремлебот головного мозга, срочно к врачу
",1.0
"Конечно, это резонансное событие требует отдельного треда для обсуждения и 19 тредов до этого шло обсуждение. Тред назывался нейтрально Рассстрел мусульман в новозеландской мечети . Но сегодня ОП, по совместительству борец за Арийскую Раssy и мамкин фашик назвал его в честь стрелка KEBAB REMOVER(англ. уничтожитель чурок ) и с утра пораньше решил в ОП-посте(заголовке треда) обозначить тред, как героизирующий(в первом треде) и оправдывающий(в третьем треде) терракт этого стрелка. Пик стронгли релейтед. 20 тред. В третьей строке заголовка ОП восхваляет и героизирует террориста, цитирую заголовок: KEBAB REMOVER тред 20 Продолжаем пиздеть тут. Слава Герою! Я репортил тред в форме репорта и в прикрепе в d , реакции никакой. Видимо, школомодеры сами симпатизируют нацизму и закрывают на это глаза. 21 тред. После того, как я пригрозил ему репортом, в этот раз мамкин фашик, убирает строку про героя и зачем-то вместо неё ставит нацистское приветствие дивизии СС Галичина. KEBAB REMOVER тред 21 Продолжаем пиздеть тут. Слава Украiнi! 22 тред. В этот раз тот же остроумный ОП поставил на третью строчку PRESS R TO PAY RESPECT!(англ. Нажмите R, чтобы выразить уважение!) т.е. уважение стрелку за то, что он совершил терракт. Еще он выделил жирным шрифтом предложение Именно эту мечеть он выбрал потому, что на её месте раньше находилась церковь. , будто то бы для оправдания стрелка. KEBAB REMOVER тред 22 Продолжаем пиздеть тут. PRESS R TO PAY RESPECT! Эти действия подпадают под конкретные статьи УК РФ, (публичное оправдание терроризма или пропаганда терроризма), а модерация никак не трёт такие заголовки треда, не реагирует на репорты. Да, я понимаю, что на Дваче возможна любая точка зрения, но хотя бы шапка треда должна быть нейтральной и уж точно не должна оправдывать и героизировать терроризм фашизм и не нарушать законодательство. Такое название треда автоматически собирает в нём нацистскую падаль и сворачивает обсуждение в сторону фашистской идеологии.
",0.0
"Передайте , который меня в чс кинул, что это не русский портал. То, что тут посты выходят на русском ещё на означает, что он русский. Тут сидят люди с Украины, Беларуси, Казахстана и других стран, в которых разговаривают на русском.
",0.0
"пук среньк Петухевен, пожалуйста. Иди свои 15 в другом месте отрабатывай.
",1.0
"Умник, тебя бы в эту часть, я бы посмотрел какой ты бы там был. В крысы бы улетел, с черными ручкался бы а своих гнобил
",1.0
"Свобода слова,говоришь? Я ИМЕЛ ТВОЮ МАМАШУ ВО ВСЕ ЩЕЛИ! Это тоже свобода слова. И когда на улице кавказец при твоих друзьях или знакомых назовет тебя пидарасом,это тоже свобода слова. Свобода слова это палка о двух концах. Любая палка имеет другой конец,которым ты можешь получить по ебалу. Но ты очевидно школьник или студент-младшекурсник,или просто великовозрастный дебил,поэтому это для тебя неочевидно.
",1.0
"Квинтэссенция человеконенавистничества в этих словах Ротшильда. И после этого ещё некоторые не верят, что капитал есть источник фашизма. Тупые люди не смогут стать богатыми, а умные смогут. Ага, поэтому давайте сильно затрудним доступ к образованию, а то образование, что есть и без которого не обойтись, сделаем максимально узкоспециализированным, что бы человек сразу превращался в тупого, сделав лишь шаг в сторону от своей специализации. Тогда можно будет бесконечно долго жить припеваючи, присваивая результаты труда этих людей. Тупые всегда в итоге будут работать на умных. Это скользкая дорожка: тупые не смогут поддерживать общественное производство, а умные могут начать соображать, что к чему. Поэтому в итоге подобная система развалится, в один прекрасный день, как песочный замок. Но водить за нос трудовой народ они могут еще долго.
",1.0
"Хм... По-моему, ты не слышал, как кричит такой поросенок. Его хуй выпиздишь из загона, сначала... хоть за уши, хоть сапогами. А ещё эту тушу надо протащить метров 40 и завести в станок . И, только потом, ты залезешь сверху, угнездишься так, чтобы тебя по стенкам не размазало, наклонишься, и ведешь пику, и взрежешь шейку.. И только сейчас ты услышишь и поймешь разницу между просто визгом, хоть и от боли, и СМЕРТНЫМ.. ...даже, если тебе 10 и ты вообще снаружи свинарника. ...убивают его, блядь...
",0.0
"Дебил Коноплеводство зарубил Хрущ как и многие хорошие вещи
",1.0
"Не беспокойтесь) неадекватный человек мне написал ответ на мой комментарий
",1.0
"Шульман конечно та ещё оппозиция , Женщина она, откровенно говоря глуповатая Но каким образом это отменяет то, что его хрюкейшество порось, конферансье со средним образованием ,хамло и украинское быдло, живущее за счет папаши мелкого жулика?
",1.0
"Мне часто ставят минусы и спрашивают, почему я называю биомассу людей идиотами. Отвечаю: Потому что, они пытаются писать по-русски, не умея писать по-русски. Автору мой толстый минус. Назад в школу, животное!
",1.0
"Ты, нехороший человек, зачем на Пикабу написал? Сейчас и тут капец настанет...
",1.0
"Неуместны здесь, только ваши простыни ахинеи, убогая попытка процитировать Кличко и отсебятина про крах. Соловьев, прямым текстом заявлял, что без закона Яровой, правительство бессильно что либо сделать. Где крах? И если вы вываливаете ваши писюльки публично в интернет, научитесь для начала хотя бы писать без ошибок. Если конечно не хотите выглядеть смешно как сейчас.
",1.0
"Блять, вот хохлы везде Россию приплетают, а вот кремлеботы везде хохлов пытаются приплести.
",1.0
"Стесняюсь спросить, а вы что, после трепанации без шапки стояли? Обморозить участок мозга, знаете ли, непростой челлендж. Нужно либо черепную коробку вскрыть, либо сначала обморозить все, а затем и мозг в конце обморозится
",0.0
"Не скажи, в дурку из-за неё он заехал. Галя - классический мозгоёб, в добавок никогда не признающий своей вины. Но истинная причина помешательства останется загадкой.
",0.0
"Иди на почту до востребования
",0.0
"У меня вопрос к ТС. Отец поехал покупать.... А почему вы не посмотрели на офиц.сайте цену Лады Весты. Один клик мышки и цена комплектации Комфорт от 667 900 руб. Если сильно занижена цена, то 100 обман, вы же это понимаете. Выручайте теперь отца, нанимайте юриста.
",0.0
"Оправдываться империалисту тем, что захватили кого-то из-за того, что они нападали на нас, грабили, поганая ложь. Примеры я выше привел, империалисты кровожадные звери, ненасытные. Собственно примеров куча. Россия переселяет казаков на границу. Ха-ха, уж про этих то не надо. Эти то отлично в истории отметились. Как каратели, захватчики, грабители.
",0.0
"Это же для школьниц и школьников. Там на полные ставки рассчитывать не стоит. Не все дети из обеспеченных семей. Но и по времени там час не всегда нужен. Максимум 30 минут девочка и 10 минут мальчик. Я выставляю такие тарифы. По классике ещё, в принципе, можно поторговаться.
",1.0
"Религиозным можно быть по-разному. Я не говорю, что в той же самой пиндосии нет упоротых на религии долбоёбов, они есть везде, ибо религия в принципе к этому располагает. Просто у нас тут по этой теме как с цепи сорвались, а государство с церковниками, почуяв выгоду, старательно масла в огонь подливают.
",1.0
"По-моему большая часть фанатов Казимирко (уже бывших), не поддерживала рузге мир и лугандон. Откуда сюда ватники понабежали
",1.0
"Танкисты пидарасы танкисты хуесосы танкисты долбоебы конченые
",1.0
"А я готовлю почти также, только сахар не использую вообще, а вместо него добавляю в фарш изюм - получается вкусно. Ну и без яйца в конце (хотя зачетно должно быть, только вряд ли совместимо с изюмом, надо будет попробовать так).
",0.0
"А разве Хлёбыч скрывал, что он - шлюха?
",1.0
"Подхрюкивающий, держи за прогиб!
",1.0
"- Ты кого тут тупым быком обозвал? А ну ка!
",1.0
"Ты на сосаче, не нужно каргокультить тут форчок, это выглядит уебищно. Пиши по-русски жиды.
",1.0
"эта мразота терроризирует треды более двух лет, вниманиеблядствует и потешается над анонами. Пруфы того, что в треды срет один и тот же человек, потешается над анонами и злоупотребляет бездействием модераторов . эти вебмки сделаны им Его тред, куда он срал своими скримерами поискав по метадате, можно найти десятки тредов, куда он срал своими скримерами, по 15-20 штук в треде. Пруфы засирания тредов , к примеру. Поиском можно найти намного больше 2 вебм начало 1:19 0:49 и 3:57 3:16 1:23 Пруфы многократных жалоб от анонов на деятельность этого серуна ПРИМИТЕ МЕРЫ БЛЯДЬ!!!!!!
",1.0
"Вы просто латентный веган
",1.0
"Я всё ещё жду пруф на то, что твоё между рядами вне закона. Я всё ещё жду пруфы на то, в чем ты меня обвиняешь как в реале, так и в том, что я здесь писал. Я жду пруфы твоим заявлениям. Особенно интересуют пруфы моей езды. Ну так кто здесь пиздобол?
",1.0
"я тебе не приятель, туша боксёрская
",1.0
"Пост-эталон малолетнего долбаёба.
",1.0
"типун тебе на язык! Гриллс еще не всех жуков-пауков съел!
",0.0
"ряженые кизяки Извинись!
",0.0
"Я уже написал, считайте проф деформацией. И можете дальше дрочить на фото одних и тех же хомячков раз в два дня.
",1.0
"Вижу по твоим старым постам, что ты на этом деле собаку съел) А сам прошёл полностью?
",0.0
"С другой стороны, модератора никто не звал, а картинку раз, и удалили.
",0.0
"Девушка, Вы не в себе? Кто мы облажались? Причем тут я и кто-то? Кто должен настучать мне по голове? Я просто увидел, что люди которые яро рвут на себе рубаху в комментах нихрена не знаю своей собственной истории. И рассказал об этом. Но если бы Вы еще умели слушать, помимо того, как изливать свои мысли. Слово оккупант имеет резко негативную коннотацию в любом языке Да? Тогда объясните мне, почему в США есть медаль за службу в оккупационной армии ? Это типа такая медаль позора наверное. Её вручали чтобы гнобить человека. или всё таки нет? именно поэтому из ГСВГ через какое-то время убрали О. Да? А я то думал это было связано с созданием ГДР. Вы такие глупости говорите. Т.е. сразу же после войны, победителей, героев, можно называть оккупационными войсками, а спустя девять лет решили что это очень негативно? Серьезно?
",1.0
"В том трансгазе, где я уже лет 7 работаю, сейчас есть только компенсация проезда к месту отдыха (процентов 30, точно не помню). Не РКС, если что. А года до 2014 тоже была компенсация путевки до 85 работнику и до 40 - члену семьи. Процентовка зависела от газового стажа.
",0.0
"Это эрефия) тут 2 метода: 1. сделать говно 2. запретить и бонусный 3. У Хохлов еще хуже
",1.0
"Но по факту какой-то быдлогопник создал ОПГ Один хер он продолжит свою деятельность, потому что тема бесконечно актуальная. Рашка таки скатилась в сраное говно. Пора валить отсюда нахуй... Here we go again.
",1.0
"Раз уж вакханалия продолжается, давайте в этом треде продолжать собирать ворох банов. Копирую из прошлого треда отсюда и из ответов к нему: Ошибка: Постинг запрещён. Бан: 1067637. Причина: M Общее 6 - Злоупотребление трипкодом, аватаркой !b. Истекает: Втр Янв 22 22:00:00 2019. В новом аниме-треде ( завелся один сумасшедший модератор, который удаляет видео, а затем банит пользователей за справедливые вопросы о причине удаления данных видео по надуманным причинам вроде злоупотребления трипкодом аватаркой или обсуждения модерации вне d . Я - один из тех, кто попал под его раздачу. Поэтому, в связи с этим, требую немедленно разбанить меня и остальных, кто стал жертвой модераторского произвола и изгнать с должности модератора этого человека, он профнепригоден. Ошибка постинга: Постинг запрещён. Бан: 1068596. Причина: M Общее 6 - Злоупотребление трипкодом, аватаркой !b. Истекает: Птн Янв 25 22:00:00 2019. Какая блядь аватарка, вы в глаза долбитесь? Спасибо Абу. Ошибка постинга: Постинг запрещён. Бан: 1068457. Причина: b 2 - Аватаркочатики в 2d !b. О каких аватаркочатиках может идти речь? Какое 2d я там не был в жизни. Я общался с аноном без пикч на тему треда! Уже и тут пообщатся нельзя? Разбаньте позязя. Несправедливый бан: Постинг запрещён. Бан: 1068078. Причина: M Общее 6 - Злоупотребление трипкодом, аватаркой !b. Истекает: Срд Янв 23 22:00:00 2019. Попросил скинуть вебмки по K-on! Анон скинул, я сказал спасибо. Забанили и меня и его. А ещё общалую НЕСПРАВЕДЛИВЫЙ бан. Бан: 1068350. Причина: M Общее 6 - Злоупотребление трипкодом, аватаркой !b. Бан: 1068074. Причина: M Общее 6 - Злоупотребление трипкодом, аватаркой !b. Истекает: Срд Янв 23 22:00:00 2019. Какого хрена мочух банит анонов в Аниме тредах по своему желанию и по пизданутым причинам? Error: Постинг запрещён. Бан: 1068344. Причина: M Общее 6 - Злоупотребление трипкодом, аватаркой !b. Истекает: Втр Янв 22 22:00:00 2019. Только что запостил две вебм в вебм тред b , разной тематики, не связанные друг с другом, посты вообще были без текста и трипкода. После второй вебм улетел в бан, тред видимо после этого тоже потёрли. Какое злоупотребление? Может стоит пересмотреть бан? И дебилов которые их выписывают. Постинг запрещён. Бан: 1068070. Причина: M Общее 6 - Злоупотребление трипкодом, аватаркой !b Вы че, ебанутые? Понабрали даунов из вбыдлятне. Это было не аватарка. Меня анон попросил скинуть вебм, что я и сделал. Никаких аватарок и чатиков . Постинг запрещён. Бан: 1067881. Причина: M Общее 6 - Злоупотребление трипкодом, аватаркой !b. Что за логика у мочи? какая в жопу аватарка? какое злоупотребление пасскодом?! Да, постил я там по одному видео, но это b там и бессмыслицу можно постить, да и никто не жаловался на меня, не писал в треде у бля пошёл на хуй или репортну . Значит если я капчевал капчу с такой же скоростью, то меня не забанили бы? Я деньги вам дал, чтобы эту херню сломанную отменить, а в итоге я получаю пиздюлей только потому, что у меня пасскод предупредил анонов, что они могут получить бан написав что-то в треде. Ошибка постинга: Постинг запрещён. Бан: 1068099. Причина: M Общее 5 - Обсуждение модерации вне d !b. Почему предупреждение посчитал обсуждением модерации? 2ch.hk b res 190040136.html 190040136 Ошибка постинга: Постинг запрещён. Бан: 1068361. Причина: M Общее 5 - Обсуждение модерации вне d !b. Истекает: Втр Янв 22 22:00:00 2019. Обсуждения, КСТАТИ ГОВОРЯ, не было, был скрин, твоего удалённого сообщения. Выпей уже свои таблетки и не заходи на двач. Что за бред какое обсуждение модерации? Я обсуждал аниме-конфоблядей и просто сказал что не застал их. Ошибка постинга: Постинг запрещён. Бан: 1068363. Причина: M Общее 5 - Обсуждение модерации вне d !b. Истекает: Втр Янв 22 22:00:00 Ошибка постинга: Постинг запрещён. Бан: 1069746. Причина: M Общее 6 - Злоупотребление трипкодом, аватаркой !b. Истекает: Птн Янв 25 22:00:00 2019. Ошибка постинга: Постинг запрещён. Бан: 1069608. Причина: Общее 6 - Злоупотребление трипкодом, аватаркой !b. Истекает: Птн Янв 25 22:00:00 2019. Запостил одну шебм, ахуенно Ошибка постинга: Постинг запрещён. Бан: 1068589. Причина: M Общее 6 - Злоупотребление трипкодом, аватаркой !b. Истекает: Птн Янв 25 22:00:00 2019. Ошибка постинга: Постинг запрещён. Бан: 1072740. Причина: Общее 6 - Злоупотребление трипкодом, аватаркой !b. Истекает: Птн Фев 01 22:00:00 2019. За единственное первое же сообщение в треде
",0.0
"интересно, у тебя отсутствует эмпатия к убитым мирным жителям донбасса потому что тебя таким воспитали или ты просто говнюк от рождения?
",0.0
"Ларин клоун, тату на ебле сделал, не шарит в науке и прочем
",1.0
"хохлы такие забавные, если кто-то высказывает мнение, отличное от мнения партии, то он КРЕМЛЕБОТ ИЗ ОЛЬГИНО, ПРОПУТИНСКИЙ СЕПАР etc
",1.0
"Создал тут тхреад в b 192441781 Как оказалось, ЛГБТ пропаганда в б кажется унылой и слишком обильной не только мне. Как насчёт пидорнуть все гее би треды из b в ga? Хуле они тут у себя филиал открыли? Заебали притеснять натуралов. Давайте я поясню. Пидоротреды унылы и неприятны, и их крайне много. Это заебало. Если куклоебов и пониебоы пидорнули, почему пидоров нельзя пидорнуть? Пониебы всех заебали - их пидорнули Куклоебы всех заебали - их пидорнули Пидоротреды заебали меня, я интересуюсь, сколько ещё анонов заебались их видить нонстоп 24 7 на главной. Если нас будет много - можно и пидорнуть, я считаю. Для них есть целый раздел, или 2-3 даже. Но все равно постоянно это лезет на главную в b. ДОКОЛЕ?
",1.0
"Я описал разницу и конкретные причины, по которым твои претензии к ним не относятся. Ты опять соскальзываешь с темы как содомит искупавшийся в оливковом масле. Давай по делу, сисадмин.
",1.0
"А в нашей современности возможна ли более-менее устойчивая и самодостаточная промышленная экономика, ориентированная только на внутренний рынок и основанная только на собственных технологиях? Сомневаюсь. Разве что Иран может быть примером, но и то, при первой же возможности он постарался вернуться на мировой рынок. Северную Корею не считаем, понятно. Напоминаю, Венесуэла отрезана от мировых рынков. Это попросту вранье. Трындец в экономике там идет с 2014 года, при этом Венесуэла до января 2019 (!!!) года преспокойно продавала нефть в США. Только месяц назад ее отрезали от нефтяного рынка США, но никто не мешает Венесуэле продавать нефть в другие страны и покупать товары и технологии в любом месте мира.
",0.0
"Какой долбоеб так обжигает хохлов? Тушку бендеровца надо накрыть сеном и оно должно не гореть, а тлеть. Тогда шкурка киборга нормально пропечется и у сала будет нормальный вкус.
",1.0
"Так ты ещё и антисемит примитивный? Как же всё запущено...
",1.0
"А, не, можешь не мыться. Думаю, твоя подзалупная хтонь, которую экономная тянка непременно соберет в баночку, а потом щедро заправит ею твой борщ, отлично дополнит вкус блюда, придаст ему пикантности, так сказать.
",1.0
"на Хабре твой пост, MR VF ?
",0.0
"Ну там то сказано, что нужно отступить 500 мм от горючих материалов и описан один способ, как уменьшить это расстояние, но он мне не подходит.
",0.0
"Юный? Вы, наверное, совсем читать не умеете, смотрите в монитор, а видите хуету вашего мировозрения. Прежде, чем пиздеть, глянули бы всю ветку коментов и с чего всё началось. Кстати, хуею с двуличности пикабу, я обращался к опоненту на вы он мне с какого-то хуя начал тыкать , я его осадил, причём опять-же, на вы и я ещё и неправ. Вот уж днйствительно, собрание малолетних психопатов.
",1.0
"Правильно разбомбили сербских уродов. Жаль что не истребили их всех
",1.0
"Так это же католики. Католики в Бульбастане это как правило в большинстве отбитые змагары и адепты утопической польши и они против любого действия властей, даже если гражданам будут выдавать каждый месяц по 10к баксов то они будут против
",1.0
"59 год Выходы на орбиту Вы батенька, даун.
",1.0
"Это 60р в час выходит? Чето дорого капец. В Казани в 1999-2000 году, помню, час игры на Сеге стоил 12 рублей, на PS1 - 15 рублей, а за 20 можно было целый час рубиться в компьютер. Джойстики для Сеги тогда стоили 60-70 рублей. И Мегадрайв в 1999 году мне купили, как сейчас помню, за 690 рублей. ХЗ где автор нашел ее аж за полтора косаря.
",0.0
"Так же как бандосов. Есть авторитетный человек которому доверяют оба уголовника, тот их и судит.
",0.0
"Короче, ты либо заряженный либо раб и жить тебе всегда обворованым
",1.0
"Качок дуболом это я так понимаю голубочкин, блогер это евген, а тщедушный бездарь это кто?
",0.0
"Опущ, ты везде багорт видишь?
",1.0
"жители Украины------ украинцы, а не хохлы
",0.0
"Что ни рейтинг, так начинается: Аааа... Ну понятно, опять всё куплено. Опять Россию обижают. Верить ничему нельзя. Откуда это ощущение такой невероятной собственной важности? Почему кто-то реально считает, что всем не насрать конкретно на Россию? Откуда мнение, что все эти Амнести интернейшнл, Блумберг, МБР, Трансперенси интернейшнл и прочие только и думают о том, как бы представить нашу страну в плохом свете? P.S. Вы проверили? У вас есть другие данные? Тогда, вероятно, стоит ими поделиться, чтобы этот ужасный поклёп разбить в пух и прах, вы так не считаете?
",1.0
"Ну так, вообще, пиздеть - это трепаться о чем-либо, а пиздИть - врать.
",0.0
"У тебя видать тоже кость широкая.
",1.0
"Ты троллишь? Если ты такой правильный - плати мне репарации. Точно репарации, а не материнский капитал, ссуду или стипендию? Просто репарация - это по факту штраф за проёбанную войну от одно государства другому. Да и по международному праву, официальный приемник СССР - Российская Федерация. Так что, как переедешь на Аляску, можешь смело писать заявление в международный суд на РФ, чтобы тебе вернули 3 прадедовы коровы. Документы, подтверждающие собственность-то, остались?
",1.0
"Эм, нет, если сравнивать то это не ты на своей кухне гадишь а на твоей кухне гадит либо твой сосед по коммуналке либо вообще незнакомый тебе человек. Бандит никогда своим не будет. Разницы между своим и чужим бандитом, как и между своим и чужим капиталистом, нет.
",0.0
"хорошо тут все ясно а теперь поясни мне за то что он кладет на репорты за шитпостинг и нерелейтед. айробусом дедом, лизон создали тред, карине создали тред, оляше создали тред, так какого хуя этим ебланам треды отдельные не создать? какого хуя ты тут чертила свой рот открываешь, тварь малолетняя, вот из за таких как ты уебанов все и скатилось в гавно, потому что черта этого никто не репортит, а такие говноеды как ты все сливают в парашу
",1.0
"Что она у тебя такая жирная? На шаверму её готовишь?
",0.0
"Я, дурачок, купил. Игра гавно, однообразно как и все последние высеры биотех, упоминание в посте Dragon age - origins, кощунственно.
",0.0
"Двач, почему тян такие тупые? С ними же просто не о чем поговорить... Они не могут поддержать разговор ни о философии, ни об устройстве Российской Империи в начале XX века. Я увлекаюсь поэзией, литературой, языками, читал в оригинале Ницше и Гегеля, но разговор с тянками все равно не клеится... Ни одна девушка не смогла развить тему о немецкой экономике конца XIX века и предпосылках для начала первой мировой войны. Почему они настолько тупее меня, что мне не дают? Я же такой умный, что ходил два года в качалку, но не набрал ни грамма массы - все уходит в гениальный мозг. Где найти ламповую 10 10 няшу с накачанной задницей и упругими сиськами, чтобы обсудить с ней культурно-социальные аспекты Речи Посполитой и влияние католической церкви на внутреннюю экономическую политику оной? Почему они все тупые животные, которые мне не дают? Двач?!
",1.0
"Плюс очевидны: - хорошая, стабильная зарплата Во-первых, з п в пидорахотугриках, а не деньгах. С 2013 года военные стали получать в 2 раза меньше. За риск для жизни и дискомфорт - плата уровня чистильщика сортиров в Алабаме. - соцпакет, льготное жилье Соцпакет вида отдых на пидорахокурортах . С соответственным контингентом (такие же вояки, чинари и бюджетники). Льготное жилье в помоечных человейниках. Свой дом или квартиру в сталинке по военной ипотеке не взять. - ранний выход на пенсию Это единственный плюс. Но, во-первых, уж поверь, государство позаботится, чтобы к 40 годам здоровья у тебя осталось мало. Ну и во-вторых, хорошо быть писарем в штабе, кинологом, паспортистом и т.д., тем, кто не ходит под пули. - уважение от общества, респектос от приличных людей Щас бы волноваться об уважении со стороны пидорах из скотоублюдии, лол. И это только малое количество минусов. О них подробнее: - Удаленные части и гарнизоны. Дохуя в ч за полярным кругом, посреди всяких лесов и в мелких провинциальных городков, где делать нехуй. Пока твои сверстники живут в ДС ДС2, в относительной цивилизации, ты мерзнешь в -30 и покупаешь помидоры по 300 рублей. - Дискомфортные условия службы. Техника спроектирована так, чтобы тебе хотелось побыстрее погибнуть в бою, форма неудобный мешок, хочешь удобства - покупай свои берцы, свои майки-футболки и т.д. Офисные стулья самые дешевые, геморрой и сколиоз придут скоро. Командиры наглухо отбитые, на одного нормального офицера 10 разчеловеченных ублюдков, которые доят на деньги и ресурсы как срочников, так и коллег-офицеров. - Вероятность подохнуть. И ладно бы за правое дело, но по факту подохнешь в очередной Сирии, в качестве ихтамнета-отпускника. Семью кинут на выплаты и прикажут молчать. - Круговая порука. Солдаты и офицеры регулярно отмачивают какую-нибудь хуйню, типа ограблений, пьяных драк, изнасилований. Наказать их можно только если у потерпевшего есть связи выше, чем их крыша. Тебе придется на все это смотреть, и с этими людьми тебе служить. В итоге, через 20 лет выслуги мы получаем туповато-инфантильную пидорашку, неспособную ни на что, кроме охраны Пятерочки школы стоянки, ну или в лучшем случае членства в очередной ОПГ, состоящей из силовиков.
",0.0
"Пойдешь за зарплатой, вазелин захвати, так дружеский совет....
",0.0
"моча сюда не заходит И как привлекать их внимание? Флешмоб организовать что-ли? Если будешь надоедать моче борьбой с поехавшим, то сам будешь не сильно отличаться от поехавшего. Спейсачерам просто пора научиться игнорировать этого идиота и просто бампать другие треды, вместо того чтобы отвечать шизику. Всё равно никто не хочет с ним говорить, но у него реально в голове иллюзия создается, что он какой-то интересный человек, хотя по сути ему на лицо ссут, а он думает что с ним нормально общаются. Я думаю с ним в жизни никто не общается и даже когда ему на лицо ссут, банят, посылают нахуй, он думает что это общение и радуется как ребенок.
",1.0
"Гомофобия - это искусственная конструкция. И если вы к ней как-то относитесь, то вы просто внушаемый. Остерегайтесь цыган.
",0.0
"разыгрывали 4000 рублей ( 2000)
",0.0
"Какую ещё нахуй правоту ? Ты сказал, что правый и за мораль и всё такое, я тебе предъявил мол есть ли у тебя семья жена. Ты начал маняврировать, что то про кукан. Где я слился то, питушок ?
",1.0
"Мерзкий, тупой но сука смешной
",1.0
"Даже в моей 17к (!!!) мухосрани в сибири есть чеченцы и даги. Пару лет назад одного русачка пришили за то что жену чеченца ебал. Пекут по-тихому свою шаурму, обувь ремонтируют, на стройках шабашат Наташ поябывают, в диаспоры объединяются, чтобы рюсню набутыливать.
",1.0
"Эй, слющяй, чо оскорбляешь срязю?
",1.0
"ТысячЬ? Математик он может и хороший но с русским напряг
",1.0
"1) ещё раз повторюсь, самооборона, или пропитание это одно. и обоих вышеперечисленных случаях животное не испытывает страданий, или испытывает их по минимуму. Я не покупаю мясо собаки в магазине. Убийство абсолютно невиновных конкретных животных, продиктованное просто дебильными убеждениями, которые в свою очередь продиктованы просто желанием убивать, Но на людей очка не хватает - это прямое показание к химической кастрации данного индивидуума, а также обезглавливание при повторении подобного эпизода. 2) даже если ты очень хороший борец, и это видно издалека, я я, если бы увидел как ты причиняешь вред животному, Я бы уничтожил тебя. Если я, даже сидя на диване, или гуляю на улице увижу подобную мразь, ей будет так же больно, как животным.
",1.0
"А вы похоже тоже из этих? Не буду, пожалуй, вам ничего писать, вдруг вы заразны.
",1.0
"А расскажите, как вы каталогизируете каналы на ютубе? У меня куча научпопных каналов, технических, музыкальных, новостных. И они все с пермежку идут. Охота их как-то по категориям распихать, чтобы потом искать проще. Может костыли какие есть? Родной интерфейс ютуба группирует только контент, но не источники.
",0.0
"У тебя воображение - так себе
",1.0
"И что, это сделал Почта России? Или все же неадекват в ее рядах?
",0.0
"Почему у тебя все красное? Ты дальтоник? (автор данного комментария не собирался никого оскорблять.)
",0.0
"Ты бы и к собаке пристроился.
",1.0
"Высрался ты конечно знатно. Словесный понос продемонстрировал. Всей лахтой эту пафосную хуитку сочиняли? А по сути то сказать тебе и нечего. Я считаю что пидорахи должны покинуть политач.
",1.0
"Он про марихуану и вообще дуй отсюда, пока твой батя новый аккаунт не спалил.
",1.0
"С каких пор порноскримеры нарушают что-то В том и проблемы, что не нарушают ничего, и нашелся умник, начавший этим злоупотреблять и использовать тред для своего увеселения. Свобода ебать, что хочет то и вставляет. Иди поезд-тред создай, зацени свободу. Я уже не говорю об аниме треде, где трут постоянно и хуй пойми что и за что. Там никакой проблемы с удалением постов нет, а как из вебм треда удалить десяток постов, и въебать банхаммером по голове одному (одному, блядь!) дебилу, так это нет, отказывают клавиатуры, мышки, пропадает интернет и отсыхают руки. Ну не могут эти ебаные мочераторы почистить говно там, где их просят. Сделай вебмки тише и будет тебе Щасте. Серьезно? Я должен дрочить звук каждый раз, потому что какой-то дебил решил перед мамкой похвастаться, как он траллит двощи заброской скримеров? Ты гениален, ответ 10 10 просто. Так может и вайпы не трогать, ну не понравился тред кому-то, или просто захотелось повеселиться. Пусть остальные скрывают посты, куклу настраивают.
",1.0
"Но отбитый тут ты. Ну нафантазировал, ошибся, обострение у меня весеннее, но нахуя ты мне отвечаешь то тогда? Чтобы убедить себя в том, что я не прав? Да, пожалуйста, я не сопротивляюсь, ты прав во все.
",1.0
"Ты что, спишь, я тебе за руль звоню
",0.0
"Глубоко пофигу? Тем не менее ты вывалил историю на всеобщее обозрение. Для чего? Для одобрения какой ты крутой нескандалящий? Или ищешь одобрения в убеждении что вокруг все педорасы?
",1.0
"пойти кромсать неповинных в твоих проблемах людей? Чувак собирался устроить колумбайн в школе, в которой учился. Легко могу представить наличие упырей среди одноклассников, учителей, и руководства школы. Ну то есть неповинных в проблемах в данном случае неприменимо. Как минимум переехать в Москву или Питер. Как максимум - свалить заграницу. Как быстро может себе позволить это выпускник РАНХиГС, и сколько у него времени останется чтобы спокойно наслаждаться жизнью? В то время когда по телевизору - золотые унитазы, катание собачек на бизнес-джетах и прочая сладкая жизнь , в том числе сверстников, которые родились с бриллиантовой ложкой в жопе ?
",0.0
"Если такое мнение тебя утешает - можешь продолжать верить в него, тут нет ничего постыдного. Вмешиваясь в комментирование я лишь предположил, что здесь кто-нибудь хотел узнать фактическое положение вещей, а не просто выразить плюсиками солидарность сходным поверхностным воззрениям.
",0.0
"НУ ВОТ, ЕРОХИН УЖЕ СВАЛИЛ ЗА БУГОР, А ТЫ ВС СИДИШЬ КАК СЫЧ В СВОЕМ ПО И СИСЯНУ ДОНАТИШЬ!!
",1.0
"Духу не хватает им в лицо сказать? Только в интернете оскорблять их готов? Тогда ты трусливое быдло.
",1.0
"Личного фотографа лидера Северной Кореи Ким Чен Ына исключили из партии и уволили с должности, сообщает Daily NK. По данным издания, речь идет о мужчине по фамилии Ри, который работает в Korean Art Film Studio. Отмечается, что фотограф лишился должности за то, что он снимал Ким Чен Ына слишком близко. Ри нарушил правило съемки лидера КНДР в день выборов в Верховное народное собрание КНДР. Напомним, в конце февраля глава Северной Кореи Ким Чен Ын был замечен курящим на перроне вокзала. А в 2015 году Ким Чен Ын сменил прическу и форму бровей.
",0.0
"Я так пишу потому что делаю это с телефона. И ради кого тут собственно редактурой заниматься? Судя по тому что аргументация у тебя скатилась к передергиванию, считаю что твой интеллект в этом споре себя исчерпал, мальчик.
",1.0
"мне поебать на его финансы и кто он. Не пизди, шлюха. Выкладывай своё ебло, мы поржем.
",1.0
"Идите на х... со своей сраной кошкой
",1.0
"Посмотрим, как начнешь визжать, когда начнут безосновательно тереть твои треды.
",1.0
"Я его в жопу ебал, его твич, его подписчиков и его контент для сынов дерьма. Поделом, тупая пизда с раздутым счв теперь навечено в бане. Благо твич сейчас чистит биомусор, спасибо ему
",1.0
"Почему тян поколения Z предпочитают небелых мужчин? Объективных доказательств в пользу твоего утверждения нет, так что это всего лишь твои бредовые маняфантазии на фоне больного разума, и возможно, ненависти к младшему поколению. Не тратьте на этого дурачка время.
",1.0
"Этот сайт - дно Рунета, большинство его посетителей - выродки и отбросы общества. Немногие интеллигенты, ищущие отдушину в анонимном общении также втягиваются в местную маргинальную культуру и быстро деградируют до среднестатистического анонимуса. Так что не ищите здесь уважительного общения без обсценной лексики, его нет.
",1.0
"Это ты мерзкий же, я отрицал пока не стало известно официально об этом.
",1.0
"Ты ее с коклюшем делал или только дифтерия-столбняк? Если с коклюшем, то больше не делай, у многих реакция на него, значит, у тебя тоже. В следующий раз (через 10 лет) делай только дифтерия-столбняк.
",0.0
"Но зачем ты его поднимаешь, пятачок? Ведь всё равно ничего не изменится, как не менялось десять тысяч тредов. Крымотред так и будет висеть в топе пораши, а ты будешь гореть.
",1.0
"Оставь это клиповое говно для детей пролетариев, дурачок. И больше не лезь в чужие разговоры со своими глупостями, метапостный дебс.
",1.0
"скальпы местного населения за деньги не принимали, не резали руки детям за отказ их родителей работать и невыполнение плана, Какой потрясающе удобный подход. А еще не набивали соломой трупы врагов и не насиловали предметы домашнего обихода туземцев. Что не добавили и эти два пункта? Я привел тебе факты многочисленных убийств аборигенов ради захвата их земель или подчинения их народов, а ты ловко выкручиваешься тем, что вырезали-то не всех поголовно, а всего лишь непокорные аулы, концлагери строили не для конкретных народов, а всех подряд, да и резервации не строили - ведь просто выкинуть из поезда в сухую степь Средней Азии полмиллиона насильно депортированных из родных краев вайнахов и сколько-то там других народов было гораздо проще, чем что-то для них еще и строить. Войны были есть и будут Это была экспансия, а не война. Разницу чуешь, или мне снова разжевать? Так что нехер пытаться обелить то, что было. Не сразу заметил, что ты еще и автор этого поста, где жалуешься на мертвое образование и при этом сам с околонулевой осведомленностью в истории пытаешься с кем-то еще спорить.
",1.0
"Хуясе тут ОП жопки школьникам разорвал. Прямо в клочья, лол. Самое потешное, что никто из этих ололо-тгавителей, ИРЛ не сможет затравить даже соседского кота, ибо ссыклив вне интернетов, как последнее чмо. Вот и находят утешение в анонимном петушином кукареканьи. Надо же как то анус охлаждать.
",1.0
"Эта картинка старше тебя, свинюш. Будущее больно отдаленное выходит.
",1.0
"ну хз, значит до меня не дошел весь великий посыл в таком фильме, как груз-200. Значит я быдло тупое
",1.0
"У тебя в домашке мало букв, а мне надо много.
",0.0
"Сука мои глаза кровоточат, про какой там нахуй тубик тебе посты делать, пяздуй за букварем срочно!!!!
",1.0
"Бросила. Во время каждого занятия получала небольшие травмы, в последний раз при выполнении Сурьи Намаскар растянула связки на руке, боль была такая, что в первые секунды на перелом подумала. Теперь дома занимаюсь без напряга со стороны тренера.
",0.0
"Господи, ты же больной человек. Мы уже выяснили, что это нихуя не умеешь в английский, потому что приволок ссылку на статью которая прямо опровергает твои слова, и не смог процитировать выдержки из этой статьи, только потому что НИХУЯ не умеешь в английский. А по поводу эстонского языка, я повторю для присутствующих здесь господ, что если бы я был лахтодыркой, мне не составило бы труда говорить через гуглопереводчик, ведь ты, говно, нихуя не сможешь оценить качество перевода. Утомил ты. Тебе лечиться нужно.
",1.0
"Зашел сказать, что хохлы подзалупный гной, которому скоро придет триумфальный пиздец. у меня все.
",1.0
"ути пути твоя подруга у тебя в штанах видит, но разве мне это тебе говорить? ты и сам это прекрасно знаешь
",1.0
"Хорош лицемерить вражина! Ты сам из того племени, потому и доволен всем! А укольчик подыхающему кролику от чумки за 1500 руб это совершенно нормально!!! При зарплате у пол-страны в 10 тыщ.
",1.0
"Что,ссыкотоно за свой язык отвечать? На моё мыло пиши фуфлыжник...
",1.0
"Модераторы странные зверьки - меня за посыл одного индивида, он меня работать, а я его тоже, только туда где ему привычнее... Забанили... А когда я звал модеров на одного типчика зовущих всех дибилами и с вопросом от куда они берутся, на мой ответ что вот одного точно его мамка родила - забанили меня...
",0.0
"Чуркабес плес, иди трусы на рынке продавай, чмырь
",1.0
"Наша дума от слова пиздить. поэтому её можно называться пиздя
",1.0
"Ты забыл его хохлом обозвать, подсос.
",1.0
"тебе лучше не знать,малыш.
",0.0
"Что-то таких идиотов защищающих всякое непотребство стало слишком много в комментах. Может это те же что и в политике за проплаченные комментарии работают?
",1.0
"добби свободен!!!!!!!!!!!!!!!!!!!! ох спасибо тебе добрая внученька!!!!!!!!!!!!!!!!!
",0.0
"нглийские ученые из Центра исследований свиней SRUC в Мидлотиане используют технологию распознавания лиц для оценки эмоционального состояния свиней, сообщает The Daily Mail. Исследование поддерживается Научно-исследовательским советом по биотехнологиям и биологическим наукам (BBSRC), а также специалистами по точному животноводству. Ученые хотят по выражению морды понимать, всем ли довольна хрюшка и не больна ли она. В дальнейшем на основе этого исследования создадут инструмент, который будет контролировать выражения лиц у свиней и предупреждать фермеров о любых проблемах с их здоровьем. smi2 Горячий чай смертельно опасен Собака ждала хозяев на даче, но они так и не приехали (фото) В российских реках начала ловиться морская рыба Раннее выявление проблем со здоровьем свиней дает фермерам потенциал для улучшения состояния животных, дает возможность быстро решить любые проблемы и применять индивидуальное лечение для отдельных особей , объясняет доктор Эмма Бакстер из SRUC. Как показали предыдущие исследования, у свиней очень выразительные морды. Ими они могут подавать сигнал о своих намерениях другим свиньям. Доказано также, что они используют различные гримасы при боли и стрессе. В своем проекте ученые делают трехмерные и двухмерные изображения популяции размножающихся свиноматок. Группа животных находится в типичных ситуациях, которые могут привести к различным эмоциональным состояниям. Они могут демонстрировать различные гримасы, связанные с болью, а после еды, наоборот, выглядят спокойными и довольными. Полученные изображения обрабатываются в Бристольском центре Университета Западной Англии. Тут создают различные методы машинного обучения для автоматической идентификации всего спектра эмоций, передаваемых определенными выражениями лица. Сосредоточив внимание на морде, мы надеемся создать ориентированную на животных методику оценки общего состояния. Это позволит понять, как краткосрочные эмоциональные реакции, так и долгосрочные индивидуальные настроения животных , рассказала доктор Эмма Бакстер. После проверки методов команда разработает технологию для использования на фермах. Предполагается, что отдельные свиноматки в больших стадах будут постоянно под контролем с помощью этого нового инструмента. Наша работа уже продемонстрировала точность 97 при распознавании выражений у свиней. Технология распознавания лиц дает возможность реализовать недорогие, незаметные и практичные средства для биометрической идентификации отдельных животных на ферме. Нашим следующим шагом будет использование обучаемых алгоритмов для автоматического распознавания выражений, связанных с основными эмоциональными состояниями, такими как счастье или страдание , пояснил профессор Мелвин Смит из Бристольской робототехнической лаборатории. Ранее стало известно, что в Китае местный инженер построил мини-приют для кошек, который оснащен системой распознавания мордочек.
",0.0
"Возможно, ты красивая
",0.0
"Именно, что пишут кешбек 1 , а не 1 рубль со 100 рублей. Дальше, да, в пару предложений расписывают, что кешбек на самом деле не 1 . И это как бы совсем не без допусловий Ну в повышенных кешбеках у них что-то оверпрайснутое всегда типа , у которых этот кешбек не перекрывает оверпрайс относительно rzd.ru. разве что на первую покупку во вкусвилле был полезен кеш, но повышенный кеш на одну покупку в продуктовом - это прям совсем несерьёзно.
",0.0
"Ну я смотрю - давай, облей меня говном.
",1.0
"Ты понимаешь что ты шизоид?
",1.0
"Я не знаю что у тебя. Сходи к врачу, если сомневаешься.
",0.0
"Замуж тебе надо барыня...
",0.0
"Вы, наверное, из Хабаровска!)
",0.0
"И СЕЛ НА БУТЫЛКУ РУСАК ПРОСНУВШИСЬ В ЧЕЧЕНСКОМ ПЛЕНУ ИЗВИНИТСЯ ОН БЫЛ БЫ РАД ДА НЕ ПРОЩАЕТ ГОРЕЦ ЕГО
",1.0
"И ты все такой же даун
",1.0
"именно, ты, сука, просто не понимаешь - в нашей семье кто то все время в разездах
",1.0
"Полно таких дебилов, незнающих тему.
",1.0
"которые не могут собраться больше чем в количестве 3 человек так как очко перед товарищем майором жим-жим? Опять у нас далбоёб с РЯЯЯ ПАЧИМУ ИЩО КРЕМЛЬ ШТУРМАМ НИ ВЗЯЛИ ССЫКУНЫ? нарисовался? Что ты лично, охуевший наш, сделал? Хочется сидеть всем на жопе в интернете спокойно, и чтобы кто-то за тебя всё сделал. У нас тут миллионы силовиков с понятным отношением к национализму, а ты тут кукарекаешь про гыгыканье с мемесов . В Российской Империи некоторые меньшинства тупо учили свой родной язык десятилетиями под светом фонаря ночью, потому что выступление было бы самоубийственно и отозвалось бы только смертями лучших людей и ссылками в Сибирь, как было 2 раза с польскими восстаниями. Люди просто ждали своего часа ГОДАМИ, укрепляя базу и готовясь. Жирдяй сделал полезное дело- замутил первый удобоваримый для интеллигентов (а не только для бритоголового пролетариата с германофилией) русский национализм, ставший по-настоящему популярным и обсуждаемым у молодежи. Теперь вот ещё и школота подтягивается через мемы. И ты хочешь всех этих людей швырнуть майору на кукан? Такую хуйню только провокатор может высирать, ящитаю. В нынешних условиях нужно заниматься популяризацией идей, что успешно и происходит. Всё остальное равносильно самоубийственной атаке кучки маняпартизан на государство, которое закончится только гибелью самих партизан или пожизненными сроками для них.
",1.0
"пздц ты крохобор, стоило так позориться? Учитывая что ты покупаешь пуховики в снежной королеве, а не на рынке!
",1.0
"Делай людям добро - и тебе всегда будет больно и стыдно. Унижай, бей, обманывай - и будешь уважаемым человеком, тебе будут кланяться и звать по имени-отчеству. Что тебе больше нравится - выбирай сам. Выбрал боль и стыд - спасибо, дорогой. Мне меньше достанется.
",0.0
"Ты кнеш остроумный, для такого остроумия нужен острый ум. Давай-ка им воспользуемся, раз уж он у тебя есть. Информация о твоей работе отправляется в пенсионный фонд и в налоговую, по которым легко определить сколько лет ты проработал, а трудовая книжка это рудимент ОП! Мы молодцы, мы это сделали, браво!
",0.0
"У вас проблема с тем, что вы говорите бог, а подразумеваете христианство. Говорите атеист, а подразумеваете не христианин. Потому что не представляете, что иначе бывает. Никаких проблем. Я и с мусульманами спорил. И со всякими йогоистами ) Но разница между религиями - настолько незначительна, что даже разбираться ни в чём особо не надо. Вот вы когда последний раз миссионера-еврея видели? Так я и христианина-миссионера не видел. Большинство религий, а уж тем более личных культов и суеверий не включают в себя галочку ты должен обратить неверных . Включают. Пускай и не столь явную. Вон, кришнаиты к себе народ изо всех сил завлекают. Ещё раз, вы катите бочку исключительно на одну определённую церковь и на одно определённое течение, да и то, разбираясь в нём как Мойша в Битлз и подчерпнув знания не иначе как из низкопробных агитплакатов. Это - в чистом виде слепая, ничем не подкреплённая вера, о чём вам и толкуют. Хоть и без примеси мистического чувства, да. Я родился в стране, где превалирует православие - на него, соответственно, бочку и качу. Просто потому, что оно ближе, и большинство моих оппонентов веруют в христа. Но если попадётся индуист, иудей, католик или синтоист - без проблем буду катить бочку и на них. Мусульмане уже попадались - катил. Так что не выдумывайте ерунды. Все религии одинаковы.
",0.0
"22 и 407 рассчитаны на разную мощность компрессора: 407 требует 42 бар, а 22-му достаточно 26. Так же, скорее всего и с фреонами для холодильника.
",0.0
"Еще у нас выявляют трещины с помощью белой краски и магнитной краски, потом прислоняют большой магнит и трещины проявляются. Не знаю как этот метод называется, у нас швы труб до 300мм им проверяют
",0.0
"Шизики, вот вам ещё для подогрева пердаков.
",1.0
"тебе таблетки тоже не помогают?
",1.0
"Просто сложно представить себе производство на котором обычные работяги приходят на час позже и уходят на столько же раньше, без потерь для предприятия. За это собственно у работяги обычно и почасовая оплата, офисники же все в основном на окладе.
",0.0
"Не парься, я когда аналогичный пост про кресло запилил, целый час писал, мне сказали збс реклама и пост набрал около 10 плюсов. Но там был не сраный ремешок, а почти целое кресло за 20 тысяч, и три доставки. Так что если ты, как и я, хотел выразить благодарность выведя пост в горячее - у тебя получилось. А то название напишешь, так сразу какой-то умалишенный модера позовет. Не напишешь - скажут ребусы. Забей на них )
",1.0
"Тамбовская духовка тебе кулички!
",1.0
"Какой гейт отъехал? Текст автора внимательно читаем и не тупим
",0.0
"Нахуй этого неадеквата.
",1.0
"Тупые хуесосы с двача продолжают детонировать от упоминаний о совке в последнем обзоре. Найс. Хуесосы видят то, то что хотят видеть хотя политическая составляющая в последнем обзоре была упомянута вскользь В то время когда Евген упрекает создателей в откровенно хуёвом дубляже, откровенно хуёвой актёрской игре, в откровенно хуёвом повествовании и криво написанном сценарии ну про первоисточник я и говорить ничего не хочу, если хотите посмотреть хорошую российскую экранизацию, то посмотрите Поколение П от Гинзбурга, который был без поддержки фонда кино и прочтите Пелевина и сразу всё поймёте, как это уровень, до которого Черновику, как до Китая раком В обзоре Бэд уже плюёт и на расхождение сюжета фильма с книгой и начинает кидать совершенно обоснованные предъявы создателям не смотря на первоисточник. Тут блять и обсуждать нечего и доказывать анонам ничего не надо, нормальный двачер поймёт, что хотел бэд в обзоре донести, а тупой хуесос увидит как всегда грязноштанника пидорашку совочек либераху ил кого там ещё, что обычно существует в его манямире. Обзор действительно годный относительно прошлого что в плане сюжета, что в плане декораций, эффектов и съёмок - Женя продолжает расти. Зы. Лично я проиграл как минимум раза 4 за весь обзор, годные моменты есть.
",1.0
"Нет, пожалуй, отвечу развернутее. Представь, что тебя ограбили. Ты идешь в частную полицию, выкладываешь бабки на стол, говоришь о случившемся. Полицаи по мере своих сил расследуют инцидент. Они дают тебе список потенциальных преступников, вероятнее всего, из одного человека. Ты приходишь к человеку, говоришь, так и так, чувак, я тебя подозреваю, хочу судиться. Если он тоже хочет судиться, то он идет с тобой в выбранный вами обоими суд. Если не хочет, то ты обращаешься в суд со своей доказательной базой, он приходит к человеку и обращается с подобной фразой: вы, гражданин такой-то такой-то, обвиняетесь по тому-то тому-то. Пройдите с нами в зал суда для разбирательств, или мы, согласно статье такой-то такой-то действующего законодательства имеем право вас наказать. Если человек соглашается, то вы судитесь. Если он виновен, то ему назначается наказание и он оплачивает издержки суда, если нет, то ты оплачиваешь издержки суда и идешь искать преступника дальше силами частной полиции. Звучит пиздец как плохо, да? Ну так вот, РЫНОЧЕК ПОРЕШАЕТ так, чтобы все работало куда эффективнее. Вместо хождения по частным полицейским бюро ты, скорее всего, возьмешь у одного или нескольких из них страховку на случай примененных в твою сторону правонарушений. Для них профит в том, что они будут стабильно получать от тебя бабки, для тебя - в том, что ты можешь спать спокойно. Сами частные полицаи уже заключают контракты с судами, чтобы избежать анальной ебли с твоим хождением туда-сюда, взамен они сами ходят по предполагаемым преступникам и предлагают им пройти судиться. На самом рынке останутся наиболее эффективные суды и полицаи, потому что неэффективным никто не захочет заносить бабки. Остается вопрос: в чем тебе профит ходить в суд, если ты в жизни и мухи не обидел, кроме избежания наказания, которого ты и не заслуживаешь? И даже это порешает рыночек, потому что, очевидно, суды, которые компенсируют или даже поощряют тебя за то, чтобы ты к ним ходил, даже если ты невиновен, будут выглядеть более привлекательно. Надеюсь, на вопрос я ответил. К слову, продажные суды не будут популярны как раз из-за своей продажности, потому что выгоду от этого получает только искодатель, и то только тогда, когда дает иск ни за что. А государство из судов не вырастет как раз потому, что сами суды не будут обладать оружием, им будут обладать полицаи. Ну и конкуренция, опять же. Апелляции подавать в высшие суды, которые будут работать по тем же принципам.
",0.0
"Быдлу вообще запрещено рассуждать, оно должно отработать на боярина и здохнуть чуток не дожив до пенсии. Все эти наркотики шмаркотики, даллары игрушка дьявола, только Бояре богом поставленные чиновники могут с этим совладать, да детишки ихы едут в эти ваши калифорнии и фхранции с галандиями чтобы свет руссского мира нести, неразумным пидарасам.
",1.0
"внучатый племянник ты это когда твоего прямого дедушки брат, вот ему ты внучатый племянник.
",0.0
"Антисоветских достаточно. И вы так говорите, как будто это что-то плохое. Слава богу, ваш проклятый совок закончился. Сейчас ваш хозяин ворошит эту тему вашими руками, но второй совок ему не построить. И либеральных тоже. Да, я либерал, по-вашему - либераст (как будто ваши инвективные искажения слов исказят их смысл, надейтесь дальше). Я рожден свободным. Кто-то выбирает лизание сапог хозяину, это их право, тоже вариант свободы. Что же касается русофобии - это просто ваша манипуляция. Безграничная любовь к начальству, поклонение жестоким демиургам туманного прошлого, боязнь свободы и привычка к стойлу и узде - это не обязательные черты русского характера, и если они кому-то не присущи - не обязательно это русофоб.
",1.0
"РУСНЯ СЪЕБАЛИ С ТРЕДА, ЭТО ВАС НЕ КАСАЕТСЯ ALGA QAZAQSTAN!
",1.0
"Эти облака - розовая вата. Федот
",0.0
"Вот и я удивился. А Ваши посты всегда радуют глаз, как можно пропустить...
",0.0
"Наш мозг может распознавать слова с перемешанным набором букв По рзеузльаттам илссоевадний одонго анлигсйокго унвиертисета, не иеемт занчнеия, в каокм проякде рсапжоолены бкувы в солве. Галовне, чотбы преавя и пслонедяя бквуы блыи на мсете. осатьлыне бкувы мгоут селдовтаь в плоонм бсепордяке, все-рвано ткест чтаитсея без побрелм. Пичрионй эгото ялвятеся то, что мы не чиаетм кдаужю бкуву по отдльенотси, а все солво цлиеком. Но читать такое не всегда комфортно, в особенности когда не правильно пишут имена, пытаясь видимо блеснуть интеллектом или показать свое отношение к персоне. Хз, пусть даже человек этим письмом спасет мир, но если там будет что-то типа Петорпы Рошенка, Уткин Хуйло и т.д. , то это однозначно быдло и дизлайк.
",1.0
"Ну ты красава, чесслово... Чо так возбудился то, в штыковую ходил? Ну не служил, чичас таких полно, это не диагноз...
",0.0
"Посоны доставьте вебмку KAKIEI GHEI HOOUULYY GEGENIRATY она тут просто необходима. Этим нерабам пять лет назад срали про рашку-порашку, вроде как раз перед выборами ебнулись своими пятаками об дно, и понятно, что не рашка виновата, что у власти сидят свиньи, что страну разворовывают больше те, кто орет про зраду. Но ЧУ! появился новый кандидат, который победит на выборах, и что же он говорит? ТО ЖЕ САМОЕ ЧТО И ЕГО ТЕКУЩИЙ ХОЗЯИН 5 ЛЕТ НАЗАД
",1.0
"А от вони, крыс и тараканов тебя не трясет? А то что оставляют пакеты, так это соседи свиньи ебаные. Завари им дверь, пусть дома сидят, умирают.
",1.0
"хотят завезти Епта, они и так приезжают. И даже больше. Ну, даст им вова паспорт в упрощенном порядке - что для тебя изменится? Ты что, у чурок паспорт спрашиваешь?
",1.0
"Заебись. Тебе в любой теме пиздануть такое надо?
",1.0
"Знаешь почему тебе 76? Потому, что мудаки и на том свете никому не нужны.
",1.0
"Скажи, ты в развитии отстаешь или что? Скорее всего да, где блядь речь о запретах? Делай ты нахуй что хочешь, не надо фантазировать насчёт функционала, не менялся он и не меняется и речь об инстаграме где именно хештег коверкают как могут. В игнор, желания твои убогие фантазии читать больше нет. Напиши в поддержку ник смени, не позорь игру.
",1.0
"32192293 Жизнь на Украине - это бессрочное всеобщее соревнование по терпению и поеданию говна. Ввели новые законы, повысили тарифы в тысячу раз, разрушили всю промышленность, сделали самой нищей страной европы, проебали три региона, а ты ещё держишься-терпишь, ведь ты патриот, у тебя есть гимн, флаг, вышиванка, и от этого ощущаешь гордость. Гордость за то что выдержал, не сломался, пережил зиму, вот Тарас не смог терпеть, эмигрировал - значит сломался, да и вообще он сепар и маскаль, а я всё ещё держусь, да холодно, да не мылся неделю, но я патриот, так как я сильнее. Микола оказался здоровьем слаб - размазня, так ему и надо, он и на майдане как то вяло скакал, а я терплю, я патриот. Человек может приспособиться ко всему, те кто не выдерживает - просто слабые духом, они не патриоты, они проиграли.
",1.0
"вне зависимости от того, что ты высрешь, это не поменяет того факта, что какой-то петух из белгородской деревни зашибает в месяц в два, а то и три раза больше, чем твой алкаш-отец и шлюха-мать, а ты и дальше будешь сидеть и нахуй никому не нужный сосать хуй, а ему присылать донаты, омегалул
",1.0
"Ну так давай паспорт, пруфы или уебывай нахуй демагог хуев.
",1.0
"стрелять в орущее быдло
",1.0
"В Сирии развязали войну? Шта? Ты в курсе когда там начался конфликт? На Украине? То есть по твоему пришли русские и давай бомбить мирное население Донецка? В ЦАР? В ЦАР то блять КАК вообще мы могли там что то начать. Там вечные гражданские войны. Что в голове у тебя, юноша? Кто туда жиденько насрал?
",1.0
"Вы вот смеетесь, а что будет, когда у нас эти смешные хохлы закончатся?
",1.0
"почему ты простое хамло называешь художником?
",1.0
"Это ты на воле такой дерзкий. На тюрьме ты либо с Ворами либо с мусарами.
",1.0
"Как раз потому и удалили потому что это полное позорище.
",1.0
"Надеюсь кобре вырвали зубы. Иначе родители дебилы!
",0.0
"В общем земля тебе пухом братишка, печально что люди с таким хуёвым воспитанием населяют эту планету. быдловатый, сапожный словарный запас. Ну это и ясно, по тебе видно что ты вчера из пещеры вылез, не в обиду, но это выглядит так. Надеюсь что ты прсто троль, иначе просто не представляю как это возможно. Нас негры снежками называют и чё? ты хотя бы раз в жизни черного видел ? Или по репортажам знаком с ними ? Если у индусов зелёный цвет кожи такими я их вижу, я же не называю их помощниками несмотря на то, что вся страна огромная, грязная, вонючая свалка и им бы вполне подошло. У тебя видимо проблемы с глазами. Я никогда не видел зеленых индусов. Нигеры реально на солнышке подпеклись, но если из духовки достанешь, а сверху чёрное значит подгорело от того и обгорелые. Просто фейспалм, советую не курить спайс. Про косых и говорить нечего там на лице всё написано. Косого ты в зеркале увидишь )
",1.0
"Почему ты отвечаешь мне? У тебя что пердак нибамбит что ли?
",1.0
"Что, девочка, боишься больше модераторов звать? Исчерпал свой лимит?
",1.0
"А у тебя писечка поперек, или это только от мамы передаться может?
",1.0
"конечно из секты! Ведь в россии все прет - рубль растет, цены на товары снижаются, качество медицины улучшается, ну и т.д. А этот дурак, понимаешь, говорит, что в россии все плохо - ну сумасшедший, точно свидетель какой-то секты
",1.0
"Погуглил: В начале 90-х развитие жестких дисков ускорилось в результате бума на ПК. IBM первую гигабайтную модель HDD вывел на рынок уже в 1991 году. Это была модель 0663 Corsair 3,5-дюймовая конструкция с 8 дисками. Год спустя компания Seagate представила диск емкостью 2,1 ГБ с дисками, вращающимися со скоростью 7200 оборотов в минуту.
",0.0
"У вас в слове странные буква т лишняя)
",0.0
"Хахаха. Автор пукнул мозгом... Продолжительные аплодисменты...
",1.0
"А ты во всех постах будешь спамить этой гифкой?
",0.0
"как же любят чуркобесы свои автопортреты всюду лепить...
",1.0
"У хомо овцеебус вообще мозги иначе устроены, чем у нормальных людей. Объяснять что-либо им бесполезно.
",1.0
"Для вашего же душевного покоя. Чтоб соцыки не мучили.
",0.0
"Ты кому рассказываешь, теоретик? Я лично бил в ебычи людям, которых искренне боялся. Ты просто решаешь что позор хуже пиздюлей и твердо намерен запиздить оппонента, грызть зубами.
",1.0
"Из обсуждения в интернете чей Крым, ничего не решится, просто очередной диванный срач, зачем это? Тут я захожу про бабулек мошеников в банке в сговоре с сотовыми операторами читать, а вы блять со своей политикой, мне пох чей Крым! Это только Крымчан волнует, мне от того что Крым Украинский или России не жарко и не холодно.
",0.0
"Интересно, в чем это я на тебя похож?! И да, не обольщайся, ты мне не бро)
",1.0
"Пиздец у тебя чувство юмора, конечно...
",1.0
"как проверить? где Вы возьмёте генетический материал? пошлёте детектива соску воровать?
",1.0
"Депутат? Перелогинься!
",0.0
"Я атеист и армянин. Просто рот твой ебал Лучше пусть чурки будут жидов резать, чем жиды вешать лапшу на уши
",1.0
"Конечно, вы же собак ебете, блядь.
",1.0
"Ты, бля, не мороси, служил, али как?
",1.0
"Потому что приятно внимание, а не сам подарок. Поэтому когда баба: 1) ничего не дарит - значит забыла, бездушная тварь; 2) дарит интересный подарок - забыла, что я просил этого не делать, безразличная тварь; 3) дарит клише - забыла, что я вообще не бреюсь, плевать на меня хотела, тварь.
",1.0
"в писанине указано, что Ссаколов реально не упоминал, и никто не упоминал о невлиянии блокады и о намерении Алекса с 1801 г. разъебать Боню И ни слова о статьсях в журнале Наполеон . А ведь могли бы упомянуть, что и там ничего нет (если там действительно ничего не было). и показано даже, что Ссаколов считал иначе Если ты об Армии Наполеона , и упоре на Испанскую войну , то если посмотреть текст полностью, то там речь идёт о причинах участия в Наполеоновских войнах вообще, а не только о событиях после начала войны в Испании. У нас нет возможности анализировать здесь весь сложный спектр русско-французских отношений в 1809-1812 гг., однако необходимо отметить, что именно война в Испании, сделавшая окончательно непримиримым британский кабинет и спровоцировавшая войну 1809 г., во многом повлияла на позицию Александра I по отношению к Наполеону. Известно, что царь испытывал неприязнь к коронованному солдату, славе которого завидовал черной завистью. Война отца Александра, Императора Павла I, против Франции Директории еще полностью вписывалась в линию войн монархических государств против революционной заразы. Более того, Император-рыцарь выступал как самый искренний и последовательный проводник этой линии. Поняв, что английским и австрийским кабинетами руководят больше корыстные соображения, чем стремление спасти монархические принципы, Павел вышел из игры, не позволив проливать более кровь русских солдат за чуждые стране интересы. Напротив, Александр сражался во имя очень странных принципов, далеких от интересов русского народа и даже русской монархии. Нам кажется, никто не смог так точно сформулировать мотивы его поведения, как выдающийся русский историк Николай Иванович Ульянов: В исторической литературе давно отмечен фанатизм этой загадочной ненависти и существует немало попыток ее объяснения. Самое неудачное то, которое исходит из экономических и политических интересов России. У России не было реальных поводов для участия в наполеоновских войнах . Европейская драка ее не касалась, а у Наполеона не было причин завоевывать Россию. Веди себя спокойно, занимайся собственными делами, никто бы ее пальцем не тронул. Не более убедительна и другая точка зрения, объясняющая войны России с Директорией и бонапартистской Францией реакционными склонностями русских царей. Только война Павла I могла бы подойти под такое толкование, да и то с трудом. Александр же меньше всех походил на борца с революционной заразой, он еще до вступления на престол поражал иностранцев негодующими речами против деспотизма и преклонением перед идеями свободы, закона и справедливости. Конечно, цена его либерализму известна, и вряд ли приходится возражать тем историкам, которые считали его маской, но такая маска годится для чего угодно, только не для борьбы с революцией. Гораздо вернее, что у него не было никаких принципов и убеждений . Роковая война в далекой Испании, где погибал цвет наполеоновской армии, дала надежду Александру взять реванш за Аустерлицкий разгром, поражение под Фридландом и Тильзитский мир. Поэтому без контраргументов со стороны Ссаколова Юписанина все же выглядит откровенно слабой. И теперь понятно, почему суд не принял её к сведению и вряд ли примет в ходе апелляционного процесса так что Ссаколова посодют. Свежо предание... Да, потом ещё нашли текст полностью и оказалось, что Чудинов хвалит Подмазо за то, что тот опроверг все измышления Ебжена.
",1.0
"Не все муслимы террористы, но все террористы - муслимы (до недавнего времени)
",0.0
"Всегда считал пьющих биомусором
",1.0
"В очередной раз убеждаюсь, что двачеры редкостные говноеды и хуесосы. Ладно там гоблин скурвился, ватанскую дичь уже давно несёт, но блять евген один из немногих блоггеров за которым нет явных грешков и провалов. Но блять сосачерам неприятна что он за совок топит, вот в чём причина , бугурта здесь многих. ПРОКЛЯТЫЙ САВВОК АРРЯ ГРЯЗНОШТАННИКИ ПИДАРАСЫ АРРЯ. Какой же дегенерат стандартный двачер, ты даже не человек блять, ебаный биомусор, неспособный понять обзорчик с ютуба. Способен только бомбить с абсолютно непонятных вещей, который видишь только ты, будь то злые коммуняки или пидарахи. Весь тред скатили не в обсуждение его лучших работ и скандалов, в том что евген блять КОММУНЯКА уххх печёт. Действительно, придерживался бы современных взглядов креативной молодёжи и был бы популярен как светов или сисян. но стоит отдать должое, у сисяна тоже ролики годные Видимо евген действительно знает что делает, раз его деятельность так подрывает дегенератов с нулевой. Охуенно
",1.0
"Типичный новиопский даун. А хохол без вышиванки для тебя не хохол, а узбек без тюбетейки не узбек?
",1.0
"Конечно в стиле Ванги.... 1. Вы не любите себя и ваши предложения дружбы воспринимаются как просьбы подружить с вами. 2. Унылое ебало, воспринимается как болезнь на подсознании. Типа беги от больного... 3. Все стремятся дружить с людьми знакомством с которыми можно похвастаться, я не говорю про тру друзей, а вот в приятелях все стремятся выбрать интересных людей. рецепт: одеваешься максимально красиво и идёшь на мероприятие которое постоянно откладывала. И самое главное, получаешь удовольствие от новых впечатлений с ощущением, мне похуй на ваше отношение. Люди подтянуться, всегда подтягиваются, когда они вам не нужны. p.s. а за дружбу я хз, это как любовь, либо везёт либо нет
",0.0
"В любом тоталитарном государстве, основой является удержание власти лидером государства в течение максимального срока, в начале прикрываясь законодательством, затем меняя его под предлогом чаяния народных масс. Впоследствии деформированное законодательство вместе с раскрученным маховиком надуманных статей начинает крушить всех, порой и своих же создателей. Маниакальное стремление оставаться у власти и панический страх созревания заговора среди недовольных соратников побуждало Сталина убирать всех мало-мальски авторитетных и думающих людей во власти, как потенциальных конкурентов. Рядом оставались только лизоблюды, вилявшие задницей и угодливо заглядывающие в глаза вождю, даже когда сажали и убивали членов их семей. Таких примеров тысячи, а созданный комбайн репрессий косил всех без разбора, кто то из соратников вождя успел убежать из страны, иные остались, веря в то что их авторитет и заслуги перед родиной защитят от кары, но просчитались и те и другие. Мой прадед, священник мелкой церкви после закрытия её коммунистами, ходил по домам по просьбе верующих, крестил причащал и тд. Его арестовали по 58 статье: агитация против советской власти и расстреляли через 4 дня. Семья долгие годы надеялась, что он сидит в тюрьме, как им лгали в НКВД. Какую реальную опасность представлял он для советской власти в 37 году? Понятно, что человека убили просто для отчета, дабы отрапортовать в верхах, что работа по выявлению врагов ведется успешно и враги есть. Впоследствии система отомстила и усатому , когда он пролежал в луже мочи без помощи несколько часов, а его соратники по партии то ли из страха, то ли по другим причинам не интересовались его долгим отсутствием. Так же закончил и Хрущов, вначале плясавший гопака на пьянках по прихоти Сталина, потом решив расквитаться за все унижения докладом на ХХ съезде. Верхушка, побоявшись возникновения нового диктатора по-тихому убрала его, пока он не набрал авторитета. Извиняться за репрессии конечно ни перед кем не стали, сказали, что просто ошибка вышла, с кем не бывает! На Партию не обижаются!(популярная фраза в то время). В демократических государствах облажавшемуся правительству дают под сраку, иногда даже судят и наказывают. В странах с диктатурой, запуганный народ приходит с флагами и хоругвями на площади и славит существующую власть, потом на кухнях по-традиции пьют водку и жалуются друг-другу. Тех, кто пытается открыть рот, называют пидорасами и публично высмеивают, если они продолжают выёбываться, то существует множество законных способов успокоить поциента, надолго закрыв его по статье. Статей много и судьи понятливые.
",0.0
"ррряяяяя! Пшла нахуй в свой петушиный загон, вахтёропидарашка.
",1.0
"Туберкулез убивает - Спасибо поржал. Туберкулез у скольки? у одного-двух процентов. А у скольки присутствующих Прокрастинация??? - но она же никого не убивает, я вот сейчас коммент допишу, и с завтрашнего дня начну..... Одноклеточные умнее нас.
",1.0
"почему ваши посты так яро заминусованы?
",0.0
"Под видео есть ссылка на статью, почитайте. Так как дружу с семьей, где 6 детей на домашнем обучении, не верю, что всё дело в школе. Также в статье приведены факты относительно края, где все происходит, может быть совпадение, может быть притянуто за уши. НО факт есть факт.
",0.0
"В маках есть кнопки. Только агрессивному быдлу обычно плевать на них, пока его мордой в пол не уложат.
",1.0
"Как у сраных ватников жопы горят, любо смотреть)
",1.0
"Помню его пожалуй с 50 к подписоты, вроде как то так. Снимал простенько, без вебки, т.е ебалом не светил т было уже норм. Играл в простенькие игры, по типу майна. Самое последнее адекватное видео - было поздравительное на 300к подрисчиков, чем-то интересным чтоль веялом, тогда на тытубе не было подобных форматов аля скетчи-влоги, уже не вспомню ну, а дальше пошел полнейший тренд ец, светило ебалом, какие то скетчи со смехуечками естестна не смешными для дерградантов , кривляние. Вообщем, тащемта полная херня, а как увидел что на n-миллионов подрисчиков он устроил какой-то скучный стрим, то нахер отписался и дизу поставил.
",1.0
"vladtime Сука, что у тебя в голове?
",1.0
"Осторожней на сверхманёврах. В предыдущей методичке у вас было написано, что добрые арабы никогда ни с кем не воевали, только торговали пряностями, лел. Шапочку из фольги сними
",1.0
"Хуй пойми за что тебя минусуют. Я ищу вот такую девушку - Да как ты посмел нам указывать, ко-ко-ко, это мои интересы . Что-то странная хуета: высказываешь свою позицию, оказывается ты угнетаешь девушек и вообще должен заткнуться и засунуть своё мнение в задницу.
",0.0
"Вот Франция сотни десятки тысяч людей митингуют, большие потери при пресечении, а результат? Нулевой пока что. Охренненно: 7 января 2019 года на Радио классик Люк Ферри, бывший министр по делам молодежи и образования, философ, призвал стрелять по желтым жилетам и задействовать армию. Фрас суар 9.01.2019 Реакция властей: 12 февраля 2019 года премьер-министр Филипп, отвечая на вопросы депутатов Национального собрания, сообщил, что за всё время протестов с ноября 2018 года осуждены за различные правонарушения в ходе выступлений 1796 участников движения, 1422 ожидают приговора. Выданы ордера на арест (mandat de d p t) 316 человек, против более 1300 человек применена немедленная доставка в суд (comparution imm diate). 13 человек привлечены к расследованию (mise en examen) за вандальные действия в отношении Триумфальной арки 1 декабря 2018 года, ещё пятеро за поджог в тот же день полицейской префектуры в Ле-Пюи-ан-Веле. 11 февраля суд Безье приговорил одного человека к году тюремного заключения за создание препятствий движению, хищение турникетов и порчу оборудования на контрольном пункте платной автострады А9 в период между 2 и 4 февраля 2019 года 35 . 13 февраля 2019 года бывший боксёр Кристоф Деттингер приговорён исправительным судом Парижа к одному году ограничения свободы за нападение на двоих жандармов на мосту Леопольда Седара Сенгора в ходе акции жёлтых жилетов 5 января 36 . 15 февраля 2019 года один из харизматичных лидеров движения, водитель грузовика Эрик Друэ, приговорён исправительным судом Парижа к одному месяцу тюремного заключения условно и 500 евро штрафа за организацию манифестаций без предварительного уведомления (organisation de manifestations sans d claration pr alable) 37 . Короче у нас бы наверное меньше осудили, чем у них )
",0.0
"Обиделся? Не плачь, я же любя и по-дружески.
",0.0
"Ты блять кто? И почему решил, что мне нужно твое мнение?
",1.0
"УВАЖАЕМЫЕ ПОДСЛЕДСТВЕННЫЕ, ПОЖАЛУЙСТА, ВЕДИТЕ СЕБЯ КУЛЬТУРНО НА ПЫТКАХ! ПРОСИМ ВАС НЕ ОРАТЬ СЛИШКОМ ГРОМКО, ПОБЕРЕГИТЕ СВОИ ГОЛОСОВЫЕ СВЯЗКИ ВЕДИТЕ СЕБЯ ДОСТОЙНО И МУЖЕСТВЕННО, БЕРИТЕ ПРИМЕР СО СВЯТЫХ СТРАСТОТЕРПЦЕВ БОРИСА И ГЛЕБА НЕПРОИЗВОЛЬНАЯ ДЕФЕКАЦИЯ И МОЧЕИСПУСКАНИЕ З А П Р Е Щ А Е Т С Я, ШТРАФ - УБОРКА ЯЗЫКОМ НЕ СТЕСНЯЙТЕСЬ ПОДПИСЫВАТЬ ВСЕ, ЧТО ВАМ ПРЕДЛОЖАТ, ПОМНИТЕ, ЧТО ВЫ ТОЛЬКО ОТТЯГИВАЕТЕ НЕИЗБЕЖНОЕ, НАШИ ПАЛАЧИ ПРИЗНАНЫ ДИПЛОМИРОВАННЫМИ СПЕЦИАЛИСТАМИ ВО ВСЕМ МИРЕ! С УВАЖЕНИЕМ, АДМИНИСТРАЦИЯ.
",1.0
"Ты пиздабол, Стас не работал никогда ни с каким диктором. Это на 100 проц другой человек, ебаклак
",1.0
"Это чтобы тебе легче было
",0.0
"Мелкий начитался Мой додыр едим в лифте заходят два негра. Он их внимательно осмотрел и как одному смотря в глаза погнал: Ах ты грязный не умытый Значит хуёво сына растишь, раз он не знает что есть черные люди. Я с самого дества знал что есть черные, белые, и прочие люди. Я не какой то там толераст, или прочее(Хотя в толерантности нет ничего плохого). Просто это ты ярко выраженный нацик, что аж тошно становится.
",1.0
"Ну у вас там один хер нет никакой экологии, какая назуй разница будем посмотреть Ты еврей чтоли?
",1.0
"А ты часто выступаель перед людьми? Толкаешь речь? Я помню на сцене чуть не обделался, я там забыл все на свете) слава богу мне не надо было ничего говорить, там бы Кличко по сравнению со мной казался бы богом( кто то не парится, кто то волнуется, но со временем может взять себя в руки и привыкнуть, а у кого то общение на публике каждый раз вызывает панику и отбивает мозги
",0.0
"Он штатный провокатор от гебни. Бывших не бывает.
",1.0
"узкоглазые муслимы-якуты Вся суть лахтодырого пидоранделя. Нихуя не знает ни в чем не шарит, но кукаркает.
",1.0
"Чувак, перечитай ещё раз свой комментарий) ты признался в корыстном интересе своем.
",0.0
"Дрозд-рябинник поедающий боярышник: забыл лицо своего отца.
",0.0
"Едет блондинка на такой хорошем автомобиле и останавливает ее гаишник. Она без разговора протягивает ему 100 баксов. Он их естественно берет и спрашивает: - Слышь красавица откуда у тебя такие деньги и такая машина. Ты кем работаешь? - А я минетчица. - А-а хуй сосешь? - Ну почему? У тебя есть такая машина? - Нет. - А такие деньги? - Нет. - Так это ты хуй сосешь а я- минетчица!!!
",0.0
"Тебя возбуждает, когда жена переодевается в медсестру? Клизмует?
",0.0
"Типичный залупинец и фонат даунбасса. Отвратительное зрелище. Где тут те дети - борцуны с хохлами? Полюбуйтесь.
",1.0
"Кинь ссылку на свой пост, пожалуйста Это видимо было в треде в по о Гуру, потому что я недавно совсем кидал скрины постов. Он потонул. То, что Понасю микрофон в рот Кураев всадил, она тоже не опровергла? Это и сам Гуру говорил. Он всадил, а потом за дверь и подпёр ее с той стороны.
",0.0
"Да да, именно так, ты дартаньян, остальные-гавно
",1.0
"самый сброд червей-пидоров Не, ну если это черви-пидоры, то перечисленные тобой далее люди - это черви-пидоры в гуголплексе стаса какай просто Автор абсолютно неинтересного технического блога на Ютабе, пускай честного в отличие от Виласкома, но от того ничуть не менее унылого, любитель шутечек про куканы и поопускать маргиналов на тему не присаживал на них тёлку . соболева Говорящая голова народных масс, своего мнения не имеет, никогда в жизни не сделает ролик по какому-либо малооглашённому поводу, по хайповому не выскажет какую-либо точку зрения кроме той, которая будет угодно большинству. В жизни, по описанию очевидцев, быдловат. Продавал жопу Собянину, чем, ЧСХ, не может похвастаться никто из ОП-треда, кроме Хованского. амирана из дневника хача Никогда не понимал, кому он вообще нахуй нужен. Кому на полном серьёзе может доставлять наблюдать за жизнью мажора-рабовладельца, не сообщающего вам ничего полезного, или хотя бы как жить так же? Летсплеи на сто порядков более высокоинтеллектуальный и нужный контент, блеадь. Тоже продавал жопу Собянину. петушария Педофил-кремлебот, просто но комментс. гоблина Охуенный переводчик, но как человек говно. Указанные в ОП-треде личности определённо могут в интеллектуальные дискуссии, определённо не являются сцанными быдланами, и если и продают жопу, то только по праздникам. Несмотря на то что это неебаться борцуны с активной политической позицией, их борцунство почему-то только с совком, сралиным и члениным (которых нет) У Айтипедика немалая часть контента посвящена борьбе именно с текущей властью. и, на которых всем похуй кроме пары десятков тыщ сектантов Лол, ты рили не понимаешь, в чём тут соль? Тебе напомнить, что единственный человек, у которого рейтинг выше, чем у Пыни - это Сталин? 50 населения России в рот ебали Пыню и едро, но тащемта, хотели бы вернуться в Совок, потому их борцунство (благеров) преимущественно и с Совком.
",1.0
"Дети и внуки. Главное правильно их воспитать. Нашей с вами жизни на всю шваль не хватит.
",0.0
"Топовые хохлухи от 10 за час, ептыть. 6 это более-менее. А за трешку только спидозные жинки атошек, ебать их такое себе. Шлюхи в москве дорогие, сука.
",1.0
"То-то столько Сколько? Пукаешь в воздух в попытке оправдать пидорашенскую пиздецовскую реальность - это просто смешно
",1.0
"Ахах, чувак. Скажи, что пошутил неудачно, иначе это пиздец.
",1.0
"Мань, я тебе задал прямой вопрос - как гомофоб, исламист, католик и атеист будут уживаться по соседству БЕЗ анальных карательных законов? Как ты будешь их мирить? Ответь, пожалуйста, юродивый ты мой.
",1.0
"Тупые дуры даже не знают как есть банан
",1.0
"И хули?Эмотивист ты ссаный?Маргинал тоже говорил, что ему взрослого больше жалко чем зиготу,но это сраные эмоции.Этика рационализирует мораль и уберает противоречия,хуй ты мутный
",1.0
"Ты ещё проо диван в фитнес-центре вспомни
",0.0
"Боже , и ты потратил свое время в граф редакторе что бы это слелать ,какая же у тебя жалкая жизнь ,раз ты тратишь воемя на такое
",1.0
"Я тоже. Ладно мы, у нас еще сто лет назад власть захватил открыто антирусский режим. Мордор он и есть Мордор. Но у них-то еще совсем недавно все было хорошо и никто бы не мог даже представить такого пиздеца.
",0.0
"Хохлы пидоры. У вас тоже хохол под кроватью?
",1.0
"Средняя начисленная зарплата по полному кругу организаций украинского, временно оккупированного, полуострова Крым в январе-декабре 2018 года составила 29 188 рублей. Сообщается, что по сравнению с январем-декабрем 2017 года размер зарплаты увеличился на 10,8 . К наиболее оплачиваемым в экономике украинского Крыма относятся работники сферы финансовой и страховой деятельности, а среди промышленных видов деятельности предприятия по добыче полезных ископаемых, где зарплата превысила средний показатель по экономике республики в 1,7-1,9 раза. Так же сообщается что в ближайшие 10 лет экономика временно оккупированного украинского Крыма будет расти на 5-6 в год.
",0.0
"Двачую тебя, анончик. Олечка просто идеал женщины.
",0.0
"забанили в дойта трете за ету картинку.... идите туда запостите картинку и попросити что бы разбанили
",0.0
"Когда же вас минусить начнут за анекдоты которые повторяются из поста в пост... Я бы рассказал тебе про палатку с шаурмой, но есть нюанс - тут мне карта поперла! Ты знаешь правила.
",0.0
"Ты от дрочки похоже уже ослеп.
",1.0
"Ты о нем уже третий пост мне пишешь. Зачем ты тогда мне пишешь? Если тебе скучно и хочешь пообщаться, то время сменить тему.
",0.0
"Лурочка: Эльдорадо(Быдлорадо, Елдарада, Дилдорадо, Эльдорабство) быдлосеть быдломагазинов быдлотехники и быдлоэлектроники для быдла.
",1.0
"Автор, не в обиду, я прожила 4 года в Волгограде. У вас концентрация быдла огромная, а чиновники одни из самых охуевших в РФ.
",1.0
"Рашка неиронично встаёт с колен, пока хохлы кидаются плюшевыми свиньями в своего Главсвина.
",1.0
"В России два пола. Гомосеком быть стыдно и опасно. Негры - это негры, а не афроктототам. Женщины имеют больше прав, чем мужчины. Вот поэтому и ебутся со всеми делами, раз такие умные. Аборты - а тебе не похуй? Или денег захотел дать? Ну, давай. Остоебенело читать подзалупную иностранщину. Для кого это говно переводят на наш язык? Нам до этой благородной подагры ещё коклюшами со скарлатинами два века с гаком болеть. Горчичники надо учиться крутить, а не за мусьё тарелки подлизывать.
",1.0
"Доиграешься ты со своей русофобией.
",1.0
"Оу,думал не вам отвечаю,прошу прощения,перепутал комментатора
",0.0
"И зачем в сноске эти откровения Не виляй жопой, челядь. Твоя претензия была к тому, что ссылка якобы взята из непроверенного источника, во что я тебя и ткнул твоей неумытой харей. Ты пойман за руку как подлец и дешевка.
",1.0
"Ну давай. Отбери у меня нож, клоун, только я махну рукой и твои яйца разлетятся по всему арбату.
",1.0
"Уже в некоторых странах есть 1 перерыв на пять минут в середине фильмов. Правда пока без рекламы.
",0.0
"Так ты не по теме гомофорса давай, а в общем. Нахуя ты машешь банхамером? Это не лично твоя доска - не нравится, как общаются некоторые аноны - пили свой сайт и там наводи собственные порядки. Сейчас все выглядит так, что ты встав с утра не с той ноги, начинаешь раздавать баны, увидев там некий намек на срач и пытаясь искусственно зарегулировать доску под какое-то свое виденье того, как доска должна выглядить. Системность следования правилам раздела, отсутствие избирательного отношения или фаворитизма по отношению к тому или иному форсу, - залог стабильного постинга на честной доске. Что ты несешь, шизофреник задроченный? Честная доска? Ты таблеток принял? Кто тебе вообще дал ограничивать право на форс других людей, к тому же относительно фентези сука. Это игра, здесь все выдуманное, але. И вообще, что ты имеешь против гомиков, говна кусок? Ты уже не стесняешься и решил открыто ссать всем обитателям tes в лицо? надоели и стали больно уж натужными, или форсед по-другому. Лично тебе? Повторюсь, создавай свой сайт. Поэтому аноны, упорствующие в гомофорсе, могут и будут забанены на средние сроки - неделю или две. Вообще охуел, чушок. Залетит такое быдло с вконтактов и пикабу, возьмет модераторку и давай из своих туповатых взглядов раздавать баны на право и на лево. Особо упорствующие могут попасть под пермач А я считаю, что тебя должны снять с этой доски. Абу, обрати внимание. Это ебанейший аутист. Таким вообще никакой власти нельзя доверять, это неполноценные люди - даже на доске про компьютерную игру. Совсем поехал, дружок.
",1.0
"Они все не пилят по началу, тут от тебя не зависит ни чего, ты как раз советы даёшь как этот мужик в посте, ты в этой теме не хера не понимаешь
",1.0
"https: psv4.userapi.com c848232 u9216735 docs d11 808c120d8afb ezgif-5-db1d73515f53.gif Рейтинга не хватает гифку прицепить)
",0.0
"- Опять с работы пьяный припёрся? - Мы заказ сдали? - Какой ещё заказ? - Минет изобрели? - Что? - Я говорю, собирай манатки и пиздуй к маме.
",0.0
"БМВизм головного мозга
",1.0
"тебя оставить на полгода без порнушки и секса и не в такое начнешь тыкать)
",1.0
"Просто ник автора, наверное
",0.0
"они и так налог платят 95 цыганскому барону, организатору этих лжеинвалидов
",1.0
"А вы писать по-докторски умеете?
",0.0
"Испанский стыд вы фашистские отродия должны испытывать. А он только лишний раз убедиться что с вами по человечески жить нельзя, один хер заочно в нелюди записали
",1.0
"2:30 - малолетнему дебилу открылся дзен и пришло просветление. Лучше поздно, чем никогда. 5:45 - верит рассказам сокамерников о своей невиновности. Ну, дебил малолетний, ничего не поделаешь. Хотя он себя тоже не считает в чём-то виноватым. у нас плохие законы, по ним сажают за наркотики А вот с этого орнул. Какой же он дегенерат. Короче, этому петуху место в изоляции.
",1.0
"Вам бы к психиатру, а не ко мне, а то видите то чего нет
",1.0
"А ты видимо нет, раз такой умный!)
",1.0
"Поготь, какие 18 лет? Ты же только в позапрошлом году школу закончил.
",0.0
"Прибыл в районе 500тыс Тенге (100тыс рублей)
",0.0
"Нихуя себе, а у тебя обои как бы не возле розеток находятся??? Какие нахуй провода должны обвивать занавески??? Провода как бы в изоляциии, там никакой искры нет. Нагрев от искры не бывает??? Входит с искрением и искрит постоянно при работе, как бы, чувак, немного отличается. Набрал... Написано-СИЗы, используются для безопасного соединения проводов. ЧО хотел то сказать??? Что аллюминий им не соединишь??? Ну дык, он запрещен сейчас для проводки в помещениях. Быстрозажимные клеммы wago, блядь, для соединения пары проводов под потолком??? Ты реально хоть занимался электромонтажем??? Да никуя ты не занимался, 18 лет мозги ебал. Чувак, ты пойми, соединять в коробке и соединять пару проводов, это разные вещи. Почему? Вопрос в цене, чувак, да!
",1.0
"ну если фейковые и недостоверные новости для тебя это источник всех твоих доводов, то вопросов нет. пиши и дальше подобные посты
",1.0
"Веселить соседей и вейп курить Гироскутер двумя оседлать Что бы было тебе и каждому нынче Тебя петухом обозвать
",0.0
"Забыл добавить , если при этом чурка пожизненно в сибири ,лес валить!
",1.0
"Если бабок нет, а спорта хочется - покупаешь пс4, хороший монитор, наушники и руль. Покупаешь гран туризмо спорт или дирт последний. Fia признает их автоспортом и проводит официальные чемпионаты. (Хотя про дирт не уверен) Либо прокатный картинг - обычно не больше 700р за 10 минут. Как научишься есть вариант покупки своего карта, там цена от 100к за карт без двигвтеля. Ну мне вот прокатного хватает чтобы понять свой скил и найти свой лимит. Мне например для улучшения времени уже еженедельных заездов не хватает, надо и карт свой и ездить чаще, но считаю такие траты на хобби необоснованными. И времени не хватает.
",0.0
"Какие же русняаые выродки мрази, пиздец просто. Скотство, жестокость, тупость и жадность - вот это все и есть русскость. Надеюсь, того пидораху когда-нибудь загрызут собаки или пырнут ножом быдланы.
",1.0
"иди и вари, можешь посолить ещё. И перца добавить...
",0.0
"Где я такое кричу, шизик? Я просто рад разъебу очередного социалистического гнойника. Алсо, сербы доебали не только муслимов, а вообще всех, начиная от хорватов, словенцев и македонцев, заканчивая практически теми же самыми сербами, которые предпочли называть себя черногорцами. Сербы тогда играли роль народа-фашиста, а Югославия - тюрьму народов. А ты, дырявое лахтинское уебище, пытаешься представить этот конфликт как войну хороших христиан с плохими мусульманами, на такое поведется только совсем не знающий историю даун, ну либо комнатный фашист, изучающих историю по форчану. В любом случае, ссу тебе на личико.
",1.0
"И это говорит человек с ником Скотобой?
",0.0
"Впервые докопался , а надо было ждать второго-третьего раза, что бы поставить утырка на место? А может ты и сам был таким утырком в школе, и тебе обидно, что тебя какой-то новенький поставил на место?
",1.0
"Ваш способ отлично на цыган действует.
",0.0
"Ненужный кусок говна лезет во все щели. E nt,z bpj hnf7 у тебя изо рта?
",1.0
"Ну ты поди пораньше работать кончаешь мб?)
",1.0
"Начал хорошо, а по итогу доебался до орфографии. Какая разница, Екатерино- или Красно- славка, ежели там такая хуйня творится? Еще и про царское название и казаков что-то пукнул. Алёшенька, ты хуй с трамвайной ручкой не путай.
",1.0
"Потому что он гомогеев убивал.
",0.0
"Волжские буглары пидарасы мимо астраханский татарин
",1.0
"Любителям пострулять не важно, тролль писал комент, или еще кто.. им надо свою агрессию оправдать. Ну не помещается у них в головушке, что собак как выкидывали на улицу, так и будут выкидывать вне зависимости от того, ведется отстрел, или нет.
",1.0
"Не знаю, что он там вам показал, если вы не способны сделать объективных выводов из исторического процесса. К каким выводам пришли вы, уважаемый коллега, с точки зрения научной марксистско-ленинской позиции? Лично мои выводы вполне очевидны - СССР обосрался. И со словами: Ну не шмогла я , не шмогла . Кинул сотни миллионов собственноручно воспитанных граждан фактически во внешние воды мирового капиталистического океана. Без каких либо шлюпок и спасательных кругов. Какой же у вас вывод? Ну вот видите, человеческая природа вовсе не остается неизменной, ее вполне можно изменить, так почему бы не использовать подобные наработки для улучшения человека и общества? А то почему-то подобные технологии используются, нынче, только чтобы из целых наций стада говнюков делать. СССР попытался же, зачем прикидываться дураком? СССР попытался разглядеть и воспитать в человеке те высокие идеалы, которые собственно и должны, по идее, отличать человека от животного. Но животная сущность людей быстро приспособилась, и всё извратила. Потомучто вы не сможете создать такой порядок, который реально подчинит себе стремления и инстинкты людей. Просто не сможете просчитать всё, все повороты, все возможности. В этом плане капитализм гораздо честнее коммунизма, потомучто по крайней мере не учит утопическим идеалам, и честно дает каждому возможность стать Человеком. Другое дело , что люди , в массе, не используют эти возможности. Но так это проблемы людей. Коммунизм же попытался всех по линейке под одну гребенку просто тупо загнать в эти рамки. И что в итоге? С момента развала СССР, коммунизм это прибежище всех романтиков и идеалистов, которые не хотят смотреть жизни в глаза. Тем печальнее, потомучто это часто лучшие люди, которые могли бы служить обществу. И что? Человек - это НЕ ТОЛЬКО животное. Конечно это так. Только человеческое общество не сможет никогда построить такую идеологию, которая будет научно-заводским способом воспитывать высокие идеалы. Вот научно-заводским способом воспитывать животные идеалы это пожалуйста. Это мы сейчас наблюдаем повсеместно. Все, с довольным хрюканьем потребляют, и не оглядываются. Я делаю вывод - значит заслужили. Люди заслужили быть животными, хрюкать и потреблять, зачем их от этого отвлекать и силой тащить в какое-то светлое будущее, если оно им не надо? При этом каждый волен отставить корыто и развить в себе искру Бога. Такая возможность есть у каждого. Что это ещё за трудовое братство ? Я-то на вполне научной марксистско-ленинской позиции стою. Просто эта картинка неплохо иллюстрирует данный вопрос и вот эту бредовую позицию про человеческую природу как алчную и эгоистическую. Честно говоря научного в вашей позиции ровно столько же сколько в моей. Мы два демагога, встретившиеся на полях былых сражений. Вы роетесь в сгнившей трухе прошлых лет, рассматриваете пепел, и ищите там ответы. Я так же рылся пока не понял насколько бездарно трачу время. И как только я это понял мир раскрылся передо мной. ТАк что рекомендую сдернуть шоры с глаз и посмотреть на мир на такой каков он есть, а не на то что вы себе нафантазировали.
",0.0
"То, что Вы не можете себе что-то представить говорит только о вашей фантазии.
",0.0
"Смотрите кокой я грозный пынявый лох и как я своими титиническими легкими мощно задуваю в сочную американскую залупу.
",1.0
"Вот честно, ты очень бездарный пропагандист. Своего рода быдло в стане элит пропагандистов. Понимаешь, в совокупности, контент пропаганды в целом, рассчитан на людей недалёких, с отсутствием критического мышления, ну а твой же контент, рассчитан на просто умственно отсталых.
",1.0
"Знал бы ты как меня тошнит при виде этого...
",1.0
"Ок, при чем здесь мы-то, дурачок? Переживаешь за хохлов, получай их громадство, голосуй за кого хочешь.
",1.0
"У нас фашики, в плен которые сдались, отсидели свое тут, и так и остались.
",0.0
"Пустоту тебе сфотографировать?)
",0.0
"Не уходи, или сдохнешь
",1.0
"И списала долги третьих стран перед СССР, которые должны были достаться в том числе и Казахстану. Какие же русские уроды умные
",1.0
"Ты реально дурачек если всерьез думаешь что валакас валера пэниски хуиски и т.д. это не интернет образы и что он такой же ирл. Он и не скрывает что он Денчик, это все часть шоу для развлечения и все это понимают, но он нормис. Если в рэале к нему подойти то думаю он с юморком относится. А рапич аутяра и реально бычит когда к нему зрители подходят, потому что в случае с ним это не образ для стримов, он и в реальной жизни такой же долбаеб.
",1.0
"Вет академию на сиб.тракте тоже хвалят, боюсь уже ставить эксперименты. Пока там наблюдаемся. Спасибо.
",0.0
"Пёстрый скакунчик! :3
",0.0
"пук пук пук пук МАЛОЛЕТНИЙ ДЕБИЛ НАСРАЛЬНЕНОК ОПЯТЬ НАВАЛИЛ ГАВНА В КАМЕНТАХ
",1.0
"если ты конкретно про меня, то ошибаешься, я хоть за чебурашку проголосую, только не за мразь плешивую
",1.0
"та ну, хуйня это все про джентельменство . меня в свое время эти брачные игрища так сильно заебали, что я вообще перестал париться и начал себя вести так, как и обычно. без всех этих ужимок и образа славного парня . без зазрения совести перед девушками курил, харкался, матерился как сапожник, рассказывал охуитительные истории о том, как когда-то обосрался бухал ебал кого-то проснулся с обблеванной тян пересказывал пасты про говно и т.д. т.е вел себя как быдлан, как обычно я себя и веду, когда вокруг никого нет. и тогда девушки начали тянуться. после этого я сделал для себя вывод, что девушки вообще не воспринимают что ты им говоришь, что делаешь и т.д. они воспринимают лишь то, как ты все это говоришь и делаешь. когда я начал вести себя как обычно, я делал это, блять, уверенно, самовлюбленно, нагло и аки самец . может это будило в девушках какие-то там инстинкты и они думали что-то в стиле ну ничего что быдло, зато какой уверенный, ВАХ просто! или я хуй знает, но такое поведение позволило мне пользоваться определенной популярностью у девушек. вообще если покопаться во всей этой теме, образ отношений, любви, поведения во всех этих брачных игрищах, все это навязывается нам с рождения источниками массовой информации, через книги, фильмы, красивые любовные истории и т.д. веди себя как джентельмен, жди ту, которая встрепетнет твою душу и от которой твое сердце забьется чаще, а в животе будут летать бабочки, положи всю свою жизнь на счастье второй половинки, будь для нее горой, добытчиком, ебырем-террористом и вся эта прочая романтичная, сопливая хуета. и все это в корне не верно. реальная любовь и отношения, не имеют ничего общего с тем, что нам с рождения вбивают в голову. все эти высокие чувства - обычное желание ебаться. видишь человека - получаешь дозу гормона - кайфуешь. не видишь человека - нет дозы гормона - появляется ломка - ищешь способы увидеть человека. вот тебе описание любви. через какое-то время эти чувства угаснут так или иначе и если у вас кроме этих чуйств нихуя не было, то развод и девичья фамилия. настоящая любовь, это когда у вас есть тысячи причин быть вместе, помимо того, что у вас стойкое желание ебаться. даже когда желание ебаться уже прошло, вам все равно приятно находиться вместе. такое же навязывание светлой и романтишной любви , на моей памяти, вызывало не мало проблем у моих знакомых девушек. они втупую сидели и ждали принца на белом коне ГОДАМИ, ссылаясь на охуенные фразочки если твое, то ты не пропустишь , обещанного три года ждут и прочую ебанину. я и сам к некоторым пытался лезть как кандидат в парни, ухаживал, звал гулять, пытался побольше времени проводить с ними, но все упиралось в одну хуйню. а именно вот есть парень, он очень популярен, он вообще не мой уровень, у него целые армии из девушек желающих попрыгать на его куканчике, и вот она я вся такая красивая, посижу на попе смирно, нихуя не буду делать, он обязательно меня заметит, а пока что я буду отметать кучу нормальных вариантов отношений! ох бедная я несчастная, парня найти то себе не могу, 25 лет а все в девках хожу! . а все почему? а потому что им с детства вбивали, что ухаживать должны мальчики, подкатывать должны мальчики, а ты, вся такая красивая, должна сидеть и ждать пока к тебе подкатят и лишь отсеивать нормальных парней в ожидании его - ПРЫНЦА НА БЕЛОМ КОНЕ!!1 именно так любовь и работает, нахуй!!11! чето меня занесло и печет пиздец. все это джентельменство хуйня собачья. образ современной любви - та еще дичь. надеюсь через пару десятков поколений, весь этот романтизм и брачные игрища станут архаизмом и люди просто будут влюбляться и быть вместе, без всего этого социально-любовного шлака.
",0.0
"Я одна ожидала, что баба-провизор решит что вы уронили кропаль из папиросы, а не крошки печенья? ЗЫ зачем заворачивать печенье в папиросную бумагу?
",0.0
"В конце апреля 2019 года в Киев приехал Анальный Господин, в миру Вячеслав Володин, доверенное лицо Путина. Его задача заключалась в том, чтобы на месте согласовать объём поставок газа Украине со стороны России и Белоруссии (белорусскую сторону в Киеве представлял лично президент Лукашенко, речь шла о транзите). Визит Господина был крайне почётен для Порошенко и символизировал повышение градуса в чиновничьей иерархии Российской Многонационалии. Шумерский деспот организовал дорогому гостю царский приём и, зная о его пристрастиях, выделил из киевской киберсотни секс-жемчужину красивого мальчика с очаровательной попкой, избежавшего, благодаря своей упругой попке, участия в АТО. Когда визит закончился, Господин ласково попрощался с президентом и неожиданно добавил: - А хлопчика я с собой забираю. Нормальный хлопчик, не чета моей лахте. В Москве он точно карьеру сделает. Порошенко бросился на колени, пытался свой лунопопый персик, перемогу очей и зраду вселенной отмолить. Ничего не помогло. Россиянин погрузил добычу в самолёт и улетел. Дело здесь не только в высоких чувствах господина Володина, но и в дипломатической школе. У российской дипломатии накопился большой опыт опускания сельских свинюшек. Знают как облупленных и управляют мастерски: щелчок-конфетка-щелчок.
",1.0
"Изменила мужу шлюха. Всё просто.
",1.0
"Чё ты тут орёшь??? Разбудишь же...
",0.0
"Наверное, ты не умеешь читать, раз путаешь меня с другим человеком.
",1.0
"Учите матчасть, селекционер.
",0.0
"ты заткнуться можешь?
",1.0
"Уууу. Сладкоежка детектед.
",0.0
"И часто тебе заезжают мухобойкой?
",1.0
"Все, кто поддерживают этого говнаря (идеологически) и считают его богом гитары - имхо, идиоты. Ну богом он сам себя не считает. А он неоднократно говорил, что он средний гитарист с бустом по таймингу и высеканию, как-то так. Но примерно 95 гитаристам в рок-метал группах в этом плане до него далеко, они даже в ударку попасть не могут - факт. Сочинять он может - уже множество песен сочинил, играть сложную и замороченную музыку тоже.
",1.0
"Лепишь, творишь, малюееешь
",0.0
"Такая удивительная история.. Дания. Это вам не цыганка с упоротым ребенком.
",0.0
"Действительно, с русским у тебя проблемы. Я тебе уже сказал - свободен, что бля непонятно?Полностью соответствуешь своему нику, осёл. В игнор, нерусь.
",1.0
"А ты гей-геронтофил )
",1.0
"Вас, извините, юрлицо совокупляло? Тут кагбэ про это. А вообще с алиментами пристава лучше работают
",0.0
"Да это давно было, на прошлом акке) Я потом накрутил сам себя и к писькиному доктору начал ходил, так его заебал! xD Искал подвох так сказать. - Вы не больны уходите! - А это точно? - Мамой клянусь! Уходи! - Но...
",0.0
"Еще раз- ПРОШУ, прочитать мой комментарий. Внимательно.
",0.0
"Брат упоротого лиса :-)
",0.0
"Скоро навальнят и прочих либерашек подсисянников будем так же отстреливать, никакой пощады врагам Великой России.
",1.0
"так когда картинку открываешь написано же NewZanaModel.jpg
",0.0
"я вот не пойму, я у тебя совета что-ли из раза в раз прошу?
",1.0
"Наверное муриканский сапог в жопе у хохлов это нечто другое я полагаю?
",1.0
"Ты путаешь адекватное уважение к себе, уровня никто не имеет права оскорблять меня и как либо приносить мне вред , с какой то нездоровой манией величия я справедливейший и честнейший из ныне живущих (это прямая цитата если что)
",1.0
"Гнилая тварь срёт в Питере хуёвыми стишками. Теперь ещё и в Минкульте.
",1.0
"Местами в Китае эта система работает. Причём давольно давно. Правда там отдельная подсветка стоит ещё.
",0.0
"Все конечно правильно, но... За 2 минуты люди не только войти в вагон, но и выйти из вагона не успевают
",0.0
"Ты хохол или москаль, что ли? Перед!
",1.0
"Сцук, умельцы, ну пририсуйте на камень (или что это?) надпись модератор ! Пожалуйста)
",0.0
"кухня-гостинная, нынче популярная хрень, у меня такая же будет как дом достроят)
",0.0
"Ну вот ты реальный кук, например.
",0.0
"Оп. Доказательство того, что ты не умеешь читать. Вижу, что такое заусенец, вижу кромки деталей не должны иметь заусенцев . Только я, в отличии от тебя, еще читаю другие слова кроме искомых, а именно: кромки МЕТАЛЛИЧЕСКИХ деталей не должны иметь заусенцев . Ты слился: по IQ, по умению читать, по умению делать оценку качества, по умению отвечать на вопросы. Странно, что ты дышать умеешь и даже писать.
",1.0
"Ты серьезно не видишь иронии в том, что праводебилы топят вот ровно за тоже самое в каждом пункте? Сынок, даже близко нет. Третий рейх со всем его говном, от сектантских законов о массовых убийствах до убийства собственных раненых солдат, попавших под евгеническую программу как инвалиды, от лагерей смерти до проебывания будущего страны в военном МММ был лучше среднестатистического государства ближнего востока 70-х 80-х, не говоря уже про современные Афганистан, Пакистан и т.д. А это дно, ниже европейцам падать просто некуда. Даже Албания времен Энвера не такое дно, хоть и смотрится дико.
",0.0
"Главное, что ты в офисе сычевальне кукухой не едешь, сгорбился над своим компуктером, никакого на намека на чсв или хотя бы просто элементарные зачатки личности у тебя никогда и не было, кушаешь антидепрессанты, дрочишь на анимэ и подвякиваешь мамкиными вскудахтами на двачах. Убермэнш, как есть.
",1.0
"Ты не понял, это была штука - продолжение твоих аналогий. Комментатор выше метаюморист и привел аналогию, подтверждающую твои аналогии, но в то же время критикующую тебя. Это ли не тонкий юмор?
",0.0
"О, Раска Федераска. Я здесь живу.
",0.0
"Ты, как совместившая, делишься опытом? Учту.
",0.0
"Знаете, шли бы вы ... в баню. Кстати. можете сами в Диксон врачём
",0.0
"По-моему ты просто зануда
",1.0
"Страдай, изврощенец. Однако раньше рядом с хрюканом получше были тянки. А сейчас недотрапы колхозные и шизанутые.
",1.0
"Ага по второй ссылке США ниже России. Это тебя не напрягло? Ладно, хули с тобой разговаривать. Мне не интересно. Жри помои дальше.
",1.0
"Там написано он попросил и убедился тупица ты значит они повернулись уже
",1.0
"Меня просто убивают местные дегенераты. Евген вовсе не топит за совок и никогда вообще не говорил о своих политических предпочтениях. Так уж вышло, что обычно самые говенные высеры сейчас модно снимать про совок. Если бы вместо совка больше всего лжи выливали по поводу РИ, то Евгена называли бы монархистом. Смекаете, дауны? А советская киношкола была действительно охуенной и Евген часто ставит ее в пример вовсе не потому что она совковая, а потому что она профессиональная и на подступе отсеивает всяких Галустянов и прочих дегенератов, ставя им неуды за хуевые шутки и не пропуская их высеры на большой экран.
",1.0
"Переведите этот поток сознания хотя бы хохляцкий, плиз.
",1.0
"ты то с чем суешься? пшел под лавку
",1.0
"да пошел ты нахуй сашенька ебаный
",1.0
"Какой-то хуёвый хомяк.
",1.0
"Я не понял ты чо самый умный ??
",1.0
"Тупой вопрос. Тупое заявление). Если заболеют несколько членов моей семьи, я буду уделять внимание каждому и приоритетнее будет тот, кому на данный момент хуже. Это несравнимые вещи. А где гарантии что женщина сможет расставить приоритеты правильно, основываясь на здравом смысле, а не блядской эмоциональности? С вами все ясно. Здесь на словах вы создаете впечателение адекватной. Но много ли таких?
",1.0
"АСТОЕБЕНИЛА ВСЕМ. ГОНИ ЕЕ НАХУЙ С КАНАЛА. НЕУЖЕЛИ ТАК ТРУДНО ОБАЩАТЬСЯ С ЭТОЙ ТУПОРЫЛОЙ ВНЕ ЮТУБА. ДА ХОТЯ БЫ ХОТЬ ЧТО-ТО КРОМЕ ЭТОЙ ХАЛИ НАЧНИ ВЫКЛАДЫВАТЬ! Реально астоебенило! Видео с этого блядского дня рождения уже МЕСЯЦ тянет! МЕСЯЦ, КАРЛ!
",1.0
"Турецкие и арабские хуесосы в 90-е все таки создали тут какую-никакую ячейку радикалов, взять тот же Азатлык , благо большинство тут не настолько тупое быдло, чтобы ратовать за шариат и прочую средневековую дичь, и все это состоит дай бог из пары сотен отбитых. А то что какой-то умник решил присоединится к тренду по вытягиванию извинений - стыдно уже вполне секуляризованному народу ударятся в эту средневековую дичь мимо татарин
",1.0
"Скажи ему внезапно что у тебя туберкулёз.
",0.0
"Ты серьёзно думаешь, что из-за того, что ты смотришь Панчина ты не относишься к 95 населения? Ну смотри там про магию и прочую говнину, хули с тебя взять.
",1.0
"Нет. Это вы меня научили на пикабу. Вы же здесь самый умный, да?
",1.0
"Может, просто социальная несправедливость не дает покоя предыдущему докладчику? Время ведь сейчас такое: ты либо работаешь клоуном у пидорасов, либо пидорасом у клоунов за тот же самый мелкий прайс. Либо вообще, прости господи, буддист. Вот вы, извините, к кому себя относите?
",0.0
"Жирнейший тролль, склочник и просто неприятный человек.
",1.0
"Конечно, конечно! Ты прав! Ой, какой я тупой... Извините, больше не позволю высказывать свое мнение, и свои знания. Как недальновидно-то...
",0.0
"Че пришьют, тем и будет. У нас тут не бездуховная Гейропа, ишь ты, удумали пол сами себе выбирать!
",1.0
"Ты еще зомбоящик забыл с его гом2 и прочими говно шоу которые им прививают такую модель поведения как правильную
",0.0
"ОТПРАВИМ ТАРАСОВ В ГУЛАГИ, ПАНУЮТ ПУСКАЙ В ВОРКУТЕ, ПУСТЬ СТРОЯТ МОСТЫ, ДОХОДЯГИ, И СМОТРЯТ КАНАЛ ОРТ
",1.0
"А как ты относишься к эксперименту Гезелля и идее отказа от накопительной функции денег вообще? Погуглил, почитал по-диагонали. Это же подразумевает регуляцию. Ну и нахуй оно надо? Я не против денег с высокой волатильностью, но давать власть над этими деньгами - это идея очень плохая. На мой взгляд, надо идти в сторону большейпрозрачности общественных структур и контроля со стороны частных лиц. Это, несомненно, уже шаг в правильном направлении. Для меня, если я сам не произвожу фальшивок, тогда получается двойное наебалово: и государством, и фальшивомонетчиком Это так. С другой стороны, деньги из государства к тебе не попадают никак, так что для общества в целом уж лучше наеб со стороны участников общества. А что мы вложим, если у нас деньги - ресурс ограниченный ? Собирать будем долго и в ущерб чему-то ещё Ну, простите, есть же еще налоги легальный грабеж. А так наеб по всем фронтам. Так и несамоценные деньги - тоже. Так что всё по-рыночному Ну да. Любые деньги так или иначе подчиняются законам спроса и предложения. Но уж лучше децентрализация тогда уж. Можешь, конечно. Есть инструменты обхода вроде биткоин-миксеров. Конечно, это уже костыли, так как сам биток как валюта не очень совершенен, мягко говоря. Крипта намного удобнее уже появилась, а со временем удачные варианты и приобретут капитализацию и спрос. Как сказали выше, биток скорее подходит для хранения активов, а не для транзакций. экономическое принуждение никуда не делось Я бы назвал это ЭКОНОМИЧЕСКОЙ МОТИВАЦИЕЙ . Избавиться от нее значит избавиться от рынка и денег в целом, это уже ближе к коммунизму. Социал-дарвинизм и сейчас процветает, по сути. Просто в странах первого мира он скрыт за высоким уровнем жизни и развитым соц. государством Я думаю, это зависит от того, как смотреть. Так-то личные взаимоотношения тоже подчиняются рыночку, соответственно, неконкурентноспособные отмирают. Я считаю это нормальным, но это не значит, что все считают так же и не будут кидать деньги на благотворительность. Будут. И кстати, откуда берутся идеи вообще, в твоем представлении? Из головы? Я не очень понял вопрос. Т.е. спекулянты это хорошо? Да, спекулянты - это хорошо. Покажу примером на битке. Цена низка. Что сделает спекулянт? Закупит битков. Свободных битков стало меньше, их цена растет. Это выгодно всем, кто битки продает. Потом, скажем, цена сильно выросла. Что сделает спекулянт? Он продаст битки. Так как свободных битков стало больше, то их цена уменьшится, что выгодно тем, кто их покупает. Но, так или иначе, это выравнивает курс и делает скачки более редкими. Плохие спекулянты, которые закупают дорого и продают дешево, делают ровно противоположное. Но их решает рыночек убытками, поэтому долго они это делать не могут.
",1.0
"В школе мозаикой был выложен во всю стену на первом этаже. Попробуй забудь.
",0.0
"Держи еще один - скажи спасибо за коррекцию и фоткай уже давай
",0.0
"Да, я за коммунизм. Парня тебе подбираю Отлично, мне тебя как раз советовали, говорили Более опытного человека в гомосексуализме, среди коммунистов не найдешь так что давай, жду от тебя список гомокоммунистов которых мне предложишь
",1.0
"Скажу одно, никто тебе не поможет кроме тебя самого, ты либо берешь в себя в свои руки, либо любой из вышеперечисленных вариантов.
",0.0
"Перепутали в роддоме негритенка, хохла и русского. Хохол такой заходит в палату и кричит Слава Украине! Негритенок засмеялся, а русский и хохленок обосрались и как давай говном кидаться.
",1.0
"Хахахах вот лошара, плюсиков не достанется
",1.0
"На одном из симпозиумов встретились четыре лингвиста: англичанин, немец, итальянец и русский. Речь зашла о языках. Начали спорить, а чей язык красивее, лучше, богаче, и какому языку принадлежит будущее? Англичанин сказал: Англия страна великих завоевателей, мореплавателей и путешественников, которые разнесли славу её языка по всем уголкам всего мира. Английский язык язык Шекспира, Диккенса, Байрона несомненно, лучший язык в мире . Ничего подобного , заявил немец, Наш язык язык науки и физики, медицины и техники. Язык Канта и Гегеля, язык, на котором написано лучшее произведение мировой поэзии Фауст Гёте . Вы оба неправы , вступил в спор итальянец, Подумайте, весь мир, всё человечество любит музыку, песни, романсы, оперы! На каком языке звучат лучшие любовные романсы и гениальные оперы? На языке солнечной Италии ! Русский долго молчал, скромно слушал и, наконец, промолвил: Конечно, я мог также, как каждый из вас, сказать, что русский язык язык Пушкина, Толстого, Тургенева, Чехова превосходит все языки мира. Но я не пойду по вашему пути. Скажите, могли бы вы на своих языках составить небольшой рассказ с завязкой, с последовательным развитием сюжета, чтобы при этом все слова рассказа начинались с одной и той же буквы? Это очень озадачило собеседников и все трое заявили: Нет, на наших языках это невозможно . Тогда русский отвечает: А вот на нашем языке это вполне возможно, и я сейчас это вам докажу. Назовите любую букву . Немец ответил: Всё равно. Буква П , например . Прекрасно, вот вам рассказ на эту букву , ответил русский. Пётр Петрович Петухов, поручик пятьдесят пятого Подольского пехотного полка, получил по почте письмо, полное приятных пожеланий. Приезжайте, писала прелестная Полина Павловна Перепёлкина, поговорим, помечтаем, потанцуем, погуляем, посетим полузабытый, полузаросший пруд, порыбачим. Приезжайте, Пётр Петрович, поскорее погостить . Петухову предложение понравилось. Прикинул: приеду. Прихватил полустёртый полевой плащ, подумал: пригодится. Поезд прибыл после полудня. Принял Петра Петровича почтеннейший папа Полины Павловны, Павел Пантелеймонович. Пожалуйста, Пётр Петрович, присаживайтесь поудобнее , проговорил папаша. Подошёл плешивенький племянник, представился: Порфирий Платонович Поликарпов. Просим, просим . Появилась прелестная Полина. Полные плечи прикрывал прозрачный персидский платок. Поговорили, пошутили, пригласили пообедать. Подали пельмени, плов, пикули, печёнку, паштет, пирожки, пирожное, пол-литра померанцевой. Плотно пообедали. Пётр Петрович почувствовал приятное пресыщение. После приёма пищи, после плотного перекуса Полина Павловна пригласила Петра Петровича прогуляться по парку. Перед парком простирался полузабытый полузаросший пруд. Прокатились под парусами. После плавания по пруду пошли погулять по парку. Присядем , предложила Полина Павловна. Присели. Полина Павловна придвинулась поближе. Посидели, помолчали. Прозвучал первый поцелуй. Пётр Петрович притомился, предложил полежать, подстелил полустёртый полевой плащ, подумал: пригодился. Полежали, повалялись, повлюблялись. Пётр Петрович проказник, прохвост , привычно проговорила Полина Павловна. Поженим, поженим! , прошептал плешивенький племянник. Поженим, поженим , пробасил подошедший папаша. Пётр Петрович побледнел, пошатнулся, потом побежал прочь. Побежав, подумал: Полина Петровна прекрасная партия, полноте париться . Перед Петром Петровичем промелькнула перспектива получить прекрасное поместье. Поспешил послать предложение. Полина Павловна приняла предложение, позже поженились. Приятели приходили поздравлять, приносили подарки. Передавая пакет, приговаривали: Прекрасная пара . Собеседники-лингвисты, услышав рассказ, вынуждены были признать, что русский язык самый лучший и самый богатый язык в мире.
",0.0
"1. После оставления комментариев трижды проверяйте его наличие в треде. 2. Макаба удаляет комментарии. 3. Абу скручивает лайки. 4. Распространяйте все видео жильцам вашего жека. 5. ??? 6. Как вы этого любите.
",0.0
"Блядь ты жопой посты читаешь?
",1.0
"Файжжжжжжжжжжжжжжжжжжжжжжжжжжжжжжжжжжжжжж.жжжжжжжжжжжжжжжжжжжжжжжжжжжжжжжжжжжжэзш.х не
",0.0
"Бля, че за болезнь? У мен походу такое же дерьмо.
",0.0
"Закон запрещает высказывать в интернете явное неуважение к следующим группам: общество; государство; официальные государственные символы РФ (герб, флаг); Конституция РФ; Согласно статье 29 Конституции Российской Федерации: Каждому гарантируется свобода мысли и слова. Лол, то есть закон, якобы защищающий Конституцию, противоречит самой Конституции. Охуенно, чё.
",0.0
"Твоя мама знает за кого ты топишь?
",1.0
"Ваш понас обычный прокремлевский пидарас.
",1.0
"А может быть ты долбаеб, аэээм?
",1.0
"Редко встречается сборка сложного механизма с ноля в одном цеху. И крупноузловая сборка не может считаться признаком отсталости. Металл это не обязательно сырье. Прокат или арматура это законченный продукт. Оцинкованная сталь это почти готовый продукт. Её нужно только спрессовать. Производство руллона холоднокатанной стали из руды и угля это сложный трудоемкий процесс. И денег на этом поднимается немеренно. Собственно топ 2 российского форбса это металлурги.
",0.0
"Вот и молодец. Лишь бы остальные хохлы заднюю не включили.
",1.0
"ты понимаешь что ты сам покупаешь где угодно кактус фикус член в горшочке и несешь его по адресу?
",0.0
"Да хз, что ты до меня то докопался ?
",1.0
"Пидр ты, эксклюзивный.
",1.0
"Дим-Юрич, идите выёбываться в свой тред.
",1.0
"Ты очень общительный человек?
",0.0
"Оно не просто достало. Оно буквально мешает пользоваться бордой. В какой-то момент ты просто не выдерживаешь и закрываешь к черту все вкладки с двачем, потому что долбанутейшая капча тебе все равно не даст постить. Чем больше постишь - тем в более долбанутой и тормазнутой она становится.
",0.0
"он, как любой психически здоровый человек Он и в существование психики не верит. Что ты на это скажешь, девственник?
",1.0
"Ты-то пиздец сильный, да? Лол. Нет, мой дорогой ебанашка, ты должен знать, что миром правят не сильные, а умные, хитрые и коммуникабельные. Сильные на стройках и в шахтах ебашат, за скромный прайс. Что ж касается этого уебана, то довольно скоро он нарвется на рили отморозка, которому похуй будет на да это пранк, чувак . Пилю прохладную: один мой знакомый ночью бухал с пацыками, че-то дурачились они, гуляли ночью по ДС. Решили на светофоре встать вчетвером, типа они в невидимой тачке. Я рядом чурка на приоре. Они че-то с чуркой давай в гляделки играть, типа гонки на светофоре . Чурка юмор не осилил, вышел и порезал моего приятеля и его кореша ножом. Один помер в больничке, мой знакомый остался жив, но че-то уме удалили и все пузо перешито теперь.
",1.0
"Идиоты проникают во все сферы жизни 5 дней снимает ролики с зумом на фурункул
",1.0
"Вдудь и вся его кодла пускай пиздячат на хуй.
",0.0
"Брехня какая-то. Что-то мне кажется, гинеколог не будет своему коллеге говорить дурак .
",1.0
"Ну, а что, собственно, вам не нравится? Чтобы батя отказался от своего пиздюка, хоть и долбоеба, и отдал его на съедение журналистам и бомжам? Я в рот ебал таких бать, мои предки в любом кипише всегда обвиняли меня, хотя я почти всегда был жертвой. Такие родители хуевые. Нормальный отец должен наказывать долбоеба внутри семьи, а от чужих, даже в таких случаях -- защищать. Не увидел в его словах ни угроз, ни быкования.
",1.0
"Я настолько отчаянный что помахал бы мпх у тебя перед лицом.
",1.0
"Простите, умник, а что в этом высказывание неправда?
",1.0
"Ну как же, они же там загнивают, кроме пидарасы и садомия, ты не слышал? Включай соловьёва и киселя, только правда о загнивающем западе.
",1.0
"какой пруф тебя устроит?
",0.0
"Зачем в тегах программирование, если нет исходников, только продукт?
",0.0
"Что, сученок, мало я тебя говном в попереднем треде накормил? Сюда прибежал?
",1.0
", очистите наши ряды от невоспитанных грубиянов
",0.0
"Я вот конечно понимаю что это все юмор и стеб над стереотипами, но чет вот нихера не смешно. Работал в большой компании - многие молодые сотрудники именно как героиня этих комиксов. Они тупые. Прям пиздец какие тупые. Но для них это не проблема а Ой, я такая глупенькая, хихихи . Нет, блядь, ты тупая! Ты тупая как пробка и это не смешно! Хотя что я, мальчиков таких тоже не мало. Только там фраза да я хуй знает как это работает, чо я програмист электрик слесарь любая другая профессия используется. И они все реально не стесняются этого. Ленивый - ну да, есть такое, не люблю работать. Ни в чем особо не разбираюсь - не без этого, мне просто не надо. Просто не стоит стесняться своих недостатков, все мы не без греха. Это блядь очень грустно. Какая-то массовая идея бодипозитива но про поведение. Сорян за это бомболейло (
",0.0
"Ты че несешь то поехавший шизодаун? Ты еще дефолт вспомни
",1.0
"Большинство новых коттеджных поселков имеют статус садоводств, благодаря этому могут еще и сдирать по три шкуры с новых собственников на обслуживании. Причем сейчас с кризисом в загородке очень много стали продавать без подряда. У нас очень неразвита строительная экспертиза и контроль в частном домостроении, поэтому проблемных домов очень много, где люди потом годами пытаются это исправить.
",0.0
"обезьяна ковыряется в жопе, нюхает палец и падает с ветки.gif
",0.0
"А ты кто по жизни то вообще?
",1.0
"Идите нахуй со своей свиньей обосраной (не могу его смотреть из-за того что он разговаривает как даун)
",1.0
"Ебать вы тупые дебилы, ой блять
",1.0
"От того то ты назовёшь хохла пидооашкой, пидорахой ты быть не перестанешь, это как с перефорсом няш , от того что ты ими хохлов называешь, 200 летие свинячей истории русни не пропадёт.
",1.0
"У нас тут проблема возникла... Сделали выписку моей матери, там вообще почти ничего не указано и есть данные о пенсионных отчислениях только за 2018 год, то есть куда пропало 30 лет стажа... Я в легком шоке и не знаю, то ли это в госуслугах какой-то баг, то ли там все документы потеряли... Сижу уже несколько дней и не понимаю что с этим делать. p.s. , как вы относитесь к идее перенести ваш пост в сообщество Антимошенник ?
",0.0
"А он тебя не кормит)? Может тебе котлеток выслать?
",0.0
"Чувак, тыж за мою девушку тут треп развел, смотрю метишь на место девушки, остроумием блещешь. Ты вот чем не доволен? Сам пришел, сам заявился. Что не так то? За мою девушку себя выставляешь, а я девушкам не отказываю.
",0.0
"Познер для ваты патриот или либераст?
",0.0
"Переживал за твой стакан как за собственный
",0.0
"Почему ты подорвалось, либерахоговно?
",1.0
"клаптик стрелянина Что промычало это чмо? Я даже не буду просить переводить, это зашквар для пановю.
",1.0
"Получается, у вас либеральное обострение?
",0.0
"Ты эту историю перечитай еще раз. Там бабка дочке на свадьбу денег зажопила. Уж стопудово она в этом возрасте еще на пенсии не была.
",0.0
"Надеюсь, ты понял, о чем просят тебя написать.
",0.0
"ЧАЙНУЮ ЛОЖКУ НА ПОЛ ЛИТРА И НЕ ГАСИТЬ КИПЯТКОМ ИБО ПОСЛЕ 40 ГРАДУСОВ ИЗ БИКАРБОНАТА ОНА ПРЕВРАЩАЕТСЯ В КАРБОНАТ, ЧЕМ СТАНОВИТСЯ В 2 РАЗА МЕНЕЕ ПОЛЕЗНОЙ
",0.0
"вот ты мне только что написал тебя найдут и отпиздят . то есть прямо точно. не может быть, а все, пиздец, никуда не уйти. и теперь ты отказываешься прислать ОДИН БЛЯДЬ случай? Я, кстати, сам то поискал, и значешь что?? НЕ НАШЕЛ БЛЯДЬ!!! Вот ведь сюрприз то. Я найти не могу, тебе влом так передо мной унижаться. Ну хуле. так и живем кукарекнул и в кусты
",1.0
"Я бы на месте цыганки выбил бы телефон из рук и лицо бы поцарапал,за это ничего не будет,просто административный штраф,а пикабушник запомнит,что дерьмом по жизни быть нельзя и судить других никто не имеет права.
",1.0
"Вы может быть не поняли? Вы хорошо владеете русским языком? Повторю еще раз: Вам не трудно будет дать список ценностей принятых в нашем социуме? Где он? Кто его видел?
",1.0
"У тебя еще есть время
",0.0
"Ну тут такое. Обрати внимание на формулировку: просим предоставить в наш адрес информацию, необходимую для декодирования сообщений за период . Не сообщения. А ключевую информацию. То есть уже на этой фразе у меня создается впечатление, что наши доблестные ФСБшники оторваны от реальности. За прошедшие полвека столько криптоалгоритмов и криптосхем придумано, которые дают оператору сервера легальную возможность сделать лапки (ключ одноразовый на каждое сообщение, не персистится, синхронизируется хитрым способом через разделяемый секрет). Так я и не спорю, что сделано это все топорно и дальше начинается вообще какой-то цирк. Ну и в максиме - можно же ввести закон что нужно жрать говно, и тут встает вопрос о легитимности закона. Понимаю, что звучит дико, но в той же Конституции формально постулируется главенство международных норм права, тех же прав человека. Ну тут такое. Все же тут закон, который разрешает стражам порядка читать переписку отдельных лиц, которые подозреваются в чем-то, а не тупо вот буит так как я сказал, я тут главный, захочу - говно жрать заставлю . А буквально недавно в ООН приняли резолюцию о том, что та же криптозащита - неотъемлемое право человека. Так что тут сложный юридический казус в смеси с нормами морали. Про права человека вообще лучше мне не говорить. Я не знаю как к тому же ЕСПЧ относиться. С одной стороны да, все люди имеют право, что бы к ним относились как к людям. А с другой, когда я читаю очередной приговор, где, например, ЕСПЧ постановило РФ выплатить компенсацию парочке боевиков, потому что их, бедненьких, били на допросах. А перед этим боевики расстреляли милицейский (тогда еще) пост и убили несколько гражданских, в том числе забили женщину насмерть прикладами. И можно там понять милицейский пост, можно там понять мужика, который, как они считали, сотрудничал с милицией, но женщина вообще просто так получила, тупо потому что они могут. И не застрелили, а забили насмерть прикладами, они же тупо удовольствие от этого получали. И мне вот что-то совсем не жалко что вот таких вот отмудохали. И в итоге я вообще не знаю как к этому относиться, вроде бы и люди, возможно даже можно понять их мотив, но творят такую хуйню, что и людьми после этого их сложно назвать. Ок, я тебя понял, но, по твоему же цитированию вполне подпадает под в некоторых случаях также частной переписки как средство этой самой переписки. Ну, опять же, ну блочат этот телеграм не потому, что там какая-то информация опасная для государственного режима передается в огромных количествах, а тупо что бы Дурову типа насолить. Хотя, в итоге, сами себя на посмешище выставили. Кстати, ликвиднул он в итоге юр. лицо? Это же, по идеи, должно было ослабить хватку вокруг телеграма.
",1.0
"Мы уже были в rf. Но там много людей, которые больны. Мы не такие. Мы здоровы психически, но нам не везёт с внешностью. Мы проигрываем генетическую лотерею. А в сексаче нормисы троллят нас. Там тоже не поговорить, потому что приходит нормис и начинает высмеивать, предлагать пикап, спорт, всё это проходили. Это не работает без внешности. Нормисы не верят. Они говорят - идите, знакомьтесь. Ага. Плавали, знаем. Таких, как мы, уже довольно много. И нормисам нас не понять. Мы для них с другой планеты. Они вообще не верят, что тян игнорируют нас. Поэтому мы просим себе отдельный раздел для всех девственников и тех, кому не везёт с тян. Очень просим. Абу, я знаю, ты на нашей стороне.
",0.0
"У психотерапевта? пол года? Может у психолога? Человек, попавший в лапы к психотерапевту, приводится в порядок максимум на третий раз (и то в критично тяжелом случае) ...хотя, погодите... не бойтесь препаратов... блин, медикаментозно уже психиатры работают. Может психиатр?
",0.0
"Он их срезал, как только британцы вывалили фотки этих двух, задолго до вью, дауныч.
",1.0
"и тем не менее, как только его этой зарплаты лишили,он уехал с донбасса. Значит,делаем вывод, он на донбассе был не за идею,а за мат.вознаграждение. Тогда зачем все эти стенания донбасс уже не тот,там нет свободы . Мерзкий, лицемерный тип.
",1.0
"А мамка её двощи читает. Мамка Джамили, когда уже вы вашу дочь воспитаете? И да, она уже так остопиздела на канале, потому что ваша дочь уже там из всех щелей лезет, лучше работу ей найдите с которой она не вылетит, и пусть снимается в умеренном количестве. Но лично у меня к вашей доце после того что она выкинула и как она себя ведёт - море негатива и бомбежа.
",1.0
"устанавливает порядок, требования к качеству, условиям поставки, закладки, хранения и отпуска твердотопливных печей типа Буржуйка , предназначенных для хранения в государственном резерве. И на каком месте смеяться? Не, хохлы конечно пидарасы, но документ вполне здравый
",1.0
"Да, причём в комментах, группе его поддерживают поголовно и далеко не только быдло
",1.0
"Ну так это в плане изготовления изделий своими руками,а вот готовить вроде умею.Короче буду сам на себе испытывать божественный напиток и куплю огнетушитель (промышленный на всякий случай).
",0.0
"Мне так нравится этот новый тренд. Население внезапно выучило слово гомеопатия и ныне каждый разговор сводится к ней. Даже люди не обращавшиеся за медпомощью все равно предпочитают вылить ковш грязи на медицину тыкнув на гомеопатию. Ну да черт с ним, не об этом речь. Речь вот о чем, к примеру. Вы спросите своих девушек или девушки спросите себя, какой у вас шампунь стоит на полке и почему он? А потом совместите это с тем, что внешнее воздействие не оказывает никакого влияния на рост и структуру волос. Кроме миноксидила. А теперь не забывайте каждое утро говорить ей или себе в зеркале : Дура, дура, дура . Но вряд ли правда? Речь не о пользе или вреде того или иного, а о вашей последовательности в суждениях. Вы готовы обкладывать грязью рекламщиков гомеопатии, а людей использующих её называть дураками, при этом продолжать верить маркетологам чудо-шампуней. Не верим в одни причуды, но верим в иные? Нет ли в этом отсутствия вашего мнения, а лишь ведомость трендам? А сколько из вас, противников гомеопатии, арбидолов и прочего зашло дальше всем известного расстрельного списка препаратов? Почитали статьи, исследования? Что то мне подсказывает, что часть и до этого списка не дошло, а просто вторят то, что услышали из третьих уст. Коммент не преследует цели оправдать то или иное, а носит иной характер.
",0.0
"сам давно налысо брился?
",0.0
"Да мне по хуй на приличное общество!Я лично не вижу разницы между атеизмом и тем же православием!Тот же хуй только в другой руке!И не тебе мне говорить что писать мне,а что нет.Так что идите товарищь мимо! А то видите упоминание бога и все, начинается,стадо,что одни что другие
",1.0
"донатить петушильникову в голосину с дебила
",0.0
"Че нормально так. Баба раком стоит и дело начинается... Gifx Gifx
",0.0
"зп - 3000р У кого была 3к - сейчас 10к. В долларах мы проиграли
",0.0
"у тебя, по-моему, кукушка поехала на тему приветов ) Я думаю что сейчас тебе ТС этого поста передаёт пламенный примет. и Думаю ТС этого поста передаст Вам горячий привет) это после того, как тебе насрали в душу? Ну. Насраному на водительском сиденье - я бы тоже не удивился. Очень пойдёт к белому кожаному салону.
",1.0
"Окей, понял тебя. Просто у тебя не было явного перехода между мыслями - сам прочитай - начало про убийство носителя, конец про стратегию размножения: Они такие же как мы и они живут не чтобы убивать, а убивают чтобы жить. Просто они иначе не умеют, в биологии это названия R-стратегией.
",0.0
"Да в смысле блять добротных? Брат - это очередной АУЕ-высер по типу бумера или бригады. Кроме передачи эпохи 90-х в нем больше ничего нет. Зато современное быдло на главного героя равняется и со своей правдой идет грабить бить убивать. Заклеймить и запретить нахуй к показу.
",0.0
"Не что делать,а кто виноват.. А виноваты все кроме тебя,и рекомендации психотерапевтов-начни с себя.. Тренинги-хуенинги выкачивание денег с пОциента..
",1.0
"нету. В тех же США большинство негров-мужчин были судимы. Пидораха, ты определись, у тебя речь о мигрантах или таких же коренных полноправных гражданах-неграх? ты еслибыкаешь да баттхертишь оп принёс пруфы скриншот газеты уровня СПИД-инфо хач-вампир выебал ЗЭКА Я же не svin ja чтобы копаться в желтушном мусоре и тащить всё сюда в тред. Вон есть всякие паблики новости русского мира , наслаждайся пруфами там.
",1.0
"(- - ) Ты не модер чтоб, клубничку пропускать...
",0.0
"Покажи мне правила что нельзя танцевать на твоей машине? Мочиться на твою дверь? УК РФ Статья 167. Умышленные уничтожение или повреждение имущества Показывать твоему ребенку член? УК РФ Статья 135. Развратные действия Совершение развратных действий без применения насилия лицом, достигшим восемнадцатилетнего возраста, в отношении лица, не достигшего шестнадцатилетнего возраста,. Слушай я понимаю что тебе очень хочется мне доказать что танцевать лезгинку на территории мемориала незаконно,но твои познания в юриспруденции настолько ничтожны что я бы тебе посоветовал идти с богом и не смешить людей
",1.0
"Все тот же Муром. Обратите внимание, сколько женщин с голыми ногами, т.е. они пользуются услугой по депиляции, а это недешевая процедура в том же Муроме стоит под 2 тысячи рублей.
",0.0
"ты что, не знаешь как расшифровывается первая буква аббревиатуры?
",0.0
"ты голосует за фильм рублем Я не голосовал. Больше чем мусорного говна с моих налогов они не увидели. продюсерам поебать на твои единички Ты действительно думаешь, что я такой УХ ПОСТАВЛЮ ЕДИНИЧКУ, УХ СЕЙЧАС ОНИ ВСЕ ТАМ ОБОСРУТЬСЯ ОТ СТРАХА, УХ КАК Я ИХ УНИЗИЛ ? Нет, по большей части, по крайней мере я на это надеюсь, что рейтинг повлияет на тех, кто ещё не посмотрел этот шедевр. готов слушать исковерканные факты любого известного хуя с Ютуба
",1.0
"Через неделю искусственно выведенная рабская порода окраиснких людей , так называемых украинцев , будет вновь жестоко унижена. Пан порошенко с явными и массовыми вбросами, с самыми лютыми и бесстыдными махинациями переизберет себя на пост пастуха стада рабской породы скота. И вновь на несколько лет будет боль и унижение рабского скота окраинцев, будет пиздарез и масса веселых вещей, которые порошенко будет вытворять над собственным скотом. Всё это очень забавляет весь остальной мир. Хочу спросить у так называемых украинцев, вы готовы к этому? Расскажите мне, как вы только выиграли. Повеселите меня своим убогим умишком.
",1.0
"А я тем временем напоминаю вам, что мы живем ни в коем случае не в ванючей фашистской параше с террором и цензурой, а в правовом государстве с верховенством закона, свободой слова и независимой журналистикой. Прошу не путать как делают некоторые. Так живут во всём мире, где то не просто увольняют, а еще и сажают. Просыпайся уже, маня.
",1.0
"чувак, я хоть и не особый любитель каверов да и всей теперешной музыки,которую я уже не слушаю, ты при своём исполнении system of a dawn - Chop Suey просто понравился твоим русским исполнением . плюсярю тебе бро)
",0.0
"Сначала надо отрезать
",0.0
"Где же я говорил неправду? Назвал русофоба русофобом? Или сказал, что состояние русофобии ненормально?
",0.0
"Я тебе тайна открою, только ты не пугайся. За год по РФ около 1000 рыл срочниками принимают ислам, это без учета Сирии и Востока. На учениях гибель ЛС до 2 в плане идет. Это ж армия и солдаты, там на 10 рыл полкило мозга с трудом собирается. Я ж не писал что там курорт, но для средневзятого Тараса с высшим свиноводческим дипломом из Хуезнаменки, не опаснее чем поехать на стройку нелегалом пиздячить, где его если чо в бетон укатают и забудут. А тут соцништяк, а если чо так хероем будет, улицу в родном селе назовут, дети в вышиванках плакать будут. Успех? Успех.
",0.0
"В чатиках эти чурки случаем не координируются на кармадрочество? А то по треду и реакции на посты заметно. Ещё и кого-то в семёнстве обвиняют. Стыдоба.
",0.0
"Каждый день убеждаюсь в том, что ПУТИН - БОГ ХОХЛОВ
",1.0
"Аааа, ясно как ты знаешь США, наверное по твоему тут и негров линчуют А я своими глазами видел в прошлом году гей парад, который не то что разгоняли, там участвовали геи-копы, геи-политики, геи-пожарные, геи-медики итп Поэтому не вижу смысла продолжать спорить с человеком, который знает об Америке только с заголовков газет, лучше полюбуйся на фотки гей парадов в США на которых я был
",0.0
"А чё, нормуль! Проезду не мешает! Быдло mode off
",0.0
"Региональные цены УЖЕ ВВЕЛИ. И сколько Метро стоит, в сравнении с ценой предзаказа в Стиме? Отзывы скоро введут. О даа, введут, но с возможностью модерации издателем разработчиком. И конечно же во вновь вышедшей игре heavily relied upon lootboxes никто не будет удалять комменты, кричащие о том что в платной игре есть препятствия для комфортной игры, снимающиеся кошельком (см. Ассасинс Крид последний). Ну а то, что ИЗДАТЕЛИ выбирают меньший процент с временной эксклюзивностью - это уже надо издателей хейтить. С какой стати хейтить следствие а не причину? Ну, по первому предложению этого коммента ты уже слился. Так сколько Метро стоит? Столько же как в Стиме было? Ааа, где же те самые хваленые низкие цены , м? Не завезли для СНГ в Эпик Фейл Сторе?
",0.0
"ПЕРВЫЙ ФСБШНЫЙ ТЕРРОРИСТ-ПЕДОФИЛ ПОРВАЛСЯ. СЛЕДУЮЩИЙ.
",1.0
"история одной бабы-копротивленки-пизды-с-горы которую всё возносят как высший авторитет, тьфу.
",1.0
"в хухле искал? забиваешь название книги. pdf
",0.0
"Хз даже как относиться к тому, что они с Просвиньиным посрались, с одной стороны предсказуемо т.к. у Свиньи крыша протекшая конкретно, с другой стороны, у них же очень похожие взгляды Хохлы не люди , РНГ должно воевать со всем миром , Мы конечно хотим европейские стандарты жизни, но сначала мы все сгорим в ядерном огне и т.п. Кстати ни у кого нет какой нибудь интересной теории почему люди в таких маргинальных течениях для долбоебов типа Интеллектуального русского национализма, коммунизма разных толков, ВНЕЗАПНО анкапа (Как Светов с Пожарским, хотя анкап по сравнению с вышеперечисленным еще ничего, хоть и та еще утопия) и всяких других национал куколдизмов постоянно срутся друг с другом и дробятся на еще более мелкие маргинальные группы. Казалось бы они должны наоборот на время отставить противоречия и выступить единым фронтом?
",1.0
"А ещё эта пчела - расист )
",0.0
"И давно пора. Пусть лучше будут в руках цивилизованных сбалансированных евреев, чем у каких-то шахидов-обормотов. патлатый жиденок, ты уже в третьем треде влетаешь в первые посты и одно и тоже пишешь. чем у каких-то шахидов-обормотов. Ты о тех боевиках ИГ, что жидаи в своих госпиталях лечили и лечат? Вывозя их из южного анклава и обратно закидывая? Сирия светская страна, была и отсается, а вот Израиль культивировав и спонсирует в ней как раз таки радикальных бабахов, попутно помогая им ежемесячными бомбежками позиций САА
",1.0
"сифак??? ты с украины??? у вас там корь, чесотка, блендерный гепатит, бытовой сифилис и просто рагулизм разжижение головного мозга ну не повезло вам, не повезло, сочувствую конечно нет, ору с тебя
",1.0
"друг, да ты сам похоже не особо шаришь) Прикинь, Word умеет в PDF)
",0.0
"Ещё один враг народа сдох, как же хорошо!
",1.0
"И? У него свобода передвижения, а у водителей требование 1.5, водить ТС так, что бы никому не вредить. Для аварийной ситуации не достаточно просто выйти на дорогу, вообще-то. По ПДД при виде пешехода выходящего на дорогу ты тупо должен сбавить скорость вплоть до остановки. Дорожные знаки разрешающие ехать 80км ч - не разрешают давить людей, а потому на всякий случай ты должен сбавить скорость вплоть до полной остановки. Так что аварийная ситуация даже если и возникает, то по вине водителя который неправильно реагирует на дорожную ситуацию двигаясь с высокой скоростью, хотя при виде пешехода уже должен был её скинуть... Не вина пешехода в том, что ты не соблюдаешь ПДД, ты должен управлять ТС так, что бы никому не вредить - не можешь, сдай права продай авто и не управляй им на дорогах России. В прошлом году в ДТП было убито 19000 человек, больше 200000 пострадало. Спровоцировал появлением своей тушки аварийную ситуацию с последствиями Пешеход имеет право находиться где угодно, и на дороге тоже. Одно его присутствие не является провокацией потому как водитель согласно ПДД должен всегда ожидать его появление на дороге и ни в коем случае не навредить. Если рассуждать с твоей позиции, то увидев тебя проезжающим на ТС мимо - ты спровоцировал меня на разбойные действия(например отнял чемодан у другого прохожего), а раз спровоцировал меня на это ты, то и судить и наказывать за кражу совершённую мной должны тебя. Вот такая у тебя кривая причинно-следственная логика. Типа управляешь ТС ты, совершаешь наезд или какие-то действия приведшие к ДТП ты, а судить должны кого-то другого. В приведённом тобой случае всё равно виноват водитель ТС, потому как от его действий возникло ДТП, а пешеход ничего не делал, он просто шёл мимо...
",0.0
"http: www.aspd.ru napravlenija dejatelnosti akusticheskie-materialy akusticheskaja rezina gsp 100 vibrozaschita
",0.0
"Вещей нет,сама на иждивении мужа нахожусь! Пятое-десятое! Нет ли у вас какого-нибудь дурака на примете?
",0.0
"Да почти каждый вечер блокируют. С Карагандинского кипиша все началось еще, потом дети погибли. Народ волнуется очко сжимается. Хан ссыт чето. Я думал в его возрасте уже нечего боятся. А вы братья словяне не переживайте, Крым ваш и буде с вас. Вежливые люди по казахски не излагают не примут их у нас, так что сами разберемся.
",0.0
"То есть, любое слово, начинающееся на D в шведском языке у вас вызывает припадок смеха?
",0.0
"Я ваш коммент курсором отпиздил, настолько он тупой и однобокий, а эту бабку я бы палкой отпиздил потому что это типичный куркуль недорезаный, а наркоманские АУЕшники для неё дело десятое.
",1.0
"Проснись, у тебя нет мужа :о
",0.0
"Если бы твой пытливый ум действительно хотел понять тайны мироздания это одно, но ты задаешь эти вопросы только для того что бы оправдать веру в своего вымышленного идола.
",0.0
"Знаете, моя подруга живёт с мужчиной, который вероятней всего ей изменял (переписки разрывала какие-то, но он оправдался, что это были только переписки и до встречи не дошло), который за 5 лет совместной жизни не знает, что такое квартплата и затраты на ребёнка (от предыдущего брака подруги), только через 2 года совместной жизни он узнал, что такое купить продукты в дом, который считает мнение своей мамы важнее всех на свете, который сделал предложение через скандал, женился через скандал (тайно), рассказал своим родителям через скандал и в период ожидания совместного ребёнка в квартире с недоделанным ремонтом (проштробленные стены, бетонный потолок) решил, что купит себе шестёрку и будет её чинить и дрифтовать. При этом за пять лет я уже устала слушать, какой он козёл, сволочь, подонок, ему ничего не надо, он ничего не хочет и так далее, скандалы, интриги, расследования. Моё мнение: если мужик - козёл, что ж ты с ним живёшь. Либо признавай, что сама дура и прекращай ныть, либо уходи и будь с нормальным мужиком. При этом её мнение: это любоф, я ничего не понимаю и она научит меня, как женить на себе мужика и как вообще жить семейной жизнью. Вторая подруга платит кредиты за бывшего мужа до сих пор. Мой единственный вывод: бабы очень часто дуры. Честно. Вот в жизни умные и профессионалы в своей сфере, и на жизнь вроде смотрят здраво, а в отношениях - дуры. Потому что вдолбили себе в голову, что если это любоф, то всё - нужно нести этот крест и позволять все что угодно в свой адрес. При этом муж первой - совсем иначе вёл себя с предыдущей пассией. Да и по жизни инфантилен несколько, но не такой уж козёл. И мозги таки есть. Бывший муж второй - тоже неплохой человек, но при жене, которая неделями не появляется дома, пашет на трех работах и получает в три раза больше него, так как профессия и признание на работе важнее всего остального - расслабился и ножки свесил. Просто каждый сам в ответе за свою жизнь. И я вижу очень много примеров, как женщины считают нормой в семье то, что с моей точки зрения совсем ненормально и неприемлемо. И они свято в это верят. Я не оправдываю мужиков и не обвиняю женщин, но если тебе с кем-то жить хреново - зачем ты с этим человеком живёшь. Если тебе от отношений что-то нужно, ты готов что-то делать, искать компромиссы, а твой партнёр класть на это все хотел - зачем тебе такие отношения. А я отвечу зачем - потому что очень часто девочкам вбивается, что если ты без мужика - ататата, если диточек не настрогала - атата, если ты одна - значит, ты несчастна. Итог - бежит женщина, хватается за кого-то и держится, и думает про себя - пофиг, что несчастна, зато с мужиком в отличие от этих несостоявшихся. Или в работу с головой уходит, чтобы не ввязываться в эту эпопею с отношениями, где все медленно рушится, если не уделять времени и внимания. Итог в обоих случаях плачевен. И да, обе подруги во время первого брака пытались научить меня, как выйти замуж и жить счастливо на своём примере. Обе в разводе и в браке во второй раз. Но это все большое отступление от темы, да. А мысль общая такая - если женщина любит не только своего мужчину, но и себя, и ценит себя - не будет она сидеть в луже говенных отношений, на работе тоже пропадать не будет и мужчину своего давить под каблуком не будет. Да, от мужчины зависит многое, но не всё - да, если мужчина тоже любит свою женщину, ценит себя и её - все у них будет хорошо. Плюсом, именно от женщины больше зависит - в какой обстановке будет расти ребёнок. Будет ли он впитывать пример отца и кто вообще будет отцом этого ребёнка. А значит - от женщины больше зависит, каким будет следующее поколение. У мужчин немного другая роль в этой пьесе, но именно от женщины зависит, будет ли размножаться и воспитывать жертву неадекват тиран тряпка истерик и так далее. И вот эта ответственность меня лично немного гнетет и заставляет предъявлять повышенные требования именно к себе, как к представительнице женского пола.
",1.0
"Вы там осторожней, а то увидит что вы тут про него пишете и переебёт с ноги.
",1.0
"Попробуй крановщиком на башеннике поработать, седина твоя махом выпадет.
",0.0
"Вали нахуй,мужик хоть нормальную себе найдет.
",1.0
"потом от пиздюлей и правда хромой станет
",1.0
"С не уходи от темы твоих грехов, маловер-гоблоугодник. Покайся, анафема!
",1.0
"нацибляди не люди. нац-отсосы - леваки
",1.0
"Лол, совковая пидораха полыхает, но аргументов кроме ДА ВЫ ЖЫ НИЧИГО НИ ПАНИМАИТИ не принес. Рашка сейчас - это совок, который воюет с другими странами (привет, Афганистан), экономика катится в жопу (привет, дефицит), запрещает иностранные товары (привет, совковые пидорахи, готовые дать в жопу за джинсы), и все это на фоне политического болота (привет, Леонид Ильич)
",1.0
"Встретил бы я тебя на улице, ох и поплакал бы ты горькими слезами.
",1.0
"Так высрал же тебе на лицо, а ты утерся и отреагировал, ну че ты как маленький.
",1.0
"2) 3) СТИРАЯ И УБИРАЯ ГОВНО ГОЛОЙ СМОЧЕННОЙ РУКОЙ Пошел нахуй, чухан.
",1.0
"хуйню второе сообщение подрядят несешь ты. Опять пишешь что Гримберген дешевое, но даже не читал мое сообщение: У нас он 120р.в ленте. Это 180р в пересчете на 0.5 в каком месте это блять дешевый имопрт? Ты в какой реальности живешь? Годный импорт в кб-ленте стоит от 70-100р рублей (как раз таки эли - я почти только пшенички пью). За 180р полно рф крафта.
",1.0
"Хули ты тогда тут делаешь? Читай ресурсы соответствующие твоему интеллекту
",1.0
"Не имеет никакого шанса откупиться в наших условиях. А мост может и не окупится, но имеет стратегическое значегие
",1.0
"Это у него лысина, что ли?
",0.0
"Девушка хоть не похожа на обезьяну с гифки?
",0.0
"Да нету там никакой альтернативщины, ничего такого Глуховский не придумывал. Первая книга была неплохим постапокалипсом, вторая странной писаниной, а потом автору на волне украинских событий, тугой струёй либерастической мочи окончательно сдуло голову. Что говорить про игры - далеко от сюжета книг, но недалеко от маразма. Вспомните хотя бы трейлер ко второй части, где блять солдаты в шинелях до пяток, и где люди - аки беженцы в первую мировую несутся тупым стадом. Никого не смущало тогда. С чего вдруг сейчас жопы гореть стали?!
",0.0
"нормальные аноны и с компа покапчуют. Нет уж, пидарашка, плавай в этой замусоренной мылопараше сам.
",1.0
"Ну так я же не предлагаю перекатываться на другие доски. Ты как раз таки предлагаешь перекатиться на другую доску - 2d . Я не очень понимаю, зачем нужно это копротивление, когда всё можно сделать нормально. Может потому что макака и мочерня охуели тем, что превратили b , доску без правил как бы, в анально-модерируемую хуйню? Какого хуя я должен идти в мертвый a или 2d с постингом 120 постов час и 30 постов час соответственно? Почему я должен пытаться оживлять то, что мертво? Куклы и кони вот нормально сидят и общаются в своих разделах. Ты видел rm ? 0 постов час. В mlp 5 постов в час. Охуенное общение. Уровень нонейм мелкоборд. Я это всё к чему, анимублядский не может жить в тематике, так как тематика всегда модерируется сильнее, чем b и в тематике есть правила. Как ты думаешь, почему в мп4 вебм тред в анимаче пошло максимум 30 от всех пидорнутых из анимублядского? Потому что там анальная модерация похуже нынешнего аниме-треда в b - это во-первых. Во-вторых - относительно низкий постинг и слабый приток новых лиц. В b же, анимублядский будет постоянно иметь нормальный постинг, новые аноны будут постоянно интересоваться, что это за анимублядский. Сам в 2015 зашел посмотреть, что это за тредик такой, и начал смотреть аниме и анимублядствовать. Сам даже две вебмки сделал.
",0.0
"выдающий в целующем холопа, а в целуемом - тщеславного мудака. Зашоренное быдло эс из.
",1.0
"1. Жидовка подтачивает государство. Никогда такого не было, ага. 2. Нахуй фемкам косметика для патриархалок , когда им нужно что-то типа кондиционеров для волос на теле? 3. В чем хамство лаша? На месте этой конторы, глядючи на эту харю, я бы даже и отвечать не стал. 4. Сделала много для фемок, открытую инсту не догадалась зарегать - ЭТО ШИН!!! И кстати почему ее феминоподсписочницы не зафоловили ее в этой инсте, сучки токсичные?
",1.0
"Вы просто не умеете читать между строк.
",0.0
"Смысла говоришь нет. А сам то истово веруешь, отстаиваешь, тех кто не согласен, оскорбляешь.
",1.0
"По-моему это прокачка жопы головного мозга . Выглядит пугающе
",0.0
"Что вы там вместо фидера собрались тулить? Там наболдашник будет пздц, плюс цевье. Вы хоть один маркер видели? Хватит тупить, страйкбол и пейнтбол разные вещи
",0.0
"А почему жена не могла её послать туда же? Сказала: иди ка ты, пожилая неразумная женщина-вагина все туда же. И всё. Развернулась и ушла. А то стоит с маленьким ребенком и слушает. Мелочь тоже слушает и боится. Нет нет. Только на й. И погромче.
",0.0
"о. а ты сарказм не понимаешь, да? врага поспорить ищешь? мне это нахрен не упало.
",1.0
"Т.е. Псаки и ей подобные - это не пример? Это специально обученные тролли, со степенью Гарварда и работой притворяться тупой дурой. Плюс морда тупая, а то реально плюс на этой работе. Думаю, что в реале она раз в 10 круче нас шарит во всех областях.
",1.0
"Мне вот другое интересно, где тысячная армия, подписоты, двух месячного аккаунта, когда их кумира так жестоко минусуют ? , не кажется ли вам странным количество, подписчиков у данного аккаунта (2.5 месяца отроду), ещё учитывая тот факт, что практически каждый его пост не соответствует - рейтинг подписота. Я уже не первый указываю, на странности этого аккаунта, что скажете, Модератор ?
",0.0
"Весело ломать людям жизни ? В такие моменты я рад что пыня и компания скоро выебут всех вас в сраку. Будешь травить с регистрацией по паспорту чмо абоссаное. Сами превращаете интернет в помойку, сами же за это и получаете.
",1.0
"Так пиндосы скоро запоют - не стоит нас пугать, бахвалиться спесиво! Не стоит нам грозить и вновь с огнем играть! Но если вдруг русня проверит нашу силу, Её мы на всегда отучим проверять!
",1.0
"когда ты вводишь какие-то сущности и наделяешь их свойствами не позволяющими наблюдать их и их действия никакими способами. Это не про диалектику, дебич. Никто там ничег оне вводит - всё берётся уже из того, что и так есть, из человеческого языка, понятий.
",1.0
"Классический ватный дегенерат, то что всё, что импортируется, покупается за доллары и евро он не понимает.
",1.0
"о ужас, не стерпела мужитская психика шума детского и вышел герой в бой неравный, супротив детей и женщин и прогнал он орду поганую на мороз жестокий...
",0.0
"3. Лучше бы ты не судил людей по их внешнему виду, одежде, или по тому, как они говорят. Веди себя хорошо, ладно? Ах да, и вбей это в свою тупую башку: Женщина это личность. Мужчина это личность. А зануда это всегда зануда. Никто из людей не лучше других, за исключением умения модно одеваться извини уж, но Я одарил в этом смысле только женщин и лишь кое-кого из парней тех, кто отличает пурпурный от пунцового.
",1.0
"Всего 500км, почему они тоже не могут пользоваться этим спутником?
",0.0
"Тут как бы у человека проблема, а ты ерничаешь. Уж извини, но неадекваты вообще в дискуссии с психологической подоплекой не должны входить - они просто себя позорят некомпетентностью.
",1.0
"Так у меня цены в тенге . Разделите сумму на 5 выйдет цена в рублях.
",0.0
"Где у вас закрыли родильные и детские отделения, что нужно ехать за 200 км? Знаю, что некоторые больницы закрыли так как туда обращений мало и ближайшие находится в 10-20км. Но про 200км впервые слышу.
",0.0
"да кто этот рапич лох и девочка вот кто
",1.0
"Я не знаю как вы, но я не захожу в уже прочитанные посты по несколько раз, чтобы перечитать новые комментарии. Пишу свой, если кто-то отвечает, завязывается диалог. Куда там ветка ушла в обсуждениях не интересно. А вы избавляйтесь от депрессии - все комментарии пропитаны желчью, как будто речь не о законе и чьих-то загонах , а лично у вас отобрали право убивать младенцев и вы возмущены тем, что кому то можно, а вам вот нет.
",0.0
"Ты похож на въебливого зануду. А, не, не похож - он и есть. Фу таким быть. Особенно, если сам ничего не можешь, кроме как говном в интернете кидаться. , нет ли тут нарушений правил VovkaBright
",1.0
"Золото - это ресурс ограниченный. Не абслютно. То же золото из Нового Света сильно пошатало европейскую экономику. настоящая финансовая система Так после отмены золотого стандарта уже не рассматривает? Или ты под настоящей имеешь в виду правильную ? Если напечатать больше денег, то от этого покупательная способность не вырастет. Как я понимаю, деньги пока ещё хоть и своеобразный, но товар. Так что, если напечатать их быстро и дать в виде кредита какому-нибудь промышленнику, он успеет построить завод и наштамповать продукции, которая вновь повысит цену денег. С самоценными деньгами такой финт провернуть гораздо сложнее. реальным золотом Опять же, насколько реально золото? Да, оно удобно: не портится, легко разделяется и сплавляется и довольно компактное. Но его ценность - во многом тоже результат соглашения, это хорошо проявляется в пиздецовые оменты, когда, грубо говоря, за кило золота дают кило хлеба. отчасти возмещая ущерб Себе, но не частным лицам в целом. Фальшивка - это то, что пытается выглядеть, как оригинал. Я бы добавил, не обладая в полной мере его свойствами . Но бумажные деньги - это уже фальшивка И тут мы можем задеть такой любопытный класс материальных ценностей, как предметы искусства, которые с одной стороны, даже во времена зорлотого стандарта были подкреплены реальным золотом , но если рассмотреть их как сумму составляющих материалов и даже трудозатрат, ничего особенного из себя не представляют.
",0.0
"За тупость местных - ты не прав, по себе судить нельзя. В остальном верно.
",1.0
"Ты залез в ветку ксенофобов и рассказываешь, что терроризм и преступность не имеют национальности. И кто из нас не в себе после этого?!
",1.0
"чушки задроченные чмошники Прочитал тред. Поражает, с какой готовностью готовы считать ближнего своего грязью из-под ногтей, мусором и недочеловеком представители самого антифашистского в мире народа. Духовность так и прет, горжусь Россией!
",1.0
"Да ладно? Это всё о том же фашизме (и не только доктор Менгеле этим занимался) - исключительной нации американцев 21века - евгенике 19-20вв. - принудительной стерилизации индейских скво в 1960-1970х годах в США (что вылилось в геноцид) - принудительной стерилизации особо опасных преступников в 19веке - принудительной стерилизации неполноценно здоровых детей уродцев инвалидов в скандинавских странах в 20веке - вакцинах, вызывающих женское бесплодие в Африке и т.д. и т.п.
",0.0
"ошибка в слове убивайся
",0.0
"Твоим компом кто-нибудь еще пользуется? Пусти своих родителей и узнаешь , зачем
",0.0
"Недавно наткнулся на ютубе на какие то моменты, сам его уже давно не смотрю и это было очень весело, даже захотелось купить ее и баночек бада.Я как понимаю, на ниве стримерства этого он топовый? Это прям его, хотя мне от этого грустно. мимо, ведь засрали все этим разделом
",0.0
"Прежде чем все скажут БАНКИРЫ КОЗЛЫ, ТАК ИМ И НАДО, НАЖИВАЮТСЯ НА ПРОСТЫХ ЛЮДЯХ давайте разберем три момента Зануда mode on 1) ПСК (полная стоимость кредита) и ставка по договору это разные вещи и как правило первое намного больше и объясню почему: ПСК - это сумма всех платежей по КД, где в том числе выгодоприобретателем является банк -это КАСКО, страховка жизни (может какие-то ее части), по договору и т.д., рассчитывается по сложной формуле ЦБ и превышение данного значения - серьезное нарушение. 2) помимо ИНДИВИДУАЛЬНЫХ условий кредитования (кредитный договор), который подписывает заёмщик, имеются ещё ОБЩИЕ условия кредитного договора, которые, как показывает практика, подписываются заёмщиком в самих ИНДИВИДУАЛЬНЫХ условия строчкой ознакомлен (в кредитном договоре могут быть многочисленные ссылки на общие услоия) 3) данный случай скорее исключение из правил, нежели чем само правило - не думаю, что юристы ВТБ зря свой хлебушек кушают. Сомневаюсь, что миллионы людей получившие кредит в этом банке пойдут в Роспотребнадзор и нагнут его на 100 т.р. Зануда mode off и хотелось бы увидеть пруфы (ссылки на арбитраж, а то уж сильно на пиздеж смахивает)
",0.0
"Модератор - пидорас и хуесос
",1.0
"Даже разговоры глазами и кивками бывают) - Проезжай - Не, проходи - Да мне не к спеху, курю - Давай, удачи Спасибо вам водители! А водятлам злого гайца и шипов под колеса)
",0.0
"Свиносотня уже разжигает, так мило
",1.0
"Похоже ребенок просто тупой, по другому и не скажешь, в школе сверстники пару раз дадут по лицу - быстро поумнеет, чисто мое мнение
",1.0
"вы растекаетесь по всей борде лишим вас загончика, чтобы это на самом деле стало правдой А ты хитер.
",0.0
"Ахах! УДАЛЯТЬ ПОСТЫ! ЛОЛ!
",0.0
"лол, классическое народ не тот . Корону с башки сними, придурок
",1.0
"Заткнись, коммимразь ебучая.
",1.0
"Автор, до чего же ваш котик красив!
",0.0
"Пошел нахуй с тупичка
",1.0
"Пригожин вас теперь из политики выпускает? Или вы к нам на обед?
",0.0
"Чтобы Астану назвали Нурсултаном. А если недоволен,что у Пахомии так много земель, ну кто же виноват что ареал обитания твоих дидов это кыргызкая степь. И посмотри чьих дидов погибло в WOW больше всего и это будут хохлы, русня и белорусы. А казахов около процента. Так что пиздуй в свой нурсулстан и невыебывайся, чмонька.
",1.0
"Ты ёбнутый, мразь? Модер и есть хейтер Бри Ларсон. Он сам редактирует шапки. Ненависть к Бри Ларсон уравновешивалась её защитниками. Сейчас усилиями модера осталась ненависть. Какого такого хуя? Почему такой перекос? Почему дискуссия не может саморегулироваться, чтобы в треде был баланс?
",1.0
"Как известно, у Укр ины (т.е. окр ины), слепленной по пьяни на коленке во 2-м десятилетии XX в., нет истории до XX столетия. Все земли, которые сейчас занимает Укр ина, это русские, румынские, польские и венгерские земли. Напоминаем, что укр инство это сугубо левацкая, антиконсервативная местечково-хуторская идеология, направленная, как и прочие левацкие идеи, на разделение больших наций и поддержание диктата интернацистов. Сторонники бандеровцев (леваков, выступавших за бесклассовое общество и борьбу с капитализмом) и карлика-душителя котов Степана Бандеры, который, как известно, боролся с расизмом, поддерживал Идель-Урал и называл побратимами исламских борцов за свободу из Азербайджана, не пользуются симпатиями у правых европейцев. И это правильно. Попытки заявить о некой отдельной нации неких украинцев это манипуляции, созданные с целью оторвать от русских часть их этнических земель и ослабить в будущем Россию. Только так, чудовищной ложью и тотальной пропагандой, фейковая нация укр инцев , слепленная советскими кукловодами из русских Юга и Киевщины, галичан, поляков, советских румын, славянизированных гуцулов, закарпатских венгров, евреев, татар и многонациональных советских новиопов (а ля Бабченко), может обрести жизнь на русских этнических землях. Разумеется, нет никакого народа укр инцев , как бы одно соседнее failed state ни пыталось их вывести из русских путём обмана, коверканья истории и откровенной фальсификации. Нынешний эксперимент по созданию некой украинской нации можно сравнить разве что с советским экспериментом по созданию нации советской на основании таких же мифов, фейков и откровенного бреда. И маниакальное желание снести все памятники выродку Ленину (Бланку) вас не должно обнадёживать. На смену ему устанавливают памятники такого же левацкого дегенерата-кошкодава Бандеры, чьи руки по локоть в славянской (прежде всего, польской) крови. Заместо совковой лжи про Великую революцию Октября пришла точно такая же наглая ложь про Великую революц ю Г дност абстрагируйтесь от фигуры блогера и посмотрите видео Чем в итоге завершился советский эксперимент, мы все знаем. Ждём закономерного итога эксперимента эльфийского (простите, укр инского ). Разумеется, зомбированные люди будут цепляться до последнего за свои мифы про отельный народ и чужих московитов , но всё это наваждение рано или поздно сгинет, как сгинул Совок со своей мощной идеологией, мифами и фейками.
",1.0
"Причем тут менталитет? Чё много людей таких повидал в своей жизни чтобы о менталитете рассуждать? Много на себя берешь
",1.0
"Хотел бы я на тебя посмотреть; как ты костыли забивал на строительстве дороги Салехард- Игарка за миску баланды, или как тебя в колхоз загоняли, и как ты туда свою лошадь, корову, порося, борону, сеялку сдал. А потом бы работал в этом колхозе рабом за палочки. И как потом ты пух с голодухи, и как на твоих руках детки умирали,( потому что жрать не было) как жена сходила от этого с ума. Давай восхваляй этого параноика, ( диагноз был поставлен уже 1927 году академиком Бехтеревым) палача советского народа.
",1.0
"Либерасты, ваш выход. Где ваши крики о том, что свобода слова душится, что ущемляются гражданские права и свободы? Ах да, речь про Америку, а на нее вы не тявкаете
",1.0
"Зашквар и через поколения передается. Если ты русский, то 100 зашкваренный.
",1.0
"иии?? фотки похожи, но ты увидел где то полное совпадение? тоесть, по-твоему, я качнул ее из яндекса и вставил? фото ценника тебя устроит?
",0.0
"О, так вы тоже разработчик? Знаете особенности геймдева? Увы, у 90 всего геймдева проблемы с технической частью
",0.0
"Да кому нужна твоя страница и пд? Пост бредовой паранои
",1.0
"Индийский лесник получил серьезные травмы в схватке с медведем, которого он пытался оградить от встречи с сельскими жителями, сообщает PenNews. Очевидцы сняли на видео противостояние человека и зверя. Инцидент произошел днем 21 марта в окрестностях Карнула. Местные жители сообщили в департамент защиты лесов штата Андхра-Прадеш о появившемся на берегах водохранилища Велугоду молодом медведе. Лесникам удалось поймать косолапого в сети, но при попытке вытащить его на берег хищник вырвался и атаковал участвовавшего в операции Виджая Кумара. На кадрах видно, как зверь бросается за своим спасителем, загоняет его в воду и начинает его рвать. На помощь леснику пришли очевидцы, которые метали в медведя камни. На одного из мужчин животное и переключилось, бросив свою жертву в воде. В результате инцидента травмы получил только Кумар, его доставили в больницу. О судьбе медведя ничего не сообщается.
",0.0
"Нет, ты именно другое сказал. Извинись перед всеми
",1.0
"Ну видимо в микротике не реализован автопоиск менее загруженных каналов. Кинетик назвал как пример, так как у меня именно он. С микротиками не сталкивался
",0.0
"Я ерничаю, это ты так меня воспринимаешь, и это, увы, твоя
",0.0
"Вы можете посмотреть, как меня активно минусуют за коменты, где я говорю, как обычный человек может себя отстоять. К сожалению, этот сайт и в тюрьмах бакланье читает, делайте выводы - каждый минус - это зассавший пацан ровный , который бздит под ответку попасть. На Ганзе почитайте, там много интересного
",1.0
"а если проявишь инициативу-вые ,потому что оне хатели не так! ,а ты все испортил ни не делать-опять не прав,бездельник!!......
",1.0
"если хохлы это лахта,то они существуют страно что еще накрутчик раги не врубили
",1.0
"Сударь, да где же тут жесть? Какой ты чувствительный, мальчик Томми )
",0.0
"Вот до чего маняме малолетних долбоебов доводит
",1.0
"Не верь. Пост проплачен быть может.
",0.0
"Если ты по понятиям живешь тогда да, зашквар, пидоры, вот это всё... Ссаныч тоже по понятиям пидорами всех назвал? спросить за феню и понятия могут, при чем, как с чухана и козла. Я смотрю вы прошаренные, посоны, бывалые
",1.0
"Мне не нравится Давыдыч, но куда хуже него звездаболы, типа тебя.
",1.0
"Да уж, ебаные татары русское население мягко говоря недолюбливают и гнобят.
",1.0
"Продолжайте пополнять свой игнор-лист. При каждом добавлении создавайте пост. Все должны знать, что вы игнорируете.
",0.0
"Сразу видно, что ты зелень. Сразу видно, что ты не умеешь слушать людей. В любой специальности нужно уметь развиваться и учиться. Я изучал программирование, параллельно работая юристом на полную ставку. Я в своё время закончил два образования (по второму уже в Москве ещё и ряд курсов повышения квалификации и магистратуру столичного ВУЗа осилил), защитил кандидатскую диссертацию и написал научно-популярную книгу. Всё это я сделал, параллельно переехав в Москву. Можно сказать, что я УМЕЮ учиться и развиваться ЛУЧШЕ большинства людей, которых я знаю.
",1.0
"Ну у вас такая мусорка? Мне просто интересно, откуда у вас эта информация. Никогда не слышала , что бы за мусор была отдельная плата
",0.0
"Дурачек... Кот - поляк?
",1.0
"А вы кто тут вообще? Мы как бы рассуждаем в ветке о проблеме определенного человека. И первым такт по хронологии нарушили именно вы. Считайте, что я пришел вернуть полученную грубость. Всегда придерживаюсь правила, что хамству нельзя отвечать толерантностью, это бессмысленно и лишь на руку таким людям . Можно игнором, но лучше сразу в лоб заявлять, что думаешь. Да, вы еще и дитё, судя по риторике. Тогда даже смысла в дальнейшей беседе нет.
",1.0
"Ну чо, братан, окуклился?
",0.0
"ОП, ты хуйню придумал. От этого пострадают только всякие усть-перепиздюйск-телекомы с 3.5 сотрудниками. А наварятся жирные коты из большой тройки, через которых ты и послушавшие тебя аноны продолжат капчевать.
",1.0
"Почему вы считаете, что если чья либо ситуация отличается от вашей, то человек несет чушь? Не знаю, сможете ли вы поверить, но мне похеру что у вас там в Казани. Я приведу свой пример. Последний раз номер двигателя гаишники проверяли на моем мегане, когда я ставил его на учет в 2012. Когда я его продавал и снимал с учета, в 2014, сверяли только вин. С тех пор по сей день у меня поменялось ещё три машины. Ни на одной из них не сверяли номер двигателя. Только vin. Двигатель давно приведен в разряд заменяемх агрегатов и считается запчастью, как те же шаровые. Может вам перестать считать Казань центром мира? В Казани, например, гаишники пытались оштрафовать меня за бескаркасные удерживающие устройства (мягкие кресла), хотя они разрешены к использованию при наличии сертификата, который я всегда вожу с собой. И ни в одном другом регионе, ни у кого не возникало вопросов. Не считайте самодурство и произвол местных мусоров за правило
",0.0
"у него у одного есть реальная возможность прекратить этот пиздец на бомбасе ты смешной такой. пиздец на бомбасе возможно прекратить только если стадо проживающее на украине от голода забудет все свои фантазии о ебиной украине и обдристаных героях. иначе никакой президент страны, с недавним опытом успешного госперерворота, ничего не сможет сделать.
",1.0
"рашковане говнобыло пидаранские выблядки я не какел, вата, не какел я
",1.0
"Мне тебя жаль честно раз ты не можешь понять что там не написано что он был Прав и говоришь зачем поворачивать ещё двоих. Всё просто он убедился что он был не прав, пойми ты не прав был не ппрррааавввв по этому хватило двоих повернуть. Прочитай условия внимательно и этот текст сново условия и покажи кому нибудь из взрослых это чтоб объяснили тебе пробитому что ты сынок пробитый
",1.0
"Я его куплю. Мне развитие позволяет покупать стальные топоры. А вы делайте каменные. Раз мозга нет. Хотя тупые легче живут- вот вы и не исчезаете, соблазн легкого пути.
",1.0
"Что ты несешь? ты поехавший? Ты понимаешь чем к примеру физичиеские законы отличаются от теорий разной степени охуительности ? Закон гравитации работет на всей планете Земля независимо от твоих манятеорий. Пространство блядь- трехмерно. А ты утверждаешь что оно может быть , 5,6 и прочее мерным, но доказать и продемонстрировать мы не можем по этому представим... Ты ты тупой верун Есть невидимый мужик , доказать и подтвердить мы не можем но давайте поверим... Иди нахуй. Ты настолько туп что не понимаешь даже что время- это иллюзия.
",1.0
"Не пизди тут, нацист недоебанный. Вали в дырку своей матери, которая родила такого конченого разжигателя.
",1.0
"Слушай, вот серьезно, обратись к врачу. Да-да, они все жиды, и психиатрия - это вообще псевдонаучные штучки пейсатых, но ты все же обратись.
",1.0
"Цель вот твоего доёба до меня какая? Я написал о том, о чем хотел. Согласен, с тобой, подход у меня отнюдь не профессиональный. Я не историк. Но и не ввиду смысла превращать посты в научный труд. Для понимания - я пишу посты на смартфоне. Это довольно сложно. Возможно на ПК, мои посты были более содержательны и содержали ссылки. Я стараюсь сделать максимально информативно и не нудно. Вижу не ваш всем попадаю в цель. Мои взгляды на то как должен выглядеть пост всегда не будет совпадать хоть с чьим то. Я постараюсь учесть это в будущем. К сожалению не могу легко лазить искать и давать ссылки на источники. Я просто не был готов, что их потребуют.
",0.0
"Сразу вопрос. Какая по твоему национальная идея России? И вообще, у тебя странная, двуличная, мораль. Он сказал про нац. идею России. Ты в ответ оскорбляешь его. Так это работает в твоей голове? Вот если бы ты вступил с ним в полемику - пусть даже заочную - и написал бы, как есть на самом деле. То да, ты бы мог рассуждать о морали и человеческих принципах.
",0.0
"Впервые солидарен С Милоновым Двачую, такая же хуйня. Реально гнать их нахуй из Рашки надо, пока не поздно еще! Вместе мы сможем спасти патриархат нашей любимой Россиюшки!
",1.0
"Отсутствие мозга не отменяет амбиции. Просто малфои были выше в иерархии. В конце же, когда их семейка налажала, кребб или гойл в открытку наехал на драко
",0.0
"Так там если ситуация запущенная действуют вертолетная СП. В чем проблема то? Ну женщина же знает когда родит плюс минус и за недели две ложиться в больницу, за две недели она не доедет до роддома? Ок дела у нее и т.д. Так случилось, что рожает на месте, раньше также приходилось 4-5 часов ехать, теперь же есть вертолетная СП и если ситуация запущенная вертик прилетит и заберет. Я не пойму чему вы недовольны то? Тенденция именно в данном регионе хорошая. Вот знаю в западных действительно расформировали больницы и людям только и остается либо МЧС с вертолетом вызывать либо самим ехать 4-5 часов, но в Хакасии раньше еще хуже же было.
",0.0
"Какой нахуй навальный, шизоид? Не переводи стрелки, быдло, и тони, тони...
",1.0
"Умный дурак в два раза опасней
",1.0
"Любой боксёр Этот чувак на ютубе работал еще тогда, когда твой Дебиль от пуль скакал по Украине. Так, то есть по твоей логике, чтобы вызывать эдика, нужно иметь стаж на ютубе? И от скольки?
",1.0
"НА УКРАИНЕ БЕЛОРУССИЯ
",0.0
"Хоть ты и дегенерат, но ты прав. В том, что ты грязноштанный потомок холопа, нет моей заслуги, лишь заслуга твоей матери шлюхи, и ее матери шлюхи, и т.д.
",1.0
"Как с с бодуна в конце,пи..ец.
",0.0
"старый даун всрал все, пишов он нахуй я за двощ дефаю
",1.0
"Но русских из них только двое: остальные - хохлы.
",1.0
"Н е сказал бы: понася могут ругать как пиздоболы, так и нет. А вот если человек хвалит Понася - тут к гадалке не ходи: либо дурак, либо пиздобол.
",0.0
"Что смешнее всего, самим сербам давно категорически похуй, в нато хотят. А поцреот роиси никак не погаснет.
",1.0
"Кароч Фредгитараст нереально переоценённый гитараст в среде гитарастов-нубов. Это просто чел, который научился играть тупые метальные риффы в размере 4 4 ровно и типа с гвоздями . Как музыкант (т.е. человек, который имеет определенное мышление и слух, способен сочинять, импровизировать, играть сложную ритмически замороченную музыку и прочее, что умеют реально топовые исполнители) - Фредхытарыст полная хуета, я понять не могу, как можно офигевать с чувака, который играет по 3-4 секунды одни и те же вертушки или последовательности квинт (что в уроках, что на стримах) или пилит отечественный говнометалл типа немного спрогрессировавшей Арии? Особо угараю с того, что типа через топового преподавателя гитары Фреда прошло пять тыщ учеников , только почему-то на его конкурсах гитарных с горем пополам можно выбрать одного-двух сносно играющих чуваков. Неужели из всех этих тысяч учеников нет пятидесяти человек, которые научились играть и хотели бы поучаствовать во Фредовских конкурсах? Кароч, моё мнение, Фред - это форумная хуита, далёкая от музыкального мира, которая потренировалась немножко, научилась паре гитарных фишек и сразу бросилась выжимать деньги со школьников за уроки. Отчасти говорит (вернее, говорил) правильные вещи, и был очень удачный формат видеоуроков, но большинство этих вещей всякому профессиональному музыканту и так понятны. А теперь вообще на канале одни стримы, где мусолится одно и то же, редко возникающие тухлые конкурсы ну и всё. Все, кто поддерживают этого говнаря (идеологически) и считают его богом гитары - имхо, идиоты.
",0.0
"Я себе и так бы оставил, перила по стене только пустил ба. Ибо нефиг пьяным у меня шарится всяким.
",0.0
"Не забудьте опиум, сударь!
",1.0
"Я ШЛЮХА -- ТЕТЯ СРАКА, ВАША ЗАРПЛАТА ПОНИЖЕНА. ВАШИ ДЕЙСТВИЯ: СОСУ ХУЙ. ВЫХОЖУ НА МИТИНГ.
",1.0
"Завязывай с бухлом, мать. Какой-то херни нагородила.
",1.0
"Слухи о том, что у российского президента есть двойники, которые появляются вместо него на различных общественных мероприятиях, ходят уже давно. Как выяснилось теорию о существовании путинских клонов поддерживает и один из первых главарей ДНР террорист Игорь Гиркин. Об этом он рассказал на одной из пресс-конференций в России, где ему задали весьма своеобразный вопрос. Боевику, сбежавшему в РФ, предложили поставить точку в предложении Путина казнить нельзя помиловать . Соответствующий фрагмент пресс-конференции показали в эфире канала Sobinews во время интервью с украинским журналистом Романом Цимбалюком. А какого из них? Их сейчас показывают, как минимум, троих. Сто процентов уверен, Путина будет свергать не народная революция Путина будет свергать его собственное окружение , заявил террорист Гиркин. О двойниках Путина рассказала известный астропсихолог Валентина Виттрок. Она отметила, что факт наличия клонов Путина очевиден и пояснила, что внешне они отличаются не только от оригинала, но и друг от друга. Скажем, по рукам у одного из двойников бурята по национальности пальцы толстые, как сардельки Присмотритесь к расположению и форме морщин, мочкам ушей, которые у всех людей разные, как отпечатки пальцев , рассказывает эксперт. Напомним, новый двойник Путина ошарашил волосатым внешним видом.
",0.0
"вы в гамаке стоя трахаться не пробовали? по моему проще самому во дворе место найти, чем искать его под руководством жены по телефону, основываясь на фразы типа поворачивай на лево, куда ты блядь попёр, на другое лево.....
",0.0
"Пынчую! Посоны у кого пососать есть? Мимо Пынявый Хуесос
",1.0
"Да и ебись эти времена трехфазным током. Сильно скучаешь по ним? Нахуя тогда хороший интернет себе подключил?
",0.0
"Это конечно твоё личное дело. Но я на всякий случай оставляю заметочку о тебе.
",0.0
"Парашно-ватный дебил, плиз
",1.0
"Это фасад 1993, а ты посмотри дворы , там совсем другие картинки.....: 21 сентября 5 октября 1993 года произошли трагические события новейшей российской истории: роспуск по президентскому указу 1400 Съезда народных депутатов и Верховного Совета России, в нарушение действующей на тот момент Конституции, почти двухнедельное противостояние, завершившееся массовыми расстрелами защитников Верховного Совета 3-5 октября у телецентра в Останкино и в районе Белого дома. Источник:
",0.0
"Бедные пидорахи сколько же у них ненависти к украинцам. Ущербный народ-хуесос
",1.0
"такого как в южной корее - да, нет. И видимо вы меня плохо услышали. Пиздец с коррупцией в южной корее напрямую связан с продажностью дерьмократических выборов. В Северной Корее дерьмократии нет поэтому и такого же пиздеца быть не может. Очевино же, не?
",0.0
"А ты вспомни чем Женя Лукашин салатницу мыл
",0.0
"Это беседа одного того самого имбецила?
",1.0
"Предпочитаю выбирать стиль общения под конкретного собеседника. Ты начал с того, что назвал всех пикабушников лицемерами за то, что тебя заминусовали в другом посте, хотя ситуации в том посте и этом - совершенно разные. Но признавать этого ты не хочешь, предпочитая прятаться за юбкой модератора. Так зачем мне метать перед тобой бисер?
",0.0
"Обезвоживание гавна ила происходит на ленточных отжимных установках? Или у вас уже поновее что-то?
",0.0
"Иди на хуй козлина ебучая езё мне указывать будешь не дорос
",1.0
"ГДЕ ВИДЕО БЛЯДЬ????????7
",0.0
"у меня низкий интеллект тк резко пью wut?
",0.0
"ебать ты конченый, нахуя ты это постишь?
",1.0
"Ошибка: Постинг запрещён. Бан: 1003251. Причина: M Общее 13 - Нерелейтед !vg. Истекает: Птн Окт 05 18:35:16 2018 гавно на мочюхе душит
",0.0
"Да и хер с ними, спорт дерьмо
",1.0
"Сразу видно что обрезанный
",1.0
"Нужно изолировать каклов с либерахами и желательно сжечь . Свиной гриб очень заразен.
",1.0
"У хохлов теперь томос есть. То есть нихуя они не провославные, а сектанты ебанные и мрази. А у русни его нет и никогда не было. Учи матчасть, чтобы не быть батхёртом
",1.0
"10.4 Полное удаление постов и комментариев. Полное удаление комментариев и постов возможно лишь в случаях, когда они нарушают законодательство Российской Федерации, о чем есть постановление уполномоченного органа государственной власти, в случаях, когда контент нарушает авторские права, а также если содержащиеся в нем сведения могут нанести вред его автору. Аккаунты пользователей не удаляются.
",0.0
"Согласен!!! Тупые должны страдать!
",1.0
"Немцы, британцы, скандинавы тоже считают русню за монголоидных обезьян. Вообще всех славян там зовут славскамом слейвшитом
",1.0
"Возможно, комментатор выше путает психолога с психиатром) , психолог - не врач и не доктор. Этому можно обучиться за пару лет в практически любом вузе. Мне ещё друг из США говорил: Ваши проблемы психолог не решит . Это он сказал, когда в гости приезжал)
",0.0
"Малюй на СВО М холсте а не на стенах домов. Лишь бы политоту приплести.
",1.0
"Ой, а ты чо, не читал совсем? Блин, вот щас прям обидно стало.
",0.0
"Иди нахуй,бля. Я искал эту хуйню так как дрочу в гостиницах, когда в командировки летаю. Сплю бухой без трусов. Мне нужная эта ебень.
",1.0
"Я был довольно болезненным, меня температура порадовала галлюцинацией - будто я в звездолете, за окном огоньки, туманности, темень и какой-то негр - пилот мне удивленно: ты здесь откуда? на борту тебя быть не должно, проваливай давай. Пассажиры начали между собой спорить, уходить мне или остаться, негр уже люк отварял, типа : выпрыгивай сюды... Видимо такой приход оттого, что я в то время фантастику читал.
",0.0
"Предложение администрации. Снесите к хуям рф. Пусть шизофреники идут в реал психушку и или распределяются по другим разделам. Нехуй потакать поехавшим. Нехуй пропагандировать душевные болезни.
",1.0
"Только у меня в голове фоном музыка бала сатаны прозвучала?
",0.0
"Це Святоукры, они в подтверждение своей самобытности и индивидуальности скоро в костюмах Адама и Евы будут ходить. Абы не як у москалей.
",1.0
"Ебанутый что ли. Недоношенных что ли. А появятся на улицах они через пару месяцев, им еще ходить научиться надо.
",1.0
"Лучше не пиши нихуя. Только позоришься
",1.0
"Сейчас свинонарода осталось 25 млн - среди них старые люди, которые грешным делом теперь зачислены в свинонарод. Они легко войдут в Федерацию.
",1.0
"Привет из гетто - с Чуркина!
",1.0
"Шоб тебе индивидуальную скидку в 20 дать
",0.0
"Какие же хохлы новозеландцы дегенераты.
",1.0
"МАНЯМЕ а ну съеб пидарасина обратно в паблики
",1.0
"Так что бы родиться,нужно быть конченым,умник ) Так что мы все такие. У тебя у самого дети то есть? Или только в боксе?) Планирую умереть до 60 если что.
",1.0
"ну вот так. Не спрашивали. А ты лезешь везде со своим мнением. Которое интересно кому? Никому.
",1.0
"Так ты не пикабушник? Где твои 49,5?
",0.0
"Какой ты строитель?Офисный?
",0.0
"Кончай жрать говно и отойди от зеркала.
",1.0
"во-первых это было уже написано выше и смысл повторяться?) во-вторых раз тебе до жопы то смысл вообще как то реагировать на то что он не написал коммент?) Хотя можешь не отвечать) ведь мне всего то 26) я слишком молод, ведь возраст у меня меньше чем у тапка)
",0.0
"Тебе не похуй, пидорас ебучий?
",1.0
"beer cork ищи на ибее, а не попрошайничай
",0.0
"хохохо, а ты хорош! В
",0.0
"не может он нихуя выстрелить меньше читай поехавших на ТБ и вообще ты слишком дохуя из себя умного корчишь - тебе сказали БРОСАЙ БЛЯТЬ
",1.0
"Все согласны, блядь. Всем по полному ебучему завтраку, подводит итог Бегби. Рентон не верит своим ушам. Ему хочется послать Бегби на хуй. Но он перебарывает этот порыв и только медленно качает головой: Я не ем мяса, Франко. баное вегетарианство. баный пиздёж. Ты должен есть мясо. баный торчок заботится, на хуй, о том, что он вводит в свой в организм! Я угораю, бля! Просто я не люблю мяса, отвечает Рентон, чувствуя себя полным дураком, и все начинают хихикать. Только не пизди мне о том, что тебе жалко ёбаных животных. Вспомни тех ёбаных собак и кошек, в которых мы с тобой, на хуй, стреляли из духовых ружбаек! А ещё ёбаных голубей, которых мы жгли живьём. Этот чувак делал ебучие шутихи типа как фейерверки из белых мышей. Мне не жалко животных. Просто я не могу их есть, Рентон пожимает плечами, смущённый тем, что Келли узнала о его подростковых зверствах. Бессердечные ублюдки. Не представляю, как можно выстрелить в собаку, ехидничает Элисон, качая головой. А я не представляю себе, как можно убить и съесть свинью, Рентон показывает на бекон и сосиску у неё на тарелке. Это разные вещи. Картошка озирается вокруг: Это, э, это самое Рентс поступает правильно, но только типа как неправильно объясняет. Мы никогда, это самое, не научимся любить друг друга, если не будем заботиться о тех, кто слабее нас, это самое, животных там, и всё такое но хорошо, что Рентс вегетарианец это самое, если ты можешь воздерживаться это самое Бегби неуклюже трясётся всем телом и жестом заставляет Картошку замолчать. Остальные смеются. Рентон, благодарный Картошке за попытку поддержать его, вмешивается, чтобы перевести огонь на себя. Дело не в воздержании. Просто я терпеть не могу мяса. Меня от него тошнит. Вот и всё. И всё равно я говорю, блядь, что ты хочешь всё, на хуй, пересрать. Почему? Потому что я так сказал, блядь, вот почему, на хуй! шипит Бегби, показывая на себя. Рентон опять пожимает плечами. Спорить дальше нет смысла. Самые эгоистичные люди - это вегетарианцы, да.
",0.0
"Хорошо. Но как-то... По-детски. Тебе сколько лет?
",0.0
"Так что в итоге порешили? Конина- красножопый пидорас, который пытаеться впихнуть свои 5 копеек или нормальный обзорщик ставящий на место охуевших мувимейкеров?
",1.0
"Сравнивать Германию и Японию: у которых цель захвата территорий - это завоевание жизненного пространства для великой нации и страну советов, у которой цель - создание достойных условий жизни для рабочего класса (важные замечания: 1) я не ошибся, когда написал про классы, при социализме они ещё есть и 2) под рабочими понимаются все те, кто, как ни странно - работают не присваивают результат чужого труда , а не только пролетарий на заводах). И факт того, что вы их отождествляете говорит или о вашей неграмотности или о том, что вы намеренно лжёте.
",0.0
"Единственная цель детей богачей, кичащихся своим богатством в Instagram, заставить остальных людей ощутить разочарование в собственной жизни. Что за дебил писал статью? Всем похуй на нищеблядей, люди меряться между собой способами их унизить, а то что навальнята и прочее отребье думает их не ебет
",1.0
"Не будешь за Мадуро, будешь торговать спичками на развес. Так что служивых на госпайке я понять желудком могу, но умом эту мерзкую службу на такого упыря не понимаю.
",0.0
"бордель, замаскированный под стриптиз-клуб замаскированный
",0.0
"ВО во письмо наверняка хохлы не нравятся видите ли не нравится им руководство части ууух суки
",1.0
"Ты крутая. Бэнкси отдыхает
",0.0
"Фотографии дебилов в студию!
",1.0
"Уух как же бесят такие уроды
",1.0
"Ты бы с жопы своей сначалы вытащил бы хуй.
",1.0
"можете назвать ХОТЬ ОДНУ блядь нацию, которая лучше евреев? Любая европейская нация лучше еврейской (наверное поэтому у бугоизбранных от них так бомбит) жыды по уровню развития где-то на уровне русни (в чём-то лучше, в чём-то безнадёжно хуёвее)
",1.0
"Bloomberg узнал о проработке сценария оставления Путина у власти По словам собеседников агентства Bloomberg, один из них предполагает объединение России с Белоруссией. Против такого варианта ранее выступал Лукашенко, а российский посол говорил, что Москва таких предложений не делала В президентской администрации рассматриваются различные варианты, которые позволят Владимиру Путину остаться у власти как можно дольше, сообщили Bloomberg три источника, близкие к Кремлю. Один из сценариев предполагает создание нового государства путем объединения с Белоруссией , новую страну возглавит Путин, что позволит ему обойти конституционные ограничения по количеству президентских сроков. Политолог и бывший сотрудник администрации президента Андрей Колядин сказал агентству, что в Кремле активно обсуждали и сценарий, схожий с тем, что сейчас происходит в Казахстане. Москва будет следить за тем, насколько Нурсултан Назарбаев после отставки с поста президента Казахстана сможет контролировать ситуацию и как будет распределено влияние в новой конфигурации, сказал главный редактор сайта Московского центра Карнеги Александр Баунов. Повторить стратегию Назарбаева в России невозможно, сказал агентству политолог Аркадий Дубнов, потому что политическая система России устроена сложнее, чем казахстанская. РБК направил запрос пресс-секретарю президента Дмитрию Пескову. В декабре 2018 года президент Белоруссии Александр Лукашенко на пресс-конференции сказал, что Москва под предлогом глубокой интеграции хочет включить страну в состав России. А некоторые прямо говорят: мы готовы, чтобы вы шестью областями вошли в состав Российской Федерации , заявил он. Однако посол России в Минске Михаил Бабич 1 марта сказал, что таких предложений не было и что Москва выступает за развитие Союзного государства России и Белоруссии.
",0.0
"По мясу уже перегнали СССР Занятно, что по статистике в 1990-м СССР била рекорды по производству мяса. Но в магазинах почему-то хуй чего найти было.
",0.0
"скрим у девицы слабоват Дружище, а у какой женщины ты слышал хорошо звучащий экстрим-вокал?
",0.0
"меня тут на хуй послали и модератор даже не отреагировал, пришлось банить идиота. А ВЫ говорите, что работает .
",0.0
"Он и Глобу вспомнил. У Женички обострение победодефицита?
",1.0
"Ты ему еще и полтос накинул
",0.0
"Твоя мать настолько жирная, что больше... про это шутеячка ? Я вижу так, для меня мама имеет большее значение чем вся та здоровая хуйня
",0.0
"- Это ты мне приготовил? Тук-тук, твою мать!..
",0.0
"Попизди у меня тут шаболда ибанная
",1.0
"что делать? - свети-ться -ться -ться -ться -ться -ться!!!!!! достали грамотеи.
",0.0
"Сказки то не рассказывайте, такое возможно только если деревня в нескольких километрах от города, сам живу в пфо Оренбуржье, у нас дорогу 2 дня почистить не могли, ибо 1 трактор на 3 деревни
",0.0
"Для тебя котик - имущество?
",0.0
"Я понимаю что ты поймал волну и пишешь как нравится. Но попробуй меньше мата, его щас прям много лишнего.
",0.0
"Во первых, проститутка тоже может. Может. И будет потом с финишем от сутенёра ходить. Ну или не может. Потому что тот же самый сутенёр будет её шантажировать. добавим еще более нежелательную профессию - военный Военным платят больше. И престиж у профессии весьма высокий. И социальные гарантии, типа выплат за звание, выслугу, квартир, ранней пенсии у них имеются. У проституток всего этого нет. И не будет даже при легализации. Вместо ранней пенсии их выкинут на мороз с голой жопой и заменят её другой. В третьих, шахтер подвергается не насилию, а опасности и вредным условиям труда НАМНОГО больше проститутки. Вредность шахтёрской профессии классифицируется по СОУТ, в результате прохождения коей шахтёру опять же начисляются соц.гарантии в виде доп.выплат, отпусков, год за полтора и т.д. У проституток даже при легализации такая классификация никем проводиться не будет. Престиж не так высок, но шахтёра никто не будет осуждать за ту деятельность, которой он занимается. Полицейский, снова же, имеет риск подвергнутся насилию больше, так как взаимодействует с криминалом Точно так же, как и проститутка. Не только с криминалом, но и с любым неадекватом, у которого появилась бумажка с видами Владивостока и который возомнил, что ему всё дозволено. Опять же у проституток не будет никаких о соц.гарантий, которые есть у полицейских. И не появится даже при легалайзе. Вообще, если вы пытаетесь доказать что проституция - самая опасная профессия в мире, то это как-то нелепо. Я пытаюсь доказать, что проституция - это продажа людей. Где самыми незащищёнными и наименее оплачиваемыми оказываются те самые люди, которых продают. А главным злом являются покупатели. И легализация этого никак не изменит.
",0.0
"Ничего. Но всё меняется от того факта, что ты не имел возможности за 26 лет воткнуть в какую-то уродину. Это значит твой социальный статус как мужчины, как челочек, ниже самой паршивой грязи и самого опущенного омега чма который с этой уродиной и мутит. Факт ебли ничего не означает и не показывает, а вот отсутствие ебли показывает скудоумие и зашоренность.
",1.0
"Я не топил. За кого топить-то? За бандитов, которые сейчас делят власть в ЛДНР, взрывая друг друга?
",1.0
"Регистрируясь на Пикабу, ты выразил согласие с Правилами. 4.1 Базовый принцип. Администрация просит Вас проявлять уважение к пользователям Пикабу. Судя по комментарию, ты в глаза долбишься
",1.0
"В 2015 году Октябрьский суд Краснодара признал Полюдову виновной в призывах к экстремистской деятельности и сепаратизму. Поводом для обвинений стал репост картинки и запись в социальной сети ВКонтакте : Требуем от мирового сообщества прекратить нарушения прав украинцев в Кубани. Кубань хочет на историческую родину - в Украину . Так что формальным поводом был именно репост картинки, хватит брехать. Ну понятно, прикинулся валенком и успешно отморозился по уголовному конвейеру в Барнауле. Засчитано.
",1.0
"Мда... Хотел просто спасибо сказать, но и тут какую-то обиженку задел. Вас толстяк в школе не чморил? Откуда ненависть?
",1.0
"Мне бы понравилось жить со шлюхой.
",1.0
"Русских придумали евреи что бы отобрать у тебя горилку, знаем.
",1.0
"Во-первых, почему ты ко мне в женском роде обращаешься? В профиле у меня написано- пол мужской. Во-вторых, не передёргивай ситуацию, изнасилование какое-то тянешь. Причём здесь это? Нормально же говорят, не давай в садик никаких ценностей, телефонов дорогих и т.д.
",0.0
"Я начал курить и бухать в пятом. Пыхать клей в седьмом. В 27 выгляжу на 16. Ты обосрался.
",1.0
"Как же руснявые борщи любят подчинаться кавказцам. Русский значит пидор.
",1.0
"Ты чо. Нивстиме значит пидоры. Нахуй их гогверсия и всё такое. Нахуй эпик сторе! Скачаю с торрента
",0.0
"На самом деле корова-чистое животное,она есть в основном траву и корнеплоды.Как и баран.Именно поэтому свиное дерьмо так воняет-свинья жрет все подряд как и человек. Коровий помет-переработанная трава.Индусы его даже в зубную пасту добавляют,но это на любителя
",1.0
"Ммм... Проблема цыган и наркотрафика есть? Есть! Ее решать надо? Надо! Если я завтра вьеду в толпу цыган вы меня тоже поддержите?
",0.0
"До 17 года государство не строило школ для безсословия. Да и принимать в частные учебки простой люд начали недавно, на тот момент. Государство вообще не занималось системно школами, и поначалу мешало и другим. Но в итоге стало так - сами не занимаемся, но и частникам не мешаем. Все это я почерпнул отсюда, от знающего автора. И мне в это вполне верится.
",0.0
"Ну, у Егорки есть явное желание смотреть на то, как русские женщины сношаются с иностранцами, или людьми типа Горринга. Это чисто твои собственные фантазии, ни на чем не основанные.
",1.0
"Так почему же ты до сих пор только думаешь об ипотеке и женитьбе? Да и родители с 90х так видимо ничего не придумали,что бы помочь,я думаю ты вообще деревенский парень.
",1.0
"Зальете шебм? Вот этот кун. Говорит, будто заявление забрали. Алсо как-то и не скажешь, что он станет совать хуй в очъко тян, а потом обмазывать ей губы, лол. Фу нахуй. Алсо, мне думается, что пиздит
",1.0
"Ля! Ты смотри курит, звоните Вальке. Скажите что муж дымится. Ps: Это типо отсылочка на шуточки в сваты
",0.0
"ты такое же говно как и бомжи, т.к. у них гнилые органы, а у тебя мозг отупел и сгнил.
",1.0
"Достали эти мочехлебы с модеркой. творят лютую хуйню. Я ночью тред бампал картинками по тематике треда в вг , а их все потерли, оставив пару постов моих.
",1.0
"Прикол в том, что расы white не существует ни в одном учебники этнологии, генетики или антропологии. Это сленг быдла. Европеоиды не обязаны быть похожими на больных малокровием. Большая часть европейцев смуглые, так что охуевшие северяне похожие на больных чехоткой могут сосат. Сама европа произошла из Греции и Италии, жители которых смуглые. 1.5 млд европейцев смуглые, и только шайка северян которые не видят солнца бледные
",0.0
"Так это не фантазии, дебил, это вывод с ваших же постов.
",1.0
"Личинка либераста обыкновенная. Пусть на митинге анального пойдет поскачет
",1.0
"Выдохни и приступай к изучению русского языка.
",1.0
"Какой сайт? Ты сам то смотрел прежде чем писать? Там ссылки на видео в том же ютубе от лица адвоката.
",1.0
"Очень даже разделимы. Достаточно знать мотивы гомосексуального поведения у животных (которых Вы, как мне кажется, не знаете), и всё становится на места. А, как Вы выразились, перманентное поведение (т.е. однозначное предпочтение партнёров своего пола и игнорирование партнёров противоположного пола) наблюдалось только у баранов. Пути эволюции, конечно, неисповедимы, но я сомневаюсь, что у геев были бараны среди предков.
",0.0
"А вы оптимист) в день машина в такси проходит край 250, т.е в год 80 т.к (обычный человек наматывает порядка 20-25т.км). мы тут обсуждали не тачки за лям, а авто за 300т, которая в цене потеряет за три года дай бог пол цены, а при условии той амортизации что описана выше - это смех, прочтите внимательно, там все разобрали. вот тут -
",0.0
"Военные Базы!!!!!!! Ты что не понимаишь!!!!!! Военные!!!!!!!!! Кругом война! Никаких прочих идей не существует. А в школе - вам нагло врут!
",0.0
"не знаю за что тебя минусят, в целом любые крайности всегда не так хорошо - что полная свобода слова, что полная цензура тебя вот минусят, а когда благодаря свободе слова кто-то безнаказанно агитирует например за отказ от прививок эти минусители слюной изойдут кричать мол заткните их
",0.0
"ну вам с дивана виднее )
",1.0
"Хохлы - отражение русни в кривом зеркале, вобрали в себя самое худшее от русских и живут в мриях. Ща вам через годик - полтора пидорашки транзит урежут, и всё, приехали, тарифы на газ и электричество, да за всю коммуналку взлетят ещё в два раза, и к концу второго срока поросенко вы придёте к тому же, с чего начали генотьюу и перемогу. Пидорашек естественно тоже не ждёт ничего хорошего, т.к. рашка попытается снова прибрать вас к рукам, и из за этого упадёт с вами на один экономический уровень - в самую жопу. Народы братья, народы дураки.
",1.0
"Не пытайся меня понять. Не напрягай свои зачатки интеллекта.
",1.0
"А зачем ей нападать, если она может у хохлов спокойно территорию отжать, а те только вякать будут?
",1.0
"Сначала запретить въезд чуркам и выдворить уже приезжих, а потом уже уидем на сколько упадёт преступность в стране.
",1.0
"великий физиономист Этому физионамисту, в биореакторе место
",1.0
"Так оно и есть, кругом лентяи...
",0.0
"И тебя упекут в дурку заботливые прохожие, когда ты будешь с ней общаться. То есть, не с ней, а с пустым местом. И дрочить не на неё, а на пустое место.
",0.0
"Мда..кто ж знал что в рашке столько дегенератов...
",1.0
"Скотоублюдок, так че там, как с продуктами в расеюшке- скотоублюдушке?
",1.0
"Видимо, не приписывала (по крайней мере, для пенсии - пенсионное обеспечение для колхозников ввели намного позже), однако в царской России регистрация рождений и смертей была возложена на церковь и велась эта метрика только для православных. В сочетании с массовой неграмотностью это дало массовые ошибки в определении возраста, когда уже в советское время бывшим иноверцам начали выдавать паспорта. Насколько я понял по структуре образования Казанской губернии, до революции там было невозможно поступить и окончить трёхлетку, не зная русского языка. Для знающих только свой язык татар и чувашей (как крещённых, так и мусульман) предусматривалась однолетка. Зато трёхлетку бабушка вашего мужа вполне могла окончить уже в советское время в рамках Ликбеза. Я думаю, что когда в конце 20-х началась выдача паспортов всем сельским жителям, произошло недоразумение - бабушка сама не знала точно свой возраст, а готовивший документы служащий понял её слова про позднее вступление в брак, так, как это понималось в городе. В деревне же и 18 лет тогда уже считалось для девушек поздним сроком для выхода замуж, в русской, по крайней мере. Бабушка рассказывала, что её свидетельство о рождении выдавалось гораздо позже, и указанная в нём дата рождения 1 августа скорее всего неверна - её мать, моя прабабушка говорила, что точную дату не помнила и называла просто август.
",0.0
"Настенька, как здорово, что ты написала. Я ждала, я написала коммент, но ты не отвечала. Я действительно запереживала. Было грустно заходить на пикабу. А потом я увидела плюсик у коммента и поняла, что ты боец и просто сейчас не самое лучшее время для написания постов. Обнимаю
",0.0
"Мать его затравленная вебкам шлюха, а отец пидорнутая членодевка!
",1.0
"Ты стебешься сейчас? есть люди, которые не знают и готовы учиться. а есть люди, которые не знают и считают, что им все обязаны. учить таких - куча нервов и нахуй лично мне не надо. проверено на личном опыте - денег с таких - минимум, зато запросы чуть ли не королевские, плюс стабильный головняк (ой, нам тут надо ещё чуть-чуть весь текст поправить прям сейчас) и нервы. хотите этого-занимайтесь, я не против. Но не надо навязывать мнение, что это нормально, они от этого ещё больше борзеют. п.с. тот, кто не может составить бриф - понятия не имеет, что ему нужно, а виноватым будешь ты.
",1.0
"ЭТА ДРУГОЕ, ШВИТОЙ КОПРОЖИДРАИЛЬ НИ РАШКА-ПАРАШКА
",1.0
"Видимо действительно дебил, в 8 лет физиология ещё не работает, чтобы трахать кого-то. Разве что фаллоимитатором, но кто его продаст восьмилетнему?
",1.0
"Все лидеры Новососсии давно червей кормят Кто все? Захарченка до назначения главой ДНР был обычным комбатом, Гиви и Мото были просто харизматичными лицами на экране, из известных лидеров погибли Дремов и Мозговой, но они из за терок в ЛНР с Плотвой погибли, Безлер, Гиркин, Ходаковский, Дубинский живы и здоровы, их только кремлядь пидорнула с Донбасса, а Гиркина за его вскукареки вообще то постоянно мочат подзалупные.
",1.0
"Праздник так уж праздник! Петерок проказник!
",0.0
"Ты бы с полом определилось) а потом уже национальной ориентациией займемся)
",1.0
"Тред лучшего кашевара всея Ютуба. Козлодорадины - вэлкам.
",0.0
"Думаю мысль мою поняли. Ну, а безграмотность, что поделать, плохо учился я русскому. С закономерной тройкой, школу покинул.
",0.0
"Ну чё шизло ёбаное, давай и тут сагой вайпай
",1.0
"геев и анимешниц Было бы круто, если бы это было так, а в основном нацики это подкаченные полухачи полужиды типо пейсака.
",1.0
"КАЛЕЧИЛИ СЕБЯ В ЗНАК ПРОТЕСТА ЛОЛ. РУСНЯ ТАКАЯ РУСНЯ. ЛУЧШЕ УБЬЮ СЕБЯ НАЗЛО БАРИНУ!!! ЧЕМ ПОДНИМУ НА НЕГО РУКУ !! УХХ!!!!!!
",1.0
"А вот будет ли возможность? Одного моего знакомого упоротая мама в дурку упекла по одной ей ведомой причине. После такого съехать становится сильно сложнее.
",0.0
"секта отрицания морали в треде!
",0.0
"приходит умный человек и помогает ему научиться печатать всеми 10-ю пальцами. Нет, он просто говорит, что печатать одним пальцем - нормально, что однопальцевые - это вариант нормы, в древней Греции печатать одним пальцем было мужественно и т.д. Насчет последнего абзаца - опять же это стереотипы. Женщина, умеющая драться - лесбуха? Потому что драться - задача мужчины ? Мужчина, любящий шопиться и готовить - пидор? Мужчина, ухаживающий за собой? Красящий губы и носящий стринги - пидор? Кто решил, что косметика и стринги - удел женщин? Формально, это просто одежда. А если мужчина любит анальные ласки со своей девушкой? С чего бы он от этого стал пидором или, тем более, женщиной в мужском теле ? Моя мысль в одном абзаце. Нет нормы, и не отклонений. Нет внутренних границ. Бывают сексуальные предпочтения и желания. И отличия умного подхода от подхода в лоб - не ставить в этих предпочтениях жестких границ, перенося людей из группу в группу . Отказываться от классификации людей. Разделять и классифицировать людей - это простите, недобитый фашизм, пусть и не ставящий своей целью истребление.
",0.0
"а шакалы так вообще офигенные!
",0.0
"Открой Русскую грамматику РАН. Институт русского языка им. В.В.Виноградова. М., 2005. Т. 1. С. 506, 1220
",0.0
"Нужно немного отомстить русским : В Новосибирске осудили гастарбайтера, который спонсировал террористов.
",0.0
"Когда тебя насилуют нельзя отбиваться. Когда тебя убивают нельзя защищаться. Почему же ты не вспоминаешь о сотнях миллионах, погибших от рук капитала. Ежедневно люди гибнут в капиталистических войнах, организованных ради прибыли. Чего ты о них не вспоминаешь? Когда бандит вломится в твой дом, не сопротивляйся. Дай ему убить тебя.
",0.0
"соблюдай нормы поведения и правила принятые обществом. Так а где нормы-то? О чем ты говоришь вообще? Ты опять ведешь речь о том чего сам не знаешь?
",1.0
"Не корми тролля, не отвечай ему. Этот ливер тут против всего.
",1.0
"Тогда бы все кроме русских вели бы себя нормально, и как только русские тупонут перезали бы всех русских. Профит.
",1.0
"Взять того же just илью. Мож он и норм, но количество хуйни невпопад было запредельным. джаст хуйня Киностримы с этой свинотой плебейской слушать невозможно. Маргинул проявляет фантастическую деликатность к этому пидору, у которого познания в фильмах ещё более хуевые, чем у конины. Лучше бы Кэбота звал, да кого угодно, хоть пиздючего ПИКУЛИ , чем этого убогого васяна подпивасовича. Феноменальный кринж от этой антропоморфной рецензии с кинопоиска.
",1.0
"А я бы даже переплатил, умничка, у тебя хорошо получается
",0.0
"Совершенно очевидная слабость ольгино из фбк они никогда не смогут поверить и даже допустить своё собственное существование. Они всегда будут доказывать что их не существует, а кто верит в них тот дурак.
",1.0
"Лол. Ни одним аргументом, кроме веры в святой Капитал не разродился, но заблуждения конечно у меня ... вы предлагает фашизм Ну и конечно куда совкофилам без выдумок. Слив засчитан.
",1.0
"У тётки такой же был, сарай с баранами охранял. Он себе морду по молодости почти так же расковырял о гвоздь, когда будку грыз. Тётка приходит, а псина вся в кровище и радостная лает сидит. Дурной пёс был.
",0.0
"Уж сколько раз твердили миру... Запишитесь к психотерапевту с описанием симптомов. Ну серьезно, взрослый человек, а ведете себя как маленький. Если есть депрессия - вам об этом скажут. Но это может быть и накопленная усталость, и фаза апатии, и гормональный сбой. Как у вас с фантазией дело обстоит? Вот и вообразите, что дальше может быть хуже. Вплоть до отказа внутренних органов. Супруга ваша куда смотрит?
",1.0
"А ты пробка если бы там было написано то что он прав он бы повернул двоих и развернул двоих или повернул 4рых сразу туповка ты. Если ты увидешь бабу в очках сразу скажешь бля у тебя бант по любому Петя был прав так сказанно а задаче
",1.0
"шлюх-шпионок Чапман, Бутина тупорылое КГБ Баширов, Петров, чек на такси от места службы в аэропорт Фильм то документальный, получается.
",0.0
"Ну зашибись. Мне гланды удалили, остаётся ползти в сторону кладбища
",0.0
"Эта та история, что наука? Или та, что конкретно в твоей голове обитает?
",0.0
"Сексизм во всей красе! Вы - Веган?
",0.0
"Алло, дорогой, только что по радио передали, что один придурок прет по встречке. Будь осторожнее. Один??? Да их тут сотни!
",0.0
"Если говорит, значит пиздит Это про хохлов сказано. Учи мемы маня
",1.0
"Не, нихуя. Любой идиот знает, что Абдуль просто отдал Внуку свои каналы, свои старые видосы, свой с комп с морфером и даже пустил Внука к себе жить.
",0.0
"Все обьясняется ,очень просто. Запомните-людям П-О-Х-У-Й Будешь кровью истекать, криком кричать-им наплевать. Будь они хоть в фуражках, хоть в белых халатах-каждый думает только о себе. Так было-так будет.Умейте позаботиться о себе сами.
",0.0
"Хули ты тут рыбой машеш? Где блядь тевтонцы????
",0.0
"Ой дурак. Представь себе жить без интернета, без телефона, без телеграфа, без какой-либо возможности узнать о том, как там дела у хохлов в соседней деревне. Люди веками рождались и умирали имея представление только о том, как устроена их деревня. И ты, выродок, сейчас утверждаешь что лучше вернуться в темные века обратно.
",1.0
"Пьяного-могила исправит!
",0.0
"Тайм-коды: 1:05 - от отличии Красной Армии от современной российской 8:08 - о роли Троцкого в создании и развитии РККА 12:12 - почему РККА отказалась от схемы добровольного призыва 16:20 - было ли восстановление офицерских чинов в Красной Армии контрреформой? 23:13 - об истреблении офицерства в 1937-1939 годах 28:10 - неэффективность Красной Армии и тактика закидывания трупами 35:47 - о потерях РККА и немецкой армии в годы Второй мировой 37:57 - изнасилованная Германия 1945-го 41:55 - об Афганской войне 44:45 - как советские генералы предали СССР на его закате 47:50 - Красная Армия будущего - какая она?
",0.0
"Нет. Вы судите сейчас как малолетний сноб.
",1.0
"Глубокая - это когда с языком...
",0.0
"Чмоки тебя везде, ты не в Самаре часом?
",0.0
"В том- то и дело, что надо прописывать все в положении. Но лучше прописывать от достижений, а не от нарушений. И не заменять часть оклада фиксированной премией. Некоторые герои , у кого работники сидят на минималке, добавляют фиксированную премию, урезая оклад. Вроде как после всех начислений и минималка выходит, а после вот таких вот урезаний за косяки- уже нет. И тут приплывает господин работодатель по- полной. Сейчас, в последние 2 года этого почти не случается, а раньше- легко так вели себя некоторые.
",0.0
"говорит по русски когда не на камеру порошенко тоже говорит по русски и даже слов не знает не на камеру виликая ХРЮКАИНА!! ВИлИКИЙ ЯЗЫК!!
",1.0
"Н Е К У К О Л Д Ы И Р А З У
",1.0
"детей-инвалидов уродами Ну а где она не права-то? Земля наша не резиновая.
",1.0
"Дурачок, такие, кто притесняет алкобыдло травокуров вообще вешать будут, ибо скрепы, зож и прочие заболевания головного мозга.
",1.0
"Контент для ссаного быдло
",1.0
"а не для здоровья нации. Здоровье нации это в первую очередь развитая медицина и диагностика заболеваний. Не дай бог тебе попасть в пидорашенскую поликлинику с чем-нибудь тяжелее ОРВИ - будешь по месяцу ждать очереди на диагностику, а диагноз тебе поставят года через два, если ты не сдохнешь как падаль в канаве.
",1.0
"Правда? :3 Покажи покажи покажи!)
",0.0
"У нас в части некоторые офицеры и срочники такие же ходили. Метаном кололись, дебилы.
",1.0
"Чо сразу гитлер.джипег
",0.0
"Эк ты витиевато конский хуй назвал...
",0.0
"Не осмос виноват, а соли кальция и магния, которые делают воду жесткой. Обратный осмос через мембраны под напором убирает все примеси, которые больше по размеру. После мембран обратного осмоса ставятся обычно блоки минерализации, чтобы хоть как-то добавить немного полезгого, что ушло через мембраны.
",0.0
"Крымотред нужен. От него горит какелам.
",1.0
"Истинно так. Но мрии жидов вертят шариком несколько тысяч лет. Мрии хохлов же больше напоминают бредни душевнобольных. Тут я более доверяю иудеям. Они вызывают больше доверия, более ответственны и потенциальны. Мой выбор - жиды.
",0.0
"Да, хохол, ты за все заплатишь
",1.0
"Ты, видимо, не совсем понимаешь, что такое ложь . Толясик в видосиках никогда не врал. Ошибался? Да. Врал? Никогда.
",0.0
"Евген, ты точно в этом треде сидишь. Рассказывай, Клэп горловой умеет? В жопу даёт?
",1.0
"Вас не смущает такая ересь как жалоба на не выезд скорой? Так скорая и не выезжает на трупы. Скорая медицинская помощь подразумевает ПОМОЩЬ! Далее, жалоба на то, что следователь не имеющий мед образования зафиксировал смерть. Не думаю что там конченные дебилы. Все таки на улице март, а это минусовые температуры (на фото снег), что бы поставить диагноз много ума не надо. Трупное окоченение, да и тот факт что тело стало ледышкой - диагноз. Асфиксия такое дело, что если тело холодное - смерть 100 . Дальше сами будете думать, или мне это делать за Вас? Предупреждаю, работаю только по предоплате.
",0.0
"Блять как не крути а люди есть херовые а есть нормальные. Есть которые на работу ходят и тянут семью, а есть мразь которая привыкла забирать у безпомощных. И с оружием так же, в Сибири у мужиков ружьям по пол века, а они до сих пор как новые. А ведь и у тех мужиков и у этих, от оружия зависит жизнь. Если в двух словах- черножопые мрази
",0.0
"Хуйню несёте, уважаемый
",1.0
"Высирается твоя мамаша тебе на лицо по утрам, а я высказался, обессилев от негодования от засравших политач ловцов лахты под кроватью.
",1.0
"А как твой ник читается, а то я не ебу.
",0.0
"представь тебя убуханного подберут обогреют и выебут Значит, я сам виноват, нехуй мне было набухиваться где попало и валяться на улице, серьезно.
",0.0
"2. Запрещены посты не по теме, посты о поиске фильмов и неинформативные посты (в том числе посты в стиле Сегодня день рождения у ... , сегодня прошло N лет со дня выхода фильма ... и тому подобные, не несущие никакой информации помимо самой даты).
",0.0
"Не,они оба умственно отсталые
",1.0
"А ты потрогай её снаружи
",0.0
"Вот фак из вронг виз ю?
",1.0
"Я поняла. Это для таких критиков, как вы, пишут вот это все не кидайте тапками чукча не писатель и тп?)
",0.0
"Если обезьяна наберет в род дерьма и плюнет в меня - я не стану плеваться дерьмом в ответ. Люди так не делают, но как объяснить это обезьяне? (Вопрос, понятное дело, риторический: нахера вообще что-то объяснять тупой обезьяне. )
",0.0
"Ублюдки потрошителей завезли. Полакомиться.
",1.0
"То на них пьяное быдло просто так напало и они его убили пьяное быдло плиз
",0.0
"Сорян, по помойкам не шарюсь
",0.0
"Ты там продолжай, мы смешить не будем пока не закончишь
",1.0
"Чо эти долбаные нигеры себе позволяют, твою мать!?
",1.0
"Ебать, кто смотрит сыромятникова?? Где еще можно найти настолько отталкивающий тембр голоса и манеру говорить?? Блять а полезный контент в стиле - сейчас я покажу как играть на гитаре с автотюном - который уже давно был у западников? А его охуенные видео как сделать песдатый звук, где звук выхожит полным мутным говном, потому что он напрямую в дешевую звуковую карту играет? А его бородка ебаная?? Что это блять? А блять когда он палится с подложенной аудиодорожкой когда играет на камеру, причём блять настолько нелепо, что даже видео заметно замедляет, чтобы попадало в звук, а потом говорит, что так оно все и задумано? А его блять гиперкривляния и гримасы во время игры?? Что это за пиздец? Видно же, что специально старается показать ДУШУ , которой у него на самом деле нет!! Блять у меня такой испанский стыд со всей этой хуйни ебаный в рот! Теперь еще у него будет ебанутая истеричка-жена, которая его уже загнала под неебический каблук, и будет его уничтожать окончательно. Бляя она тоже хороша. Поет мягко говоря, МЯГКО ГОВОРЯ не всегда хорошо(об этом еще Зилков мягко намекал, в его способностях никто не сомневается), зато при любом удобном случае говорит о том, что у нее неебичское ололо образование, охуенный опыт в педагогический, в ответ на сомнения в ее способностях певческих она сделала попытку страйка по авторским правам, ЗАСТАВИВ ЕЩЕ ДВУХ МУЖИКОВ ТОЖЕ ЕЕ СДЕЛАТЬ , а когда закономерно соснула, устроила истерический стрим, где стуча руками по столу на полном серьезе человека сравнивала с БАНЫМ ГИТЛЕРОМ БЛЯТЬ , который миллионами уничтожал людей ирл, а не в ютубе, затем приправив все охуительной порцией слез и соплей под омежные кукареки своего муженька? Блять это что за фантасмагория нахуй? Is this the real life?
",1.0
"Гавно разное поддерживал, туда и дорога. И Собчак туда же, чтоб здесь чище было. Земля стекловатой вместе с борькой - алкашом.
",0.0
"Посмотрел твой профиль. Единственный авторский пост, и тот не зашел.. Остальное сплошная политота.
",0.0
"Если бы твой пост читал Ебжен, он бы назвал тебя дешёвкой, швалью, чернью и приматом с архаичным мозгом. Ведь кем ещё надо быть, чтобы не знать драматурга, по пьесе которого Величайший Режиссёр Современности поставил свой нашумевший спектакль Немецкая сага , с премьеры которого, как все знают, вынесли двух уснувших зрительниц. Гуру практически при нем называет его блядью И вы будете дальше утверждать, что там не постанова, как в реслинге? Теперь ясно, почему современное ТВ - говно. Гуру жертвует ради исторической правды, ради нас, здоровьем, сидит за столом и жрёт. А Серёжа копипастит Солонина, Резуна и Галковского для будущей маняграфии. Со стихами у нас всегда норм было. В отличие от. С каким Чебурашкой? Так оно и так мотивированное. Куда уже больше? Которых не было. А КарелияНаша в 1918-1922гг. - тоже выдумки традблядков? фрагменты автобиографии последней монографии читал Они такие интересные, что ты их целиком не смог осилить? фильмы он какие-то снимал Ты даже не помнишь их названий. но видели лишь избранные. Т.е. говоря прямо: эти фильмы - никому не нужное говно? Может быть, на грани. Понасю это расскажи. Вообще, творчество (art) - это не только то, что нравится тебе И это ему тоже скажи. Никакой грязной подноготной , кроме своей и своих рецензентов , он не раскрыл. А то, что Сахаров - говно, и без него знали.
",1.0
"На Оскар Мерзкие шовинистические свиньи!!11рас-рас. На темнокожую Оскарку.
",1.0
"Хорошая фотография! Потрясающий город. Прям сразу вспоминаются атмосфера, пиво, мясо..
",0.0
"Перепись меркантильных шлюх началась
",1.0
"Как же любитель одноразовой посуды вновь и вновь нелепо обсерается, противореча своим же тезисам. Фанаты, нахуй вы взрастили это чудовище? Я уверен, что про пекабу, даквший ему в своё время старт этот белобрысый петух очевидно забыл. Хррррррррррк-тьфу.
",0.0
"блин( твоя правда, заблочу её
",0.0
", ау! Вы где? Ни одного ответа никому в треде. Получается вы еще и эгоист. Почитайте Лабковского по ссылке. Доверьтесь.
",1.0
"Капустку с морковкой на глаз?!!! Да ты крут! У меня ьы глаза лопнули.
",0.0
"Забавы ради ставлю на видосах геймикадзе дислайк и пишу что то вроде ты не прав, наше правительство самое лучшее . лол, хомяки рвутся, через одного.
",1.0
"Нахуя отказываться от 25килобаксов, вы тупые или читаете жопой?
",1.0
"Добавил и отнял единицу? А можно ещё более наглядно для особо тупых? Я то про боковушку сказал... А судя по тому как написано - я тоже думаю что писали ученики. Я бы так написать не смог, лишний квадрат, прибавление-отнимание единицы вместо того чтобы разбить число...
",0.0
"Ты долбоёб малолетний просто. И сам скорее всего всратый омеган, вот и хочешь самоутвердиться.
",1.0
"Типа есть, чем думать. Лично мне жаль, что его не у бало, как следует. На премию Дарвина прямой кандидат.
",1.0
"Ну эт ты. Я и все с кем я ездил так делают. А почему ты не слышал хз. Это наверно второе по известности мотосуеверие после того что шлем ронять и класть на землю нельзя.
",1.0
"Всё как на швитом Западе. Пахомия в нем уже по-факту, а тебе хохлуту еще 15 лет топить до уровня 13 года.
",1.0
"Мань, я бывал в США и свои фантазии оставь при себе.
",1.0
"Подпись то перед картинкой, то после, ну ты и садист)
",0.0
"когда изобрели пулемёт максим думали войн уже не будет манька, кто думал? выдуманные людишки в твоей голове?
",1.0
"Стартер с аннигиляционной баркой(4000р) 8 красок и 2 проливки( 2600р) грунт, клей, нож и остальное по мелочи( 2000р), итого где-то 8600р
",0.0
"Зачем Алекс Пыня залупается на людей умнее его? Ему нравится полным дебилом на их фоне выглядеть? Был же тот же Золотов, во время срача с которым даже не понятно кто мразотнее поначалу.
",1.0
"Конечно, я вас не поняла. Мы оба комментируем OMGh5LoL, в той истории нигде не усматривается, что ребёнок испугался. Там скорее родители испугались противодействия родителей остальных детей",0.0
А вот у него мать пахала!,0.0
"Смотри чтоб тебя не выебли, петушок)",1.0
а зачем сносить отличную систему и ставить винду?,0.0
"У них от веганства, совсем мозги высохли",1.0
"В смысле? Ну, обхвптываешь и как раз пальцы касаются друг друга",0.0
"Год как поменял все лампочки на гаусс, пока ни одна из строя не вышла. Про охлаждение не совсем понятно, вот у меня был включен свет около часа, они по прежнему выкручиваются руками, то есть нагрелись не сильно. Не похоже, чтобы это было им критично. У бабули лампы osram вкрутил больше двух лет назад, когда они ещё стоили не гуманно, просто она сама не может на стул встать поменять если перегорят - в общем, за два с лишним годом полёт нормальный, светят отменно, ни одна из строя не вышла. Перед гаусом были какие-то хрен пойми из метро лампочки, большинство не прожили и года. Пока остальные помрут не стал ждать, поменял все сразу везде.",0.0
"Перейдя в учебную группу FSA10 видим, что группа закрыта и что скорее всего она использовалась(используется) для обучения студентов. В группе аж целых 128 человек) И БИНГО! В шапке группы нас ждёт клад, всё тот же сайт: Это может значит только одно, что сайт действительно является настоящим и используется для обучения студентов. Какие мотивы были у автора, чтобы соврать и выстроить ложные обвинения, мне непонятно. Возможно, ныне популярная ловля хайпа на обсирании других, либо чей то заказ - точно мы не узнаем. Лично я вижу такую картину: преподаватель разошёлся с вышеупомянутой академией автора и решил дальше сам продолжать вести курс и обучение. Возможно, была договоренность о первоначальной использовании лицензии, которая осталась у академии. Но видимо, что то пошло не так и академия вздулась на преподавателя да так, что отрицает существование данного курса и сайта)",0.0
"не так активно, мне кажется они еще обкатывают это продукт. Нафига нужен никотин без дыма? вэйпы тоже народ активно парит",0.0
I believe I can touch the sky,0.0
Ты из какого века блядь?,1.0
В Ленинградской из Хабаровска,0.0
В спорт зал похожу тогда и зеркало можно. А пока не хочется лицезреть свои жирнинькие бочка.,0.0
"Позвольте узнать, скольких детей вы воспитали, дабы утверждать, что ребенок - это примитивный и легко предсказуемый алгоритм, в котором нельзя - значит нельзя? Удобно все и всегда на воспитание спихивать, вроде я ничего в жизни не добился, но не потому что я нихера делать не хочу, а потому что меня так воспитали, моей вины в этом вообще нет. И родители не виноваты, их тоже так воспитали. Адам с Евой всю ответственность несут, а мы так, по течению плывем. Значит люди, которые имеют проблемы с алкоголем - быдло. Люди, дети которых причинили любой вред чужой собственности - быдло. Но может тогда и люди, которые перестают следить за своим здоровьем и мало двигаются - быдло, ведь они тоже осознают риски? Люди, которые вместо саморазвития приходят домой и смотрят сериальчики, просто потому что им лень что-то делать еще, они тоже быдло, ведь разница с алкоголиками в способе отдохнуть, структурно никакой разницы? Но тогда логичный вопрос, а есть ли НЕ быдло на нашей планете?",0.0
Не дает на 4м свидании-не стоит тратить время.,0.0
"Мне похер на оценки.Всегда пишу то,что думаю.",0.0
"Передайте , который меня в чс кинул, что это не русский портал. То, что тут посты выходят на русском ещё на означает, что он русский. Тут сидят люди с Украины, Беларуси, Казахстана и других стран, в которых разговаривают на русском.",0.0
"А сейчас там ботов больше чем живых, по сути тоже самое",0.0
"Я вообще смысла пассажа не понял. В чем Ваша мысль? Что образование надо дать только платно? Ну ну. А человеческий капитал, общий уровень образования, социализацию и развитие мозга в подростковом возрасте куда? В Англии нормальное среднее образование. Я про Англию и Европу пишу. Тут есть система образования. Среднее образование бесплатно и даётся всем. Это база для получения дополнительной профессии и для ВУЗа. Кто не хочет учиться, использует это среднее для самой простой работы. Система работает.",0.0
Их нужны в холод сразу дожить,0.0
"Я бы на твоём месте аккуратно бы ее поднял и посмотрел, есть ли внизу провода. А вдруг это вход в чей-то бункер под твоими ногами?",0.0
"Мое мнение, что квартал максимум ты протянешь. Сбросишь 30-35кг и потом вернешься до 120кг.",0.0
"Ничего особенного. Вся эта серия убогая и пр клятая. Терпеть их не могу, на ровном месте косячить могу начать.",0.0
"Шеф он и есть шеф. Хоть европейский, хоть японский. В основном им идет нарезка шинковка.",0.0
"Летел из Китая в субботу. Всем пофиг. Причем спросили, а у вас есть батареи в багаже. Я говорю есть - 4 Айфона (кого я обманываю, я нищеброд. 4 китайфона.) Батареи не съёмные. Сказали Окай, что делать то. И повербанк на 20к с собой.",0.0
"Да мне похрен, кто вам что позволяет. И что вы проквакали, мне тоже не интересно.",1.0
"... буксую на месте ... Не ждать же, пока совсем закопается.",0.0
"заработки были без работы даже небольшие, но были, плюс я устраивался в структуру",0.0
"При мне как то бортмех с женой разговаривал, что мол не вылетели потому что лопасти качать надо. Жена видно думала что у него белочка началась",0.0
"Есть и такие на самом деле, только нахуй нужно?",1.0
Тогда просто осуществляется обещанное и девочке гарантирован отличный секс от руководства,0.0
Так может автор фото использовал треногу для фотоаппарата),0.0
"Так и знал, что это здесь будет) Твой куст, какой сорт?",0.0
"Чем дальше читаю комменты, тем сильнее убеждаюсь, что меня в армии по части жратвы 2 года круто наёбывали (",0.0
Фото точно отображает моё состояние на пятый час игры в монополию.,0.0
"Имеется ввиду, что они впервые все 6 встретились за одним столом.",0.0
"Гм, а раньше тупо цепь наматывали.",0.0
Вот что крест гекзаметр животворящий делает!,0.0
"Молодец, коллега, продолжай, пиши ещё))",0.0
спасибо! у меня этот этюд купили еще до начала выставки (вот я удивилась и порадовалась!),0.0
Там вроде оплата безналом была.,0.0
"Вот, теперь понятно. А то сложилось впечатление, что Вы просто сидели на лавочке под деревом, читали книгу и внезапно решили уехать в Швецию :)",0.0
"Не всё так однозначно. Даже если участок приобретен до брака, то строительство дома, подведение коммуникаций и другие модернизации на участке при совместной жизни, увеличивают его стоимость. Даже если дом снесли, узаконенный план строительства все равно увеличивает стоимость участка. И если увеличение стоимости произошло в период брака, то второй супруг при разводе имеет право на часть имущества.",0.0
Но ПЭТ бы различила гной и рак?,0.0
Тиньков! СУКА! Ты по что кредита мне не даешь?! Впрочем...не больно то и хотелось! ....)))),1.0
"С точки зрения пешехода - дичь. С точки зрения водителя (а именно на водителя в автошколе её учили), а так уж она неправа? К сожалению, если пешеход-мудак идет на красный или переходит вне пешеходного, это не дает вам права его сбивать. Собьете - во первых, заипетесь доказывать свою невиновность, во вторых, согласно ГК (ст. 1079), будете обязаны оплатить его лечение и моральный вред ВНЕ ЗАВИСИМОСТИ ОТ ВАШЕЙ ВИНЫ в дтп.",0.0
"То бы 99-ый год прошлого века. Тогда по всяким пустякам милицию не обращались. А сейчас чуть что сразу заяву в полицию, не разобравшись. А там, сегодня, работает много не компетентных людей, которые вообще не любят разбираться в чём-либо...",0.0
"Вот это оперативность.. в ситуации со списанием разобрались - программная ошибка. Но тем не менее, пожалуй, останусь при своём мнении. Согласитесь - безлимитный интернет и платный безлимит для некоторых приложений это всё же разные вещи! Что касается раздачи - мне она не была нужна в принципе. Я понимаю, что это не Ваша вина - жизнь такая, видимо.. в ВК стала платной музыка, у вас пропал безлимит, а молоко разливают по 900.. роуминг ещё не появился внутри РФ?",0.0
"Так победил все-таки толерастный фильм, но без пантеры. ;)",0.0
Как можно успокоиться???!!!?!,0.0
"Удачи на демо экзамене парень) сам на worlskills межотраслевой 4 раза гонял от ОАК,один раз даже на Hi tech пробился)",0.0
"Странно, у нас тоже оборонка в Питере, и чпушники под 50 получают. А инженеры и того меньше))",0.0
А у нас и съезжать с дороги не надо.,0.0
"Кто-нибудь досмотрел до конца, а то мне лень?",0.0
А почему полицаи 23 февраля отмечают? Они ж за немцев были?,1.0
"В частном доме? Поди у вас? Или в санатории каком то или у олигарха. Коих у нас 60-70 , по вашему. Лишь бы тиснуть что нибудь.",0.0
"знаю одного мужика деревенского,у него на заимке тоже был медведь какое то время. рассказывал - когда миша начинал борзеть он ему в пятачок с кулака пробивал, миша на жопку присаживался, вертел головой и уползал на свое место . потом вроде пристрелили его,но это не точно",1.0
"Ещё раз - про оказавшихся в оккупации гражданских я слова не говорил, это ты сам себе придумал.",0.0
Биос не видит хдд и сд-ром . что может быть?,0.0
Именно. А что заминусовали то (,0.0
"Конечно не в нём. Всё дело в отсутствии уравновешенности и возможно адекватности тётки-истерички. А может ПМС, сроки горят и т.д., и т.п.",1.0
"Да не, там просто занято тобой уже",0.0
Коротышка обнаружен! Ща будет акции гигантских растений впаривать.,0.0
В этом году обещают выпустить.,0.0
Такая же ситуация )) вот только я их боись а она как назло ловит и жрет их у меня на виду,0.0
"Я очень верная, я просто флиртую с толпой других мужиков, получаю непристойные предложения и показываю им свое бельё. А муж-то в курсе, какая у него жена верная ? Одобряет?",1.0
"Взял серый s8 за 28к этим летом, всё отлично работает Сейчас его там за 25 отдают, так что варианты всегда есть)",0.0
"О, типичная яжемать что ли? Заказывай еду на дом, нанимай няню, думай. Дорого? Твои проблемы. Решение рожать было твоим. А вот подумать о неудобствах, которые ты создаешь своей коляской в магазинах, где и без того узкие проходы, у яжематери наверное вообще в голову не приходит? Интересно откуда такое мировоззрение берется у некоторых что им все должны?",1.0
Вообще-то отказ встречаться с вами у неё дома или рядом - не показатель. Никто не обязан вас вести туда или сюда. Ояебу следователь нашёлся.,1.0
"Наши точно такие же ненастоящие, если не брать конечно ламповые советские. Детских актеров берут зачастую по знакомству, даже не глядя, и ребенок в кадре не может убедительно засмеяться или заплакать. Да и взрослые часто переигрывают, да так, что становится стыдно, хотя играют они.",0.0
"В Украине 99,9 людей вообще не знают кто он такой, а оставшемуся 0,1 на него пох й. Получается, он делает контент об Украине для российского внутреннего употребления, и ничем не отличается от той же скабеевой и киселёва)",1.0
Вторая конопатая и страшная. А первая хороша,1.0
"И кстати подобайте человеку разумному, не решайте за других, а то я из вашей писанины тоже могу выводы разные делать",0.0
"Погугли как РПЦ беспошлинно сигареты и бухло в РФ завозили, станет все понятно. Ну и плюс налоговые льготы, абсолютное отсутствие внимания со стороны фискальных органов... ЗАО рпц выгодный бизнес.",0.0
", тега паук не хватает, для добавления поста в игнор людям с фобией пауков)",0.0
Кто блеать? Ирландский волкодав? Волкодав блеать стал гончим?,0.0
"у автора настолько скучна своя жизнь, что он лезет в чужую и выносит оную на обсуждение общественности, которой то в принципе по барабану на чужие жизненные перипитии. Все это напоминает говношоу Окна",1.0
"Ну да бог с ними. Или кто там - Будда,Мао?.. В принципе ничего удивительного - китайцы запросто могли стырить спутник. Это на них похоже,как походе на то,что они не смогли кражу скрыть (не очень сообразительный ребята) А то,что это стало отличным поводом вытеснить их с рынка... Ну что ж,тут китайцы подставились... Но в этой сфере у них и собственных заказов с лихвой",0.0
"но тут двое, а там трое. Где ебоболик?",1.0
"У меня никогда не было карманных денег. Первые деньги я заработал на стройке, будучи уже подростком. Буржуи хреновы. Приходилось брать у друзей диски и смотреть только ролики и софт.",0.0
"Типа есть, чем думать. Лично мне жаль, что его не у бало, как следует. На премию Дарвина прямой кандидат.",1.0
А может кто рассказать как происходит прыжок с инструктором. У меня у дочери мечта прыгнуть вот думаю на 18 лет подарок такой сделать. Дико боюсь за неё и думаю что могу передумать делать такой подарок.,0.0
А почему это их так отпугивает?,0.0
По серьезке ребята сцепились?,0.0
Ты слишком долго ходил зимой без шапки.,1.0
"Такая же фигня , утром в 08:00 с зарядки снимаю со 100 , вечером к 19:00 20-30 . Но я связываю факт использования мобильного интернета в 3G и связь в моей местности мягко говоря слабенькая. Redmi Note 4, аппарату чуть больше года.",0.0
"После маски,лицо жмет",0.0
"Учебник , как учебник. Учат на русском языке. И очернение Совка и РИ , никак не влияет на отношения детей. Нормальные люди разделяют государство и людей.",0.0
"У вас что, ночное большевистское обострение?",0.0
"Я тебя огорчу может, но вышло три сезона. Ждем четвертый. И можешь комикс почитать)",0.0
"Это очень важно. Тут недавно функцию пиарили, все теперь могут видеть ваше сохраненное, если захотите. Пока не понятно, чей конкретно был плюс, но над этим работают. Так что просто сообщайте, когда плюсанули.",0.0
"Предсказание того, что жена от тебя уйдет, вероятно основано на нерушимой истине, что все жены спят с боссами своих мужей. Поэтому умный и расчетливый начальник не станет тратиться на молоденьких любовниц; он найдет себе заместителя с красивой и сексуальной женой (желательно без детей)",0.0
"Да там вся линейка омерзительная, от копейки до... кто там флагман ща у Автохлама-веста?",0.0
"это коммерческие компании, что такого в этих цифрах?",0.0
"При том, что вы предлагаете ущемить права детей за поступки их родителей. Это совершеннолетние дееспособные люди, и они не виноваты в том, что их предки выбрали определенную карьеру.",0.0
"Просто приди к ней домой и скажи - ты классная , даввай сходим куда нибудь !",0.0
будет как парень из пузыря,0.0
"Бля, опять это грёбаное сегодня",0.0
Там электролиты что-ли стоят?,0.0
"Пчелы любят нектар, мухи любят говно - значит оба утверждают, что было хорошо и спора никакого нету. Автор этого мема идиот.",1.0
"Ага и вы в ней чужие. Уезжайте, вам тут не рады.",1.0
"Тут без ВВП не обошлось, наверное лично приказ отдавал.",0.0
почему это? можно подробнее?,0.0
"Тот чувак, что ближе к стенке стоит, отважный. Голыми руками капроновый швартовый тянет.:)",0.0
"Что в сарайке стояло(скомунижжено), тем и красили... А звезды красные, тоже галактика виновата?",0.0
А в чем тут оскорбление?,0.0
Ток ма такими термоизлучателями и освещаются жилище. От остального фуфла болят глаза.,0.0
"К этой байке прилагалась байка про глубочайший ожог на груди (от кулона) и пальце (от кольца), которыми Кюри потом щеголяла до конца жизни (недолгой). После этого её закопали в закрытом свинцовом гробу (это уже не байка) и наконец занялись изучением влияния радиации на живые организмы. Твой ход.",0.0
"Встала младая с перстами пурпурными Эос, брату она Гелиосу вновь озарила дорогу. Понял ремесленик славный, зря обратился к гетере. Нужно было нанять творца-летописца Гомера. Что бы в стихах он прославил обувку.",0.0
Стрелочка так-то не поворачивается,0.0
хорошие игрушки! Ручки так и тянутся поиграть.,0.0
"Ходить-то быстро начнешь, но ненадолго. Через 10 лет нужно будет менять, никаких президенских программ уже не будет. А будут ли у тебя через 10 лет деньги на это?",0.0
"Понятное дело, всё интересное он уже собрал с тебя)",0.0
Они включены в следующие части поста :) А пока - ссылки: Трио из Бельвилля -- Иллюзионист --,0.0
"Одному бык пробил подбородок снизу, рог аж через рот вылез. Остальное ниочем.",0.0
"Я извиняюсь, не сразу понял о чем пост. Текст не читал картинки посмотрел, вот и всё. Сообщение нельзя отредактировать.",0.0
"Тут про 9 никто и не говорил, речь о том что надо заниматься реальным производством реальных вещей, а не пытаться по быстрому срубить бабла на пустом месте думая что ты самый хитрожопый.",1.0
"эээ, а при чем тут мужики вообще?",0.0
Ой как там днепровские гаишники меня на взятки крутили...,0.0
"То есть, они ХОТЕЛИ вернуть деньги,, но вы их послали?? Или как",0.0
Нам на укладке так объяснили На истину не претендую) я могу и не знать),0.0
"А то книга шедевр. не люблю этого, но - не читал, но осуждаю.",0.0
Т.е. можно смело всех мясоедов называть неандертальцами ? :),0.0
"в голове звучало что-то вроде да давай дома посидим в уюте, интернетик полистаем, поиграем во что-нибудь но ведь это действительно лучше, чем куда-то ходить)",0.0
"от вас не было ни одного комментария по поводу ребёнка. Как он мог не проснуться? Если ваша сестра живет в коммуналке, то почему не звала на помощь? Мне кажется, недопустить преступление гораздо важнее сна ребёнка.",0.0
ее можно вставить в смартфоны в лоток с двумя симкартами,0.0
Ничего он не узнал )),0.0
"Да, и папаху на голову (пусть твоя на завтрашнее 23-е подарит) надо, с красной лентой наискось.",0.0
"Я не про закон. Кроме закона есть методы, не включающие насилие. Например дискредитировать при помощи cgi. Или слить ему инфу по закладке, а копам инфу про мальчугана. Или спровоцировать конфликт с другим несовершеннолетним, который окажется боксером без особых примет. Или облить нечаянно парня из ведра с говном, извиниться и быстро свалить. Ненасильственные методы.",0.0
"Пешеход не является опасностью в дорожном движении, у него ни массы ни скорости не хватит что бы навредить автомобилю или ещё кому. Вот вышел пешеход на дорогу - какой вред он приносит просто не спеша переходя её? - никакого. А какой вред наносит пешеход когда его сбивает автомобиль? - тоже никакого, потому что сбивает автомобиль и вред наносится автомобилем пешеходу. Вот и получается что пешеходов тупо не за что штрафовать, они же не вредят. А вот тех кто вредит надо и штрафовать и налогами нагружать по полной. Чип в башку и глонас на запись, чтоб штрафы не пропадали...",0.0
"Хоть и поздно, но традицию нарушать нельзя.",0.0
мы как то просверлили дыру под воду .... но воды не обнаружили и вот тогда я взял и на табличку написал говори с ним ..... он тебя слышит и стрелку вниз нарисовал с месяц наблюдали картинку . как сначала один два человека в день останавливались и озираясь разговаривали с ... дырой в грунте прошла неделя и очередь ....... для идиотов главное цель указать стрелкой они и пойдут это было в далёком 1982 году вот думаю может там до сих пор люди приходят поговорить с дырой в земле ?,0.0
"Вот, кстати, да, очень похоже",0.0
"уж не занимался ли братец торговлей специально приготовленным растением, тетрагидроканнабиол содержащий?",0.0
"Прочитай все, что я написал, если не поймешь, прочитай еще раз, потом подумай, потом пиши.",1.0
"Все просто, воровать надо вагонами. Подделал проездной, нна тебе срок, поддел документы на несколько лямов, какое мошенничество, вы что.",0.0
"Конечно. В таком случае, очень рад за вашего оператора, что при должной подготовке он может работать на полную силу, не сдерживаясь и это обоим приносит удовольствие)",0.0
"Сдаётся мне, что процентов 80 в написанном - лютый пиздеж",1.0
вот бы столько и правда прожить...,0.0
"Последнее время мужики прямо бегут к месту, особенно с 20-40 лет, я прямо умиляюсь) сама никогда не сажусь, так проще и никого ни в чем обвинять не придется)",0.0
"а за что минус? внештатный специалист это кто? кто не работает в штате. то есть не работает в минздраве. я тоже не работаю в минздраве. могу назвать себя внештатным специалистом и наговорить любой ерунды. лайф написал, а потом этот бред еще по телекам покажут.",0.0
"Врагу не пожелаешь такой неуверенности и нерешительности как у меня, из за этого вся жизнь наперекосяк ни личной жизни, ни друзей, сплошные комплексы и одиночество, на этом фоне развелась депрессия. Помогите, не дайте мне умереть, все к этому и идёт",0.0
"Вчерась пацан лет 8 в магазине телефон сует продавцу что бы та считала карту магазина,та охуев от 10 Айфона спрашивает- это мамы телефон?! ,пацан говорит- нет,мой и удаляется с корешем в даль есть купленные печеньки, ещё и чеки взяли сорванцы,я конечно тоже в ахуе был...",0.0
О какой эффективности вы говорите? Неужели нельзя поныть даже в интернете? Зачем он тогда нужон?,1.0
"Не то, чтобы раздражают.. Это как при задержании: всё что ты скажешь, будет обращено против тебя. Дамочки знают о моём статусе, пробили мои возможности, но тем не менее, посягаются на святое в локальной морали - на семью. 1. Вопрос - с какой целью? Реально цели бывают разными, не всегда итог: создать ячейку вот именно с этим представителем.. Если интересуются, как человеком с твоим внутренним миром и прочим - сразу отказ. Иначе затянет, придётся выкручиваться. Если решить что-то, или разбить семью - ну.. Могу поиграть, пойти на встречу. Переспать? - легко, но вот продолжения не будет. Естественно, за то, что воспользовался тем, что предложили - требует оплаты. Мыж в век рынка живём. Если пытаются крутить - резкий разрыв любых отношений. Я то перед молодой женой - в любом случае оправдаюсь, да и нет такой доказательной базы. А вот хитровыдуманной может быть худо. В то, что девушку на 20 лет моложе меня может заинтересовать моё тело, или, скажем, навыки секса, я не верю. И даже если это будет так - сразу 1 пункт, не дай бог привяжусь к такой извращенке. Одна есть уже. Но, если я вдруг и привяжусь - буду часть того, что имею отдавать. За всё нужно платить. Хотя я за разовые акции, а не за долговременные обязательства. Теперь про ресурсы. В первом браке я был монахом. Ни ни. Мораль не давала, хотя бабло и возможности были уже тогда. Когда встретил настоящую жену - всё было вообще шикарно, чтоб не тормозить на ней. Но привязался к ней. И кобелить, мне в жопе шила нет. Просто, как вы точно заметили - сам внимание привлекаешь. Ну, раз-два в год кто-то и решается. Приходится принимать решение. Короче - я плачу, значит и музыку в отношениях заказываю я. А вот один из моих помощников 19 лет - спортсмен, красавец, язык подвешен, гроза девчонок - он сразу себя вёл, как я сейчас. Ну так и ресурсы у него сразу были. Природные. Извиняюсь, за сумбур, возможно не ответил чётко. Но на медовую ловушку я уже пойман. Остальные женщины - только тела. С проблемами, но без души. Для меня.",1.0
"Остается надеяться, что там дружелюбные соседи и много места для парковки.",0.0
"Да, вся страна ебашит на зарплатах меньше 50 тысяч и их все устраивает",0.0
"чушь какая то, куда отделить, кому отделить",1.0
"ну разве что в очень светлой градации серого. Но я тогда об этом не подумал. А принтеры, которые были мне тогда доступны, были монохромными. Хотя, признаться, начерталка мне давалась легко, ибо мать - проектировщик. Всё разъясняла и показывала :)",0.0
"Я, как-то думал, что из моих слов это будет понятно. Простите великодушно, если не уразумел, что не все поймут мой посыл.",0.0
"Приветствую! Растягивание на весь экран - стандартный эффект полноэкранного режима. На самом деле эта гифка одинаково шакальна и на ПК, и на смарте. Просто На смарте они становятся одного размера, а на ПК ваша - меньше. Пруф:",0.0
"Да хватит ныть то уже,ни когда это не закончится! Есть только один выход,самому добраться до кормушки ! Так что люди,не обманывайте себя! ps: да,я пессимист :)",0.0
Это больше похоже на правду,0.0
"Хэллоуин 2018 года ведь шлак полный, и оценка у него 5.8.",1.0
ясно ......Просто сколько раз видел у нас на базе ремонта все двигатели через вверх и тут на тебе,0.0
"Подводные лодки будут не нужны, наши славные ракеты из любой точки нашей великой Родины достанут до всех супостатов. Скорее бы !!!",0.0
"Не надо лезть в дела Бога, если в своих разобраться не можем",0.0
"это не обязательно для живых, бывает когда памятник не на что поставить уже несколько лет...",0.0
Зачем тут тогда разговариваешь? Жалко что ты вообще родился...,1.0
во-во. побочки в одиссее явно подтянули. намного интереснее проходить и так остро уже этот гринд не ощущается.,0.0
"1048576мб поделить на 40 26214, впечатляет",0.0
"Я когда мехом и кожей стал заниматься, то сперва в эту отрасль вник и только потом бросил основную работу. А так да, первое время крайне тяжко.",0.0
"Какой алгоритм, блядь? Отправил жалобу на бан и модератор подтвердил бан",0.0
"Не не, с вокзала только вызывать местную службу такси. Номер пробивается в интернете заранее. А автобус ещё дешевле. Надеюсь, с развитием интернета эта мошенническая профессия - вокзальный бомбила - доживает последние дни. Нахуй этих ушпырков, никто по ним скучать не будет.",1.0
Ты сам вообще задумывался над тем что тут написано? Или просто скопипастил?,1.0
"Ну не буду по выпаду насчет Путина отвечать - смысла нет, а вот начнет того, что у Украины есть шанс вылезти - он есть. При условии возвращения всё в зад. Посадки бандероублюдков, налаживания связей с Россией и возврат к уровню жизни при Януковиче - хотя бы.",1.0
Сходила посмотрела на чашечку - оказалась баварского производства),0.0
"Круто ответил) отсутствие запятых подчеркивает твою глупость, но ты сейчас придумай какой-нибудь остроумный ответ, чтобы твоя жалкая жизнь стала чуть лучше за счёт снимого самоутверждения)",1.0
"Пашка на самом деле Денис Добровольский. Эт так, к слову.",0.0
А дева на первом фото тоже из глины?),0.0
"Для детей. Совсем другая атмосфера, им очень нравится. Это, можно сказать, стало нормой во всём мире очень давно.",0.0
"А я не правду написал?! И с чего ты сделал такой вывод? Вот объективно? Я что-то подобное утверждал? Или ты знаешь меня, что делать выводы о моих навыках? Или это прям реально круто- за 10-20-30 лет научиться бросать вермишель в котел, слегка её закручивая?",1.0
от жешь... живут же люди.,0.0
"Да. Левый сосок на левой сиське, на левой фотке.",0.0
не бойся так точно останешься в живых,0.0
"У меня в жизни таких сильных рук не было) кстати, оч советую фитбол - можно на нем сидеть с мелким на руках и качаться, эффект почти как от ходьбы. Сидеть на стуле, понятное дело, не разрешает) вот заказала гель, вечером муж привезет. Попробуем.",0.0
Яхту олигарха так просто не раскачаешь. На них компенсаторы качки стоят.,0.0
"Да ладно, что раньше выпускали исключительно идеальных специалистов? Я что-то не помню, судя по моим старшим товарищам, процент отсидевших за диплом не такой и меленький. И потому мня просто вопрос, де допускаете ли Вы то, что , например, данный пост может быть написан с телефона, где излишне ретивый Т9 немного коверкает смысл и не всегда есть возможность исправить? Опечатки и на обычном компьютере случаются и не всегда есть возможность вычитать текст перед его публикацией. По моему, пост написан вполне нормально. Или я ошибаюсь, если да, то поправьте меня.",0.0
"играться то че не так, судя по фото видео они не массивнее обычных vr шлемов. по десять часов конечно как за компом не посидишь, но час-два норм",0.0
"Сначала покраска 1 год в пяти фирмах, учился красить. 3 года красил мебельные фасады в своей говномалярке . Сейчас легче.",0.0
вы описали как надо эксплуатировать SSD для долгой работы,0.0
"Это где я написал, что собака не виновата?!? Тут как с детьми - как воспитали, такой результат и получили. Но за детей кто в первую очередь несёт ответственность? Так что в любом случае вначале надо п..здить хозяина, а уж потом думать, что с собакой делать.",1.0
"Почему нельзя? Где? Вы всегда пронесёте бутылку воды на борт, да и не воды. Купите ее после досмотра, в чистой зоне.",0.0
25 лет в Копейске прожил.,0.0
какие ваши доказательства !?,0.0
США так и делали во время 2-й мировой... обогатились хорошо,0.0
В чем проблема организовывать опросы и голосования на счет того кто и сколько чего хочет? Проблема в том что хотелки меняются.,0.0
"Эх а в северодвинске, эра концертов завяла.",0.0
"Я интересуюсь, я скорей всего моложе тебя, но я уже понял что внятно отвечать ты не способен. Наслаждайся капитализмом, Вася.",1.0
"а почему с кубани начали, а не с москвы?",0.0
"Да, погода в горах может меняться очень быстро!",0.0
Может решающий голос был у живущего в башне федерация в Москва Сити?)),0.0
Ага. Селекционеры борщевика были очень ответственные люди,0.0
"Дон Табак приобретен компанией JTI, входящей в Japan Tobacco. Табачный рынок контролируют всего лишь несколько крупных корпораций и выжить мелким компаниям практически невозможно, тем боле на территории где табак мало культивируется. Это сродни майкрософту, своего нет, да и что было передавили в зародыше в девяностых. Ну а кого, типа симбиан и в нулевых.",0.0
"Ну вот честно, мне от этого МФЦ ни холодно, ни горячо. Не знаю как другим. И все равно МФЦ за 20 лет правления так себе результат. Но удобно, не спорю)",0.0
"Вот не ври)))) ты бы мне вовсе не ответил тогда бы, а тут целая тирада... чсв? ты из какого века это нарыл? такое уже не используется, ещё бы упячку вспомнил",1.0
Судя потому что происходит на политической арене вы правы.,0.0
"А мы уйдём на север, а мы уйдём на север! (табаки.жпг)",0.0
"ЭКО доступно по ОМС, о чем вы?",0.0
залупа из лиственницы,1.0
Главное сохраняет морду лица,0.0
"Теоретически наверное лопнуть может, но в шину точно не возится.",0.0
Сколько она там на ps4 стоит? Какую версию брать?),0.0
В Украине также 20 км ч допускается.,0.0
"А можно было поступить как делают цивилизованные общества. Организовать нормальную полицию, чтобы был общественный порядок",0.0
"Зачем вы городите чушь? Мы с вами на ты не переходили. Убедитесь в действенности мантры, а потом уже начинайте свою проповедь. Проверено поколениями! Между прочим уже даже считается классической",0.0
"Это предположение, констатация факта или скрытый намёк? ;)",0.0
"Бате недавно ставили, многим уже в 40 нужно. А если не повезло с зубами, то и того раньше. Надеюсь, вам повезло :р",0.0
"Задумка не моя. А на счет пластика, мы пока другой работой заняты",0.0
"Лондон шикарен, но там как раз страха по минимуму, ибо прямо гимн человеческому духу. Ощущение огромного пространства и запредельности, вот это да, но все же это другое.",0.0
"Я уже отдал тебе, его нельзя вернуть или передать кому то другому. Просто что то отрывается от души и уходит кому то, это может быть спонтанно или даже глупо. Но факт остаётся фактом...",0.0
"Вот читаю часто подобные воспоминания об увеличении груди и думаю почему меня миновала сия чаша? Вес не набрала, сиськи не выросли. И даже беременная не страдала принеси то не знаю что . Обидно даже, ненормальная какая-то я как будто ((",0.0
"это потому, что мы в ней просрали. Если просрали - значит это плохая война и ее мы не хотим повторить . Все остальные - хотим, потому и оправдываем. у имперца всё очень просто.",1.0
Одноигровок было хоть жопой жуй.,0.0
Интересная книга в тему - Ганс-Ульрих Рудель. Пилот Штуки,0.0
"Вероятно, чтоб отвлечь от надписей на снимке. А селфи автоматом отзеркаленные получаются",0.0
Залипательная хрень ) ЗЫ в космосе тряска нинужна,0.0
OBI в полный рост продаёт поштучно.,0.0
"У меня было пару недель так же,сначала выспалась,потом начала пугаться,а потом снова развлекаловка вернулась)",0.0
Не советую грибы собирать в пластиковую тару.Преют грибочки в ней.Лучше мешочек из под сахара например.Себе плпнирую сделать типа рюкзака из бельевой корзины.,0.0
"Эта операционка закрыта. Это вовсе не значит, что она не поддается реверсинженерингу и модификации.",0.0
"Как говорится на стороне одного законы, на стороне другого судебная практика.",0.0
", просил вас зайти сегодня в ДАННЫЕ УДАЛЕНЫ . Он был весьма зол, говорил что то про нарушение режима секретности",0.0
"Во мгле ночной, при свете дня.....",0.0
"Можно ещё поговорить на тему Здороваетесь ли вы заходя в лифт, а там люди? )",0.0
"Не стал бы. Ребрендинг старого материала особо нового ничего не принес (лично мое мнение из собственного опыта) Маленькая площадь еще туда-сюда, на средней и большой лежит хуевастенько",0.0
"Барином хорошо было быть, в 17-ом веке. Учи себе французкий. Читай книжки. Не жизнь - малина.)",0.0
"Ну ладно, Жигули да, ошибка. Надо делить 90000 рублей, тогда 12,5 машин получается. Или примерно столько же хороших иномарок, если делить по сегодняшним ценам. Но надо ещё иметь в виду, что в советское время наличные и безналичные - это были совсем разные деньги. Безналичные никто иметь не мог, даже Чурбанов. Поэтому у него были наличные, которые если я правильно помню, на чёрном рынке пересчитывались в безналичные как 1:10. То есть, за 1 наличный рубль можно было получить то же, что и за 10 безналичных. Значит в безналичных рублях у Чурбанова было бы 900000 рублей. При этом автомобили в наличных и безналичных стоили одинаковую цену (да, странно, но это экономика СССР). Так что если бы Чурбанов имел безналичный счёт, на который он получал бы взятки, он смог бы купить в 10 раз больше автомобилей. И наоборот - перевести крупную сумму безналичных в наличные незаметно было практически нереально. Поэтому наличные и ценились высоко. Сегодня нет разницы между наличными и безналичными. Поэтому взятки могут быть любого размера. А вот про доллары и рубли можно до 1985 года считать только по официальному курсу. Потому что никакого другого не было. Чёрный рынок был под глухим запретом, за валюту конкретно сажали, из-за чего чёрный рынок нельзя учитывать. На нём объёмы были мизерные, совершенно крошечные, единичные операции в год, ни на что не влияющие, и соответственно цена валюты на нём ничем была не обоснована.",0.0
Так самсунг продали компании Hanwha. Причем продали с заводами. Так что процессор как был wisenet так и остался wisenet. И камеры их новой линейки даже аксис кроют.,0.0
"Все верно, но уровень гринда тут все равно несравним. У меня и питон, и конда, и каттер, и корветт, и куча еще чего, и притом проинженерено все до 4-5 уровня. Так вот на тот же питон легко зарабатывается имея хаулер- тип7 часа за 3-4 и даже каттер вет можно выкачать за пару дней - там дольше ранг на них качать нежели бабло. Самое геморное это сбор ресов для инженеров, но есть пару мест, где их можно фармить тоннами не отходя от кассы, так сказать.",0.0
а папа крайний и у него рейтинг рухнул... ))) А что папе рейтинг? У него должность не выборная и пожизненная.,0.0
"Ну смотрите, если она в наморднике и я отвожу её в конец автобуса(маршрутки), знаю о ней все и сажаю её около себя, значит я не настолько и глуп. И как вообще понимать Это я знаю свою собаку , это так можно и про всех людей сказать. Я вот не знаю тошнит тебя в автобусе или нет, отсядь пожалуйста, ведь только ты знаешь, что нет. Может ты террорист? Покинь автобус пожалуйста, а то полицию вызову. Глупо рассуждаешь однако. А про ресторан ничего глупого как раз и не вижу. Я нахожусь далеко от дома, я и собака были на фотосессии с моделью и мы все замёрзли, т.к была зима, мы пошли в ближайший ресторан купить горячие напитки и пойти домой, но нам предложили покушать, с чем мы согласились. Кто тут виноват и в чем?",0.0
"До тех пор, пока не напишет коментарий, и тогда станет 501!",0.0
"очень красиво,я-бы лисичку заказал)))",0.0
война - продолжение политики другими средствами,0.0
"настройки - проблемы не камеры, а софта",0.0
"кусок окаменевшего говна весом в 1,3 кг . Там нет мозга .",0.0
"Там выше все написано, нужно приложить немного внимательности, но куда уж тебе...",1.0
"Я уже год коплю на L200, а долбоебы рыбаки их топят как нехуй нахуй",1.0
Зайди в паблик Подслушано Аэрофлот и познакомься,0.0
лёнь . свежо предание но верится с трудом . Видать подвели к этому.,0.0
Током пиздануло пьяного ежа)),0.0
"Летом у нас нет сумерек) В 2 часа ночи можно книги читать. Весной только, осенью небо также затянуто 24 7 ))",0.0
"Ты вот про сестру сказал, а я чёт почти на все сто был уверен, что он именно в Голландии живёт, хз как объяснить, чуйка чтоль... Видал я ролики про сестру, суды там и все такое. Был я на его канал подписан, а потом он мне стал мерзок. Ты обратил внимание на атрибуты наличия денег ? Почти в каждом ролике, то часы, то мы гардероб жены показываем с кол-вом сумок, то мы критикуем других блогеров за плохие зубы... Он плохой человек. А татарин, он мог, ахметычь злой на многих.",0.0
А ежели рванет!? Не отмоетесь!,0.0
"Это Россия. Это дикая страна, в которой живут бедные и замёрзшие, а оттого злые и дикие люди.",1.0
"ну вот, вопрос только в том как это изменить. Так то хочется не сбежать, а изменить. Но сбежать путь наименьшего сопротивления. Я прекрасно понимаю что мир изменить я не смогу, я смогу повлиять только на свою семью, детям донести что такое хорошо и что такое плохо.",0.0
"Так это что получается, майданные власти - это гении экономики, раз у них ВВП за 5 лет вырос более чем в 2 раза? По твоей логике так. Смотри. Ты завод. Делаешь 10 тракторов в год. Себестоимость трактора 15 рублей, продаешь его за 30 рублей ( 1). Твой оборот 300 рублей в год. Внезапно рубль падает в 2 раза. Ты продолжаешь делать 10 тракторов в год. За 5 лет индексация зарплат, инфляция и т.д. поднимают себестоимость до 30 рублей, продаешь ты его уже за 60 рублей (это всё так же 1). В итоге, спустя 5 лет твой оборот (ВВП) вырос в 2 раза в рублях, но ты как делал 10 тракторов, так и делаешь. Где рост?",0.0
Т9 однако с Кронштадтом также путаюсь,0.0
На первой фотке похоже собачка не успела толком раскуриться.,0.0
Сленг помоек и знать не особо хочется :),1.0
"Да так, плавал на лодке Ра (второй), ничего особенного. Дудь круче.",0.0
"Может вас просто собаки бесят?) меня не собаки бесят, а проявление агрессии.. Давить собак - проявлять агрессию и жестокость. Видите в собаках угрозу- вызывайте отлов и пусть они усыпляют. А давить, стрелять еще и снимать это могут только больные садисты. Но почему то я зоошиза.. Прикольно",0.0
"Надо физиков звать... можно рассчитать начальную скорость :) Хотя чего из звать, сам посчитал, примерно 450км в час, примерно в 2 раза ниже скорости пули :)",0.0
Галогенки греются не меньше ламп накаливания. Так себе замена ),0.0
"У меня тоже всю жизнь коты, но здоровье ты не вернёшь и вот стоит оно того?",0.0
"Когда Гои празднуют пурим, где то улыбается богоизбранный.",0.0
Так направление все равно не верное,0.0
"Это весьма простая электромеханическая система. Есть и программный аналог - WDT - WatchDog Timer - сторожевой таймер, который приводит систему в нормальное состояние, если получает условный сигнал все ок . Нет сигнала - он просто не препятствует срабатыванию механизма.",0.0
"Я пока в танки играл, за все время рублей 500 залил. Хз зачем люди вообще туда деньши вливают",0.0
"скажи спасибо, что они забыли про ее грудь",0.0
Цветной отдел Петербуржца,0.0
"Источники мне постоянно показывают, только успеваю отмахиваться... Мне бы диаметрально противоположных источников",0.0
А карты памяти хоть поддерживаются телефоном?,0.0
"Ну тут, имхо, от магазина конкретного зависит все.",0.0
Вы прямо так и сказали: дерните штучку ?,0.0
"Судя по всему, 1 девушек могут жить без секса и денег в отношениях.",0.0
Тазобедренного сустава.,0.0
Может оставите? Если хозяин не найдется? А собаки большие?,0.0
"Коучер, промоутер, шоумен и просто альфонс",0.0
Завидуешь по-черному?,0.0
"Как по мне, салденс какую-то хуйню(разумеется, все это 10из10 по сравнению с массмаркетом) начал варить. Десятки сортов, но нету изюминки. Очень мало, из того что запомнилось.",0.0
"можно много сэкономить, если ни куда не ездить",0.0
"Если хозяин ещё и говно за ними убирает на улице , то готов предаваться умилению. Пока что , в связи с оттепелью, проступанием говна кругом, меня собаки раздражают..",0.0
"Зато не подкопаться, реально в HD. А апскейл они не учились как делать :)",0.0
"Я уже не помню, что я писал. Да и не важно это было, т.к. Милиционеры сказали налом оплатить и если сейчас нету, то завтра принести. А я тупо забил, последствий не было.",0.0
"Меня не взяли в пожарную охрану. По здоровью. А ведь я хотел. В детстве я потушил костер, я умею пользоваться огнетушителем и готов применить его в случае пожара. Я всегда тушу бычки от сигарет, прежде чем выбросить и свет в туалете. А вообще я кондитер и готовлю вкусные булочки, которые любят покупать пожарные. Разве я не пожарный? Пусть меня поздравляют с днем пожарной охраны.",0.0
", не приходи, тут всё в порядке.",0.0
"В начале нулевых, выписывал журнал, что то типо наука и техника там была статья что ученые смогли вырастить зубы у мышей и собак. Типо укол в десны, подсаживают типо зародыша зуба, и вуаля, вырастает новый зуб. И вот типо через 5-10 лет стоматолог будет не нужен... ну собственно прошло почти 20 лет, я сижу в очереди на имплантацию зуба из металокерамики... так что херня все это...",0.0
"А вы не думали, что хлеб воруют, потому, что голодные, такого не может быть? Семьи всякие бывают и достаток у всех разный. Кому то бутерброд с икрой не лезет в рот, а кому то кусок хлеба, как пряник...",0.0
"в жизни ведьмой называют, хоть какое-то разнообразие)",0.0
шурупы под каждое колесо,0.0
"Ага, идите в бизнес? А вообще правильно говорите - вот они и не держаться за работу. Творят хрень - плевать, уволят, наконец будет мотивация найти работу с норм зарплатой. А квалификационные кадры придут на эту зарплату? Нет, т.к. себя не уважают.",1.0
Чем он лучше скайпа? Ни тем ни тем не пользуюсь,0.0
По тегам поищи оригинал года три назад волна таких историй была,0.0
"Комментарий удален. Причина: оскорбления, грубое общение и провокации",0.0
"Так вы же сами взяли тех депутатов, которые приняли закон Яровой и повышение НДС.",0.0
"Мальчик золотистый ретривер,не собака,а большое сердце,для улицы не приспособлен совершенно((((. Судя по виду от заводчиков,возможно есть чип или клеймо",0.0
Про менеджера в автосалоне мне лично понравилось,0.0
"Да обычная логика. Глупо говорить, что человек не может то, чего он даже не делает. Может, он реально просто не хочет.",0.0
Ору!! Каммент огонь))),0.0
"В России, слава богу, дураков ещё лет на сто припасено.",1.0
"Тут такое дело, что корки диплома на форуме это малява от авторитетов о признании твоих заслуг на воле. Паханы должны считаться. А там уже как человек себя покажет. Сколько построил, сколько развалилось. Рисовать узоры можно только для пацанов, ищущих романтики в нашем деле. А вот рассчитать, построить, остаться в своих штанах и чтобы ручки не накололи дверные это уменья требует.",0.0
"Он просто знает, что для того, чтобы что-то утверждать одного эксперимента недостаточно, нужно провести несколько.",0.0
"Малышом сына своего зови. Поучи логику. Негативное доказательство это логическая ошибка, принимающая следующую форму: А верно, потому что нет доказательств, что А не верно. Если единственным подтверждением существования чего-либо является отсутствие опровержений этого существования, то точкой зрения по умолчанию является скептицизм, а не легковерие. Такой вариант негативного доказательства распространён среди верующих, пытающихся доказать существование Бога, и в псевдонауке, являя собой попытку сместить бремя доказательства со сторонника идеи на скептика. Однако бремя доказательства лежит на человеке, провозглашающем существование чего-либо, а не на сомневающемся в этом.",1.0
"Послушай, перестанешь) Особенно их классику котята",0.0
"а польза? Нафига подарок на 1 день, если можно сделать такой который будет регулярно использоваться. Это тоже самое что две таблетки в блистере размером с ладонь и толстой коробке, куда 5 таких влезет. Зачем красивая упаковка когда можно сделать полезную?",0.0
"Этим и занимаюсь, я сейчас жирный и мускулистый.",0.0
А как же суицид от понимания тщетности бытия в Австралии?,0.0
"Да, ведь человек не может делать выводы о происходящем, если лично не был на месте события. А, хотя нет - может. Если у него есть мозг, конечно.",0.0
"Магические элементалы, например. )",0.0
А сколько у нас шпаг?,0.0
"а вот осквернение, а именно глумление над принятыми в социуме историческими и духовными ценностями на лицо. Вам не трудно будет дать список ценностей принятых в нашем социуме? Где он? Кто его видел?",0.0
"вот только тебе могут отказать от ремонта. а медику нет ,и платя столько сколько скажут",0.0
Биндишь кнопку для ускорения времени и гг. Или кому то в кайф на 11 перепрохождении игры кататься в лифте или по планетам?,0.0
Чё-то я как-то в шоке... Интересно будет почитать знающих людей.,0.0
В 2012 году был на два года дисквалифицирован за допинг. В 2016 году с мельдонием ещё история была. Так что нормально работают.,0.0
"Не стыдно быть бедным, стыдно быть дешёвым! Василий Маркович Шукшин.",0.0
"Ну, на картинке Оскар Уайлд, а если это сопостваить с нашей беседой... :)",0.0
"В ГЗ (высотке) до почти недавних пор Сектора назывались Зонами. И строил сталинскую страну гулаг и науку двигали шарашки. Хорошо-плохо - хз, но это факт.",0.0
Эти ботиночки надо хозяевам одевать и шурупом привинчивать.,0.0
Пока гром не грянет мужик не перекрестится.,0.0
юристы тоже там стажировались (2009 г.),0.0
Именно. Работник что-ли штат этот придумывал,0.0
И делать нехер. От слова совсем. Тоже ни капли не скучаю по деревне.,0.0
"для знатно, больно легко она это перенесла",0.0
"Да, вещь была. Правда был минус с играми некоторыми, управление на клаве, а низ игры уходил вниз по экрану за клавиатуру. И колесико - джойстик боковое часто наварачивается. Будьте с ним нежны. 2 года с ним проходил. Потом взял себе Нокиа n75 и сони 870. (2 симки тогда еще были уделом китайфонов)",0.0
"хули ржете, это клава лешего",0.0
"Согласен, скорее всего так и есть. Если в первые 15 дней требование о замене не заявлялось (письменно), то предполагается что вы сами согласились на ремонт",0.0
"Оригинал, который сочинил Виталий Коротич был на украинском языке. Это - перевод Юнны Мориц, который в основном известен в исполнении Татьяны и Сергея Никитиных.",0.0
"Ну вот я в хитмана пытаюсь, там вроде все медленно, да размеренно. И управление более-менее не требует большого привыкания. Но час игры и блевать тянет",0.0
"Думаю, эта вывеска в салоне тату, а ТС перепутал.",0.0
"Я в школе, в 87ом году, зарядил что- мол, эту атрибутику фашизма- жгли на Красной Площади. За что получил двойку в четверти. Хотя сам видел это видео по ТВ. ОРТ тогда еще не было.",0.0
"Хорошая попытка, но нет, не верю.",0.0
"настроение, желание делать что либо и тд и тп, тоска в общем смертная такая ерунда еще бывает когда тесто низкий. а все остальное следствие. я там ниже уже спросил, повторяться не буду, тесто в норме?",0.0
Т.е. рост марсианина 49.5 см?,0.0
Охренеть! Оказывается и термин есть!,0.0
"Ну хз, мне лично нравится читать гневные отзывы на те или иные организации на пикабу, тут довольно большой выбор. Дело вкуса. Не нравится - так не читайте же.",0.0
А для кого-то это зарплата за полмесяца. Хаха.,0.0
"Белок вроде, обознался",0.0
Файжжжжжжжжжжжжжжжжжжжжжжжжжжжжжжжжжжжжжж.жжжжжжжжжжжжжжжжжжжжжжжжжжжжжжжжжжжжэзш.х не,0.0
"Ну раз Вы - художник, то на что я могу надеяться?",0.0
"Из моих сомообразных рекорд принадлежал мешкожаберному, :)",0.0
м? человек - без уточнения степени знакомства.,0.0
"Любые. Моральные нормы как вера, или член. Очень хорошо если они у вас есть, но не стоит размахивать ими перед другими людьми. И вы будете атакованы если попытаетесь подсунуть их моим детям.",1.0
А что плохого в ответе за свои слова и доступ в интернет по паспорту? То что интернет станет подобием телевизора.,0.0
Ну вот 500 что такого договора не существует в данной компани и все делается на честном слове.,0.0
"С 0:00, там движение в обратную сторону пошло почему-то (читаем про текущий дрейф материков)",0.0
В последнее время еще и пластиковые высотки и ТЦ.,0.0
"Блин, я так под прошлый конец света набрал кредитов, думал отдавать не надо будет, а эти рептилойды меня так подвели",0.0
Переезжать в другой регион? Или опять история про семья ограничивает ?,0.0
Мне вот что интересно. Их самих не смущает Знамя Победы и власовский флаг рядом ?,0.0
"Не стоит загонять себя в рамки я не имею права . Когда дети вырастут, они будут ощущать чувство вины за то, что своим существованием мешали маме быть счастливой.",0.0
"Печально известный на всю Россию приморский школьник, снискавший славу инцидентом с унитазом, продолжает беспредел, сообщает DEITA.RU. А паренек-то борзый!",0.0
"Ну что, , поняли, что ответить на вопрос не можете, попытались соскочить, и для надёжности в игнор кинули? Трусливо и тупо, но ожидаемо для вашего уровня рассуждений.",1.0
Ты отставил религию это твое дело. Но зачем писать посты и осквернять религию. Ты говоришь о любви к родным но ты их предал и предал ты их тем что оскверняешь то что им дорого. Задай свой любой вопрос об Исламе с научной точки зрения и я тебе отвечу с религиозной точки зрения.,1.0
"Правильно говоришь. Это и есть система. Все должно быть. Но в меру. Мера определяется теми, кто занимается системой.",0.0
"Автор уверяет, что купил старик в 99м? Это первый человек, который его купил в России походу. Тогда он просто у всех был. А если не было, то можно было взять диск у того, у кого он был",0.0
Задолбала его эта курица))),0.0
Австралийские пауки съедят все живое на планете)),0.0
"скажите, а что заставляет пользоваться подобными мемами фекально-дендроидной архитектуры?",1.0
Нормальный подарок.... можно ещё расчёстку подарить,0.0
"пагадите, он же итак уже запрещен, а вот шарики - нет",0.0
"Ага, ебёшься с девушкой, а вокруг тебя ещё куча людей ебётся",0.0
Я бы тоже. Ох уж эта извечная проблема - собрать компанию для игры и доиграть до конца.,0.0
"Не, если даже пожилая азиатская делает это целых 30 сек, то мне и 3 лет не хватит",0.0
"А у 12? Я вижу вы разбираетесь, а мне важно",0.0
"Так, чисто поржать, ибо пьян.. 1. Ничего личного .. то есть - выложить скрин моего аккаунта с пометкой латентный гомосексуалист - это - ничего личного? 2. Просто пруфы предоставляйте .. не буду, потому что лень. На правоту не претендую. Кому не нравится, может привести антипруф, или поставить минус и идти дальше. 3. Извинюсь. Даже не вопрос. Если был неправ .. (тут я немного грамматические ошибки поправил, но не суть.. сам пренебрегаю заглавными буквами, ибо пишу с телефона ..) а. Ценю попытку извиниться, не каждый на это способен.. но: б. Если был неправ .. то есть пикабушник, зная меня только по моим постам, сделал вполне конкретный вывод, что я латентный гомосексуалист , о чём не преминул известить всё сообщество.. и понял, что не прав, только после того, как получил но носу (согласно правилам пикабу), соизволил извиниться?.. Тут я устал.. P.S. Вижу у моего оппонента высокий рейтинг и кучу постов.. попозже ознакомлюсь с ними и дам некоторый анализ этого персонажа.. (или не дам, ибо это по настроению и вдохновению.., ничего личного..)))",0.0
"Человек написал, что у него хронический тонзиллит. Я свой таким образом вылечила. Почему не попробовать? Вреда точно не будет, лекарство натуральное. Извлечение из листьев эвкалипта.",0.0
"Может вы мне подскажите, в такой ситуации нужно продолжать выше писать в прокуратуру или обращаться в суд? Если в суд на кто ответчик? Фонд соц страхования?",0.0
"Судьба, мир не позволит просто так мотоциклисту врезаться в тебя. Мир притягивает подобности к подобностям и скорей всего мотоциклист врежется в такого же нарушителя похуиста как и он сам или просто в о что-то если таковых не будет рядом...",0.0
"Я вас обожаю. Действительно, где? Gifx",0.0
"И первый магазин из списка который следует посетить это спецодежда, там наверняка и выбор больше и цены не сильно кусачие",0.0
"Не про дешевые продукты я не говорю. До такого нужно постараться не дойти.. У меня, вот эти акционные сосиски и разную ерунду дешевую даже так сказать товарищ о четырех ногах, что ответственен за безопасность участка игнорит. И меня это пугает. Он у меня уже сутки голодает - отказался от курицы, курицы купленной в магазине, человечьем магазине, .. , вот я репу и чешу, что в этой блядь курице-то, мож зря я свою линию гну и не даю ему ничего?",0.0
"из МО в Москву уже проблемы Смотря куда. Если прям в деревню какую нибудь, то да, проблема, а так, большинство подмосковных городов достаточно удобно связаны, как автобусным сообщением, так и электричками.",0.0
"Не лучше купить новую, не ношенную, да ещё и намного дешевле, чем запросят за это говно?",0.0
даже не стала читать вашу бредовую портняку.,1.0
"дык, уже написал все. как раз был сезон путины на лососевых, мишки наедались к зиме",0.0
Загуглите Пассивная безопасность опор освещения,0.0
А вот и мамкины аметисты набежали.,1.0
"Тоже как то не очень, вы открыли сауну и все клиенты у вас по безналу с ООО",0.0
"Не очень понятно, какие понятиями может быть обоснованно избиение младенца Даже у т.н. блатных есть понятие беспредела, а это он и есть И на зоне этому пацанчику будет ой как нелегко",0.0
"Если у человека были 480 тысяч долларов, то после дефолта они стоили намного больше. Уж баксы у нас в 90-х очень ценились. Как он их потерял? Украли что ли, развели, ограбили ?",0.0
"Правило про мягкий знак в конце слова после шипящих очень простое - мужской род-нет мягкого знака, женский-есть. Поэтому НОЖ и РОЖЬ. не путать с язь, это не то правило)",0.0
"Все верно глаголишь. Ни на что не намекаю...но в 2 года, зимой, в лужу, жопой...а это ещё кто то и снимает. И ничего не делает. Мрак.",0.0
"1 ты тупой? без обид, но я не знаю как написать по другому 2 кто мне что впарил то? ты так и не ответил 3 разводила тут только ты, а точнее просто невежда а теперь минутка просвещения невежд, титановые фильтры придумали не разводилы, они существуют уже не один десяток лет, и применяются в промышленных установках, где проходят строжайший контроль и все испытания, следовательно имеют все сертификаты. применяют их во всем мире, вот незадача то да? дай угадаю, весь мир развели, весь мир тупые, все пидорасы, а ты дартоньян? чую чем то пахнет, интересно, чем же?.. то, что они появились в россии недавно и о них услашали всякие невежды, не значит что они плохи, фильтры хорошие, но очень дорогие. только поэтому я и поставил обычный механический фильтр. для особо тугих - у меня нет титанового фильтра, слишком дорого",1.0
100 в аду есть банкомат сбербанка,0.0
"ННе читал все комменты-лениво,но тут есть Лига Знакомств,тебе,по идее,как раз туда нужно.",0.0
Любая операция трансплантации очень сложная и дорогая. Плюс далеко не всегда можно найти донора.,0.0
А сдачи доете.А то у них потерьнет,0.0
Узнаю. В детстве у нас некоторые были такие. Кой что даже осталось еще.,0.0
"С хуя, я каждый день ложусь в 7 вставаю в 15.",0.0
"Хз, я только с некоторыми пока знаком)",0.0
"Всё так и есть. У меня кредитка visa. Обслуживание - 0. Интернет-банкинг - 0. Беспроцентный период - 54 дня. Дебетовая - социалка МИР. Инет-банкинг - 30 р мес. Процент на остаток по вкладу - 3,5. Перекидываю с социалки на кредитку бесплатно 2 раза в месяц (чтоб не забывать). Пользуюсь кредитными деньгами для онлайн-покупок и безналичных платежей в магазинах-кафе-заправках и пр. Наличку снимаю с социалки бесплатно по необходимости. Что и кому я переплачиваю? О всякой хрени типа бонусов спасибо , партнёрской программе и пр. не говорю, ибо практически ими не пользуюсь.",0.0
"Во флеш-анимации чтоль? Потому что если нет - как минимум странно, для такой анимации только флеш нормально канает",0.0
Зафаршировать хуя...овощами перед этим надобно.,0.0
привет! А как это сделать? Тег добавить или что? Я на Пикабу зарегистрирован недавно!,0.0
Да студенческая команда из штатов вынесет любую российскую вперед ногами,0.0
"В принципе отличная озвучка, не дождался и глянул. Отличный фильм, очень зашёл.",0.0
Шестое чувство тоже не в тему?),0.0
Малышь (подвегаеться),0.0
И на ноль делить можно...,0.0
"Может, просто социальная несправедливость не дает покоя предыдущему докладчику? Время ведь сейчас такое: ты либо работаешь клоуном у пидорасов, либо пидорасом у клоунов за тот же самый мелкий прайс. Либо вообще, прости господи, буддист. Вот вы, извините, к кому себя относите?",1.0
Да просто там машин мало.,0.0
и полную морозилку льда набирать,0.0
"Притягиваются противоположности, а одинаковых и так дохрена.",0.0
прикольный чувак имхо. флешмоб с проститутками доставил.,0.0
65. Какой компактный пикабушник),0.0
На депутатство должен быть экзамен - как на гражданство.,0.0
"Для начала оштрафуют напоказ, а потом х...й забьют.",0.0
"Х.з сколько тебе, про какие времена пишешь... могу только сказать, когда нам было по 15-17 лет у нас походу были какие то другие понятия , их можно было отнести к арестанской культуре и эти правила по жизне помогали как раз решать спорные ситуации и не допускать беспридела... То же, что происходит сейчас под лозунгом АУЕ - это как раз и есть зашквар, и в наше время таким АУЕшникам и жопы бутылками порвалиб и головы против резьбы поскручивали. Что тогда, что сейчас идёт всё с зоны, и глядя на этих долбоёбов страшно что сейчас ТАМ. Видно всё от того, что воры все чёрные понапокупавшие себе корон, на деле ни хуя из себя не представляющие ублюдки. У нас было движение на спорт, единство... ща молодёжь оскатинивают и стравливают, плодят беспридел и ростят говнорей. Им не западло использовать детей, извратили все понятия . Да и власти спасибо, без их участия такого не случилось бы.",1.0
"Обычно учитывается вес нетто, а здесь в расчеты закралась градиента g 9,8 м с)))",0.0
давай поменяемся на что-нибудь )),0.0
а можно поподробнее про детские крестовые походы,0.0
Я вот и спрашиваю) Люди часто избегают работы с необычным или непривычным. Та же страховая может сказать мы такое не страхуем или слиться под другим предлогом,0.0
"Если квартира в ипотеке, то она не твоя, а банковская!",0.0
"Даже если женюсь, останусь категорическим противником межвидовых сношений и не уговаривайте!",0.0
"Совершенно верно, для него!",0.0
"На одном джипе такие отметины, будто его старались собачьим говном подбить)",0.0
и часто привязывали? Или пока только в планах?),0.0
Вообще-то это цитаты разных людей из поста.,0.0
"Не просто портить жизнь , тот малолетний уебан уже отправил тдну девочку в больницу после того как ударил её.",1.0
Могу тебе отдать свои старые семейники,0.0
"Очень даже разделимы. Достаточно знать мотивы гомосексуального поведения у животных (которых Вы, как мне кажется, не знаете), и всё становится на места. А, как Вы выразились, перманентное поведение (т.е. однозначное предпочтение партнёров своего пола и игнорирование партнёров противоположного пола) наблюдалось только у баранов. Пути эволюции, конечно, неисповедимы, но я сомневаюсь, что у геев были бараны среди предков.",0.0
Каких-каких изуверских практик? Там ежа надо жрать пока его любишь?,0.0
"Ну чисто технически если ты сделаешь рентгеновскую установку способную генерировать рентген с энергией пару десятков МэВ, то он кое как но будет способен активировать вещество. Вот только такой рентген в медицине нахрен не нужен, да и учитывая низкую вероятность такой активации ты раньше превратишься в лужу биомассы раньше, чем станешь хоть сколь либо опасно радиоактивным. Но да, при некоторых условиях рентген способен активировать вещество.",0.0
"Ну, если ты, необходимость деловой рабочий силы, с возможностью круглосуточной занятости называешь оптимизацией расходов, то тогда, по такой логике, можно и в рабовладельческий строй вернуться.",0.0
"Один из кадров - да, главная достопримечательность Ростова Великого легко узнаваема, конечно)",0.0
"ну поскольку никакой защиты (напр. профсоюз) от беспредела начальства нынешний работник не получает, то такими тезисами пользуется абсолютное большинство российских компаний",0.0
"50к всегда деньги, можно к примеру карточку купить 2080ti ) А вообще есть люди которые считают каждую копейку и не важно сколько они получают, могут быть миллионерами. А есть такие как я, которые не считают и не трясутся за деньги. За них трясется жена и считает их...",0.0
"Эх, блин, засматриваюсь на турбокит, но у меня карбюр, не встанет. Нужно или двигатель менять, или инжектор колхозить. Да и за трансмиссию переживаю, сток порвёт быстро. Походу так и не поставлю (",0.0
"В Москве. В целом, могу сказать, что 90-е запомнились, в первую очередь, духом настоящей свободы, которая к 2010-м скатилась в тоталитарный оккупационный фашизм. А стрелок и смотрящих и сейчас хватает, почитайте вон росбалт например.",0.0
А как стоит поступить. Я в тупике.только противозаконные средства лезут в голову.,0.0
"Чоооооооооо. Я недавно в Берлине был. Цены кусучие для снгшника, но нихуя не так дорого.",0.0
Вы крутил бы ему все ниппеля и всё.,0.0
Так может быть вы не можете их привести потому что их банально нет? И у вас просто пригорает от упоминания Ленина в подобном контексте?,0.0
Меня загрузите в эту систему . И она рухнет.,0.0
"Так вот кто своровал снег у Владивостока этой зимой. Шизануться, даже в мать его Лас Вегасе этой зимой был сраный снег.",0.0
"При этом 440,000 узбекских тугриков это 52 доллара - а это, на минутку, уже средняя месячная зарплата в некоторых регионах Узбекистана, при минимальной в 149,775 тугриков (18 ).",0.0
"Здравствуйте. Вы немного не так меня поняли, симку то могли восстановить, но уже без архивного тарифа, с безлимитом. Ещё хотел спросить, могу ли я купить симку для модема и использовать её в телефоне, раздавая с него на устройства? Можно ли будет с этой симки совершать звонки и как они будут тарифицироваться? Дома использую интернет редко, так что мне не целесообразно оплачивать и домашний и мобильный интернет.",0.0
"То есть, если настоящего алкоголика отправить на месяц в Японию, он пить перестанет? Что-то сильно сомневаюсь.",0.0
"Ну, по-моему, первый сезон Побега шикарен, постоянно держит в напряжении, а дальше уже пошел лютый бред",0.0
"Здравствуйте, о каком минусе вы ведёте речь?",0.0
"Бля, вот не будь у меня этого куска говна, может и поверил бы.",0.0
"Если мы не сделаем снеговик, его сделают солдаты НАТО!",0.0
"Не смешите меня, даже на самой населенной трассе Москва-Петербург пассажирооборот 3,6 миллиона человек в год. Где вы найдете этих туристов? Во-вторых, эти поезда НЕ будут останавливаться в этих городках, это бессмыслица. И это города ничего не получат от нее, кроме перекрытых за полчаса дорог. И забора вдоль нее",1.0
"Опыта небыло тогда, встал куда взяли. Нам всякие скрабы и кремы выдавали, но до идеальной чистоты руки отмыть не удавалось",0.0
На Пикабу? Пфффффф. Мне как-то 70 минусов за час вкатали за юридический факт.,0.0
Вопрос для пикабушных математиков.,0.0
И все эти шесть лет её держит наклейка с завода на дне)),0.0
"настолько посрать, что ты не представляешь - на сколько))",0.0
"От неё и не собираются отказываться, видимо, я некорректно выразилась. Она видоизменена, просто для вышеназванных категорий детей осуществляется не инклюзивная, а коррекционная работа в отдельных классах и школах. В начале, как и у нас, всех пытались запихнуть исключительно в инклюзию, однако с годами это видоизменилось",0.0
"В каком тоне?Я не умаляю твоих постов и работы,но на ,без подъёба, заданный вопрос-такие кривляния,как то даже стрёмно.",1.0
"судя по рекламе, теперь любой может оперировать ? Да ну на!!!",0.0
"Не, тот время останавливал, а этот в предобморочном за сердце держался и блевать бегал.",0.0
Кроме последнего - да. В таянии полярных льдов виноваты пингвины.,0.0
Ебать смелая в 88 лет от мужа уйти. Небось к молодому 80 летнему жеребцу.,1.0
Можно бы уже и насос поставить ...,0.0
"держи, пикабу все посчитал",0.0
"Мне кажется тебе лечиться надо. Или в жопу меньше давать, чтобы клапан держал.",1.0
Епта... а куда теперь всю эту охапку прятать? Я тут подключал 5-ламповую люстру и то еле спрятал всю эту мотню,0.0
"Давно уже не секрет, что оперирование двойными стандартами для женщин норма. Тут как бы удивляться не надо, просто воспринимай это как данность женского восприятия мира и часть бытия.",1.0
Теперь я знаю больше. Спасибо.,0.0
Идентифицируют правильно,0.0
"Это не принципиально. Режим по умолчанию сделан для того, чтобы на этапе завершения поездки сразу стояли выбранные чаевые (хотя при желании, можно отменить). Но это будут всё те же 0, 5, 10 и 15 Но никак не 50, как на картинке выше.",0.0
"Он хочет денег, много денег, очень много денег. В смысле он дорого нам обходётся",0.0
говорят биткоины нынче в моде)),0.0
"Я, конечно, не спец, но мне кажется что на фото камушков хватит на новую машину...",0.0
"Смотри что бы из рука лицо не превратилась в левая рука, а когда пойдут мозоли в правая рука)",0.0
"Без обид, нисколько я не нацист, но нос товарища на фото впечатляет)",0.0
"Все правильно! Но на счёт габаритов поправлю. Оставили рослых собак няшек. Представьте себе свою, но тяжелее в два раза или даже три раза. Рост тот-же, а вес иной. Те песики один на один быков душили)",0.0
А ещё Паучок взял Оскара сегодня:3,0.0
В бойцовском клубе хорошо так показана рецептура мыловарения),0.0
"Оно то есть, но в чае - спирт.",0.0
"Побудьте немножко телепатом. Телевизор sharp. Пропало изображение, подсветка работает, звук есть, каналы переключает. Диагональ большая, все сервисы отказываются брать. Пока ищу кто возьмется",0.0
"Спасибо, что прислали скриншот. А то уже давно не видел Zyxel",0.0
Нет в этом слове мягкого знака),0.0
"Почему? Объективно - конец 60-х и 70-е это расцвет музыки - Биттлы и Роллинг стоунз,Пинк Флойд,Квин,первая волна британского хэви-метала,панк-рок и зарождение новой волны. Это первое что приходит на ум,в 80-х начинается эра стагнации и коммерциализации,когда исполнители старались выпустить по одному альбому в год,основная масса их и альбомы были однотипные,без всякого вдохновения. В 90-х вообще произошел упадок,по крайней мере в роке,хотя популярны были альтернатива,гранж и рейв. Определенно,70-е легендарнее 80-х,а уж про сегодняшний день вообще молчу",0.0
"Раз уж среди нас серьёзный аналитик, задам давно мучающий вопрос - скока будет трижды семь?",1.0
на авто ру крузаки такого же 13 года стоят как раз от 2млн... учитывая что мы ничего не знаем о состоянии автомобиля вообще все подобные рассуждения бессмысленны,0.0
"Ну, судя по отрывку, реакция героини - это типо стёба над жанром, тип он такой властныйгерой, а она его не воспринимает. Кароч, не читала, точно не скажу, прост такое впечатление создалось от названия и от отрывка",0.0
"баня, попытка номер 2 )))",0.0
какой ужас. прочитала все ваши посты. как сейчас ваша жизнь сложилась? общаетесь ли с матерью? а отца видели? очень сочувствую вам.,0.0
Но не так охотно идут на контакт),0.0
Речь уже не идёт о возврате средств. Как привлечь к ответственности?,0.0
"о да, в поезда играли за бутылкой чая ))) ночь на дворе, 1-2 часа, 4 пьяных тела 30 вагончики расставляют по карте )))) весело )))",0.0
"Так СИМ-карта была куплена в другом регионе, произошел переход на региональный тариф, т.к пользуешься в другом регионе, отличном от покупки.",0.0
А вас кто то просил жалеть?,1.0
...но лететь в тряске все равно неприятно. Даже автопилоту.,0.0
"Какой женщине выгодно, что ее муж будет отдавать часть зарплаты другим детям?",0.0
Я с женой давно не парюсь. Первое время покупали друг другу фигню сейчас заказываем конкретные хотелки.,0.0
А может эта обратная стреловидность применяться в сверхвуке или только в дозвуке имеет перспективу?,0.0
"восемьдесят километров в час Интересно, сколько оборотов в ней сделает этот самый один человек , если наедет на ямку на дороге? :)",0.0
"мне вот интересно: на Большой земле примерно в это время творилось тоже самое: людей сгоняли в колхоз,убивали их скот,засыпали хлоркой что бы нельзя было съесть остатки, оцепляли целые районы,что бы никто не сбежал. Ну там хотя бы цель была-загнать всех в колхозное рабство.А чем тут начальник руководствовался когда морил голодом туземцев?",0.0
"Достойного чего? Ее тупой пизды и двух оборванцев? Они кинет мужика сразу же, как только его уволят или деньги перестанут прибывать в руки. А потом найдет нового, ну и так по кругу. У бабы исключительно меркантильное отношение к противоположному полу, а такие отношения никогда не длятся долго. В итоге дети вырастут такими же продажными пиздоблядями. Мать года, ага.",1.0
"по себе знаю что если билет берется в обе стороны то без посадки на стыковке они анулируют обратные билеты. речь здесь об упущенной прибыли если бы они продали билеты раздельно. и я вообще не оправдываю авиакомпанию. ясно что это по большей части наглость маркетинга, а уж суд так совсем борзость.",0.0
"В проходящего мимо человека в мастерской? Чё? Хуета любая может отскочить в проходящего человека. Бейсбол же не запрещают из-за этого. А вот группу Б в ралли запретили, придурошные.",1.0
Пиздешь какой-то. Вас же не убивают - бред,1.0
"Ну так ничего не было с психологом. Зато в отношениях с мужем явный прогресс. Главное, как говорится, результат",0.0
"Прям любопытно, какое же слово было изначально.",0.0
Скорее просто вольная фантазия,0.0
Потому что тут все его.,0.0
"Автор, а годиков-то сколь тебе? Может рано ипохондрить?",0.0
нет там никаких дисков,0.0
"Ты САМ прочитал мой коммент, САМ решил написать на него ответ, и САМ решил что мои претензии не логичны. На сайте, на котором каждый пишет что хочет, как утверждают комментаторы. Так вот, тебе не кажется что твои претензии не логичны?",0.0
Да ладно! Чушью попахивает.,1.0
а что за напиток big doctor?,0.0
"Да, кредитку ты тихонько гасишь, а откладывать по 3-4к в месяц почти ни у кого не получается, тут, там, здесь, деньги раздергиваются и всё - никаких накоплений. Да и если тебе нужна стиральная машина, то она нужна сейчас, а не через пол-года, пока ты на неё накопишь, отказывая себе в чем-то еще. На нашу среднюю зарплату делать какие-либо накопления заранее не реально даже в одного, с семьёй еще меньше шансов ... З.Ы.: никто не заставляет тебя доводить до",0.0
"Ява, Ява, то яма, то канава.",0.0
Ну а что ты тогда негодующий весь. Видимо тебя сильно обижали в армии.,1.0
"он был СОЛДАТОМ? (отсылка к FF7, если что)",0.0
"Керамика раку тип японской керамики, традиционно используемой в японской чайной церемонии, в первую очередь, это чаши для чая. Для керамики раку характерна ручная формовка глины вместо использования гончарного круга, в результате этого каждый предмет оказывается уникальным. Нахуя мне это, и как это относится к вопросу о появлении трещин на керамических кружках - науке доподлинно неизвестно.",0.0
Приписываю в гандоны и текущую власть!,1.0
"Для поиска партнёра для чпек чпека, а не для знакомств",0.0
"Както не заметна тенденция снижения курящих в Новосибирске, постоянно выхожу из НГТУ и прохожу мимо группы потенциальных больных раком лёгких, в перемешку с вейперами, и вот уже лет 5 эти стайки молодежи не уменьшаются в колличестве. Да и в супермаркетах каждый второй сливает 100 рублей на очередную пачку.",0.0
"это потому что спрос превышает предложение. Вот односторонней связи достаточно уже, поэтому и не столь дорого.",0.0
"Припомнилась новость про 11 летнего мальчика, которого посадили за пассивное сопротивление аресту после того, как этот мальчик отказался присягать флагу перед началом урока. Это вам не палки рисовать, это профессионализм по охране духовных скреп.",0.0
"Никогда не было комплексов по поводу размера груди .Больше всего нравились шутки про капусту , хотя я в детстве очень любила капусту , даже пальца чуть не лишилась из-за любви ( мама резала капусту и я прям под нож руку сунула ).",0.0
"Не беспокойтесь! Её в женской колонии за такое другие женщины, мягко говоря, не пожалуют.",0.0
"Еще же какие то проблемесы с подавлением религии были, не?",0.0
А этот коммент можете плюсовать,0.0
"А, так то была пиратская батарейка?",0.0
А при чем здесь кран? Стропанули неправильно же.,0.0
А М что означало? Мастер ?,0.0
Нельзя. Потому что Россия вступила в 90-е в Совет Европы.,0.0
"Где этот город, в котором за 60к можно работать на одной работе? Тут на 3 ишачишь, и 50к еле еле",0.0
Сфотать внутри хозяева позволят? Очень любопытно!,0.0
"Я про целесообразность покупки новой лады весты, с учетом ее стоимости.Шкода 4-5 летняя намного интереснее вариант, да и другие свежие иномарки. А в салонах щас этих разводок полно, поэтому у частника лучше брать, но опять же как минимум проверить vin.",0.0
"и что с ним потом делать? носить с собой и как понадобится - оппля - ты гордо восседаешь на фарфоровом троне?))) тогда опять же вопрос: куда деть жирную сторону коробки во время носки сидения? (вот не хотелось сортирную полемику разводить, но, видно, не судьба)",0.0
"Пошевелиться не могла - классический сонный паралич. Прикольная тема, была у меня один раз. Вообще считается, что если спишь на спине, то шанс явления больше - по крайней мере об этом говорит существующая статистика . Но я спал на боку. Сам приход заключался в чётком ощущении того, что со стороны ног ко мне приближается нечто тёмное, с силуэтом высокого и широкого человека... лёгкая версия если сравнивать с иными рассказами, да и из оцепенения я полностью вырвался секунд за восемь. Но бодрит, бодрит...",0.0
"Уважаемый, я непременно воспользуюсь вашим советом, как только забуду свой опыт зам. начальника производства в типографии, которая печатает квитанции жкх 3-х миллионными двухсторонними тиражами каждый месяц.)))) Искренне прошу не воспринимать, как обиду. Конечно же все на карандаше в соответствии с сервис мануалом.",0.0
Оно работает только при идеальных условиях,0.0
"В России два пола. Гомосеком быть стыдно и опасно. Негры - это негры, а не афроктототам. Женщины имеют больше прав, чем мужчины. Вот поэтому и ебутся со всеми делами, раз такие умные. Аборты - а тебе не похуй? Или денег захотел дать? Ну, давай. Остоебенело читать подзалупную иностранщину. Для кого это говно переводят на наш язык? Нам до этой благородной подагры ещё коклюшами со скарлатинами два века с гаком болеть. Горчичники надо учиться крутить, а не за мусьё тарелки подлизывать.",1.0
"Ему уже не объяснишь, это бракованный кот. Если ещё на гарантии, то можно попытаться обратно сдать, если нет, то придётся отпускать на вольные хлеба.",0.0
"Обьясни мне-на кой хер нам это средиземноморье? Одну страну уже профукали, вторая идет с удвоенной скоростью в никуда. Мы с Асадами дружили много лет. Что мы получили, кроме возможности нагадить евреям?",0.0
И что же тебя сподвигло на такое вот обо мне мнение?,0.0
"нуу как бы всему миру пришлось считаться, а так все верно",0.0
"Хотел подписаться, но... С такой фантазией мне не по пути.",0.0
"Есть русский аналог Flock, сам не тестил.",0.0
"нету, ибо Иисус сказал.. - никто не приходит к Богу Отцу, как только через меня. И потому как Иисус назначил Церковь обителей своей на земле, то и придти мы можем к Богу только через Церковь.",0.0
"Сейчас все такие ранние и прогрессивные, что даже не знаю)",0.0
"Спасибо, спасибо господа . Я был близок, но ленив.",0.0
"Пробовала. Плавно довёл меня до истерики и вообще сказал чтобы подобные претензии высказывала плюшевому медведи, а не ему. Буквально с месяц назад провоцировала встречу в кино, для проверки что ж ещё он щас ляпнет и нет мне не сказали. Да кстати тоже не было. Но обсуждалось на какой фильм можно сходить и когда. Просто кинотеатр куда мы чаще всего ходили закрылся, так что очень косвенно обсуждалось куда конкретно.",0.0
"Зачем хорькам творог? Дайте лучше перепелиное яйцо, полезнее и им вкуснее... п.с.Бош снимают с производства, ищите заранее достойную альтернативу",0.0
"вы серьезно считаете что черный рынок реально прикрыть? у нас цыгане в открытую торгуют какими-то сигаретами на россыпь и в пачках, ценами не интересовался",0.0
Ты точно в этом уверен?,0.0
Мне кажется что я влюбился...,0.0
"Вы очень удивитесь, но если всех барышень умыть (в смысле, косметику смыть), то дурнушек наберется не так уж много. В основном юные барышни миловидны. Каждая, конечно, по своему. Ну, тут уж, что называется, на вкус и цвет ... Косметика только подчеркивает природную привлекательность барышни, но не заменяет её. А иногда даже получается обратный эффект, барышня без косметики выглядит гораздо привлекательнее, чем с боевым раскрасом .",0.0
Любимый мой анекдот. Ибо часто попадаются клиенты с вопросом- КУЛЕ ТАК ДОРОГО??? Работаю автоэлектриком,0.0
"ааа... да, похоже ошибочка ) особенно если фото развернуть. кстати, так и поза уже не кажется такой уж невероятной )",0.0
"Укрытие всегда немного мешает . Кроме того, не думаю, что человек с ружьём никого не подпускал, можно было сблизиться и тогда уже не имело бы значения что у тебя в руках, пистолет или ружье. Но этот вариант скорее для сериалов, да. С другой стороны, что в кино, что в репортажах с подобных инцидентов, буржуйские полицейские используют и дверцы машин, и капоты, и деревья, да всё что угодно, чтобы уменьшить себя как мишень для преступника, что же в этом плохого? Да и перестрелки слишком уж редкая вещь для рядового опера, поэтому держать на мушке каждого подобного кадра все же перебор в жизни. Зато теперь у него нет необходимости держать всяких там на мушке, да и самой жизни нет.",0.0
"Еще можно добавить 4-5 начертаний каждой буквы и сделать так, чтобы в процессе генерации текста от каждой буквы брался один из вариантов радномно - тогда текст будет выглядеть реалистичнее)",0.0
"Я так до сих пор делаю иногда, мой друг ставил в рулетке и я пошутил - может уже хватит, семью чем кормить будешь. О - остряк",0.0
"Был случай тоже, где-то за границей, мужик помер от рака, а его жене от его имени на все праздники и день рождения и так далее приходил букет любимых цветов и записка с пожеланиями и разными приятностями... Короче бабу через годика два-три в дурку закрыли, а оказалось, что муж перед смертью заказ в цветочном с отложенной обслугой заказал и наперёд за 10 лет оплатил всё...",0.0
Тут нужна гифка с резко шагающей вниз по лестнице в переходе,0.0
"Желательно гадить на быдло или попросту изолировать площадку от них, достучаться иными вариантами до них тяжело. А иначе адекватные люди так и будут выносить за мразями. А те в свою очередь: ха, лошары, овцы, я еще тут насру, а вон тот очкастый уберет, лол . Вообще бороться надо с причиной, а не следствием. А причина в разложении умов. Культуру бы поднимать, да на федеральном уровне, да еще вкупе со штрафами, только кому это нахер надо из верхов.",1.0
"А селедку уже слопали, я так понял :D",0.0
"где на преображенке, завтра поеду попробую))",0.0
Или перенести весь этот процесс на общество и визуализировать на примере антиутопии. Это же готовый сценарий. Адаптация только качественная нужна,0.0
"Нас сегодня собрали, хлопцев 30, и поздравили Кофе Nescafe Подарочный набор , и пораньше отпустили с работы.",0.0
Обратно в пангею все материки соберутся. Прикольно.,0.0
Да вы просто на uspeli подпишитесь в телеграмм. Там все есть.,0.0
"Ну во первых, там колодец. Во вторых, скважинные тоже дай бог качают. Там больше 1000 наименований, и у всех больше 5 кубов в час.",0.0
"Зависит от предмета разговора, контекста и намерений. Исход любого разговора можно повернуть в нужную Вам сторону. Например, я мог бы ответить на Ваш комментарий, - Если не уверены насчет своего русского, то стоит его подтянуть .",0.0
"Ну во первых от 30 к, по крайней мере на Украине так, а во вторых это сарказм, 300 к село, ахаха",0.0
"я думаю это нормальный этап развития. Мы можем его не пережить, и тогда от нас как от цивилизации ничего не останется. А можем пережить и пойти дальше. Я сравниваю сегодняшнее время с началом средневековья в Европе. По моей аналогии мы сейчас где-то в 5-ом веке нашей эры, в последние годы жизни древнеримской цивилизации. Происходящие тогда события тоже казались современникам концом света. Цивилизация пала, чтобы стать компостом для следующей цивилизации. Но сначала были века отсталости и феодализма. Византия продлила свое существование на 1000 лет, чтобы точно так же развалиться. Мне видится, что это лишь подтверждает, что у всего есть свой конец, и надо уметь с этим мириться.",0.0
"Никакой морали в этом плане у меня нет, просто подозреваю, что охота ради развлечения тешит мужское ЧСВ.",0.0
В середине истории услышал странный шум в голове,0.0
"Тоже в Ашане воробья видела, в отделе с развесными продуктами. Теперь опасаюсь там орешки с макарошками брать",0.0
Таки да. Я очень хороший учитель в этой области.,0.0
"Да знаю я. Уж коли уж на то пошло, этому ролику - года 4 есть точно.",0.0
"Красивый, но не драгоценный",0.0
"Причем тут латынь? Есть название на русском языке, современное и устоявщееся и подкрепленное современной докумениацией этой страны.. По какой-то причине в других языках называют города не транслитизированным переносом, а как-то иначе. Если это общепринятые нормы, то почему надо спорить ламборгини или ламборджини, если это общепринятая норма?",0.0
"Что такое дом рф и зачем к ним было обращаться непонятно, что в банке напрямую ипотеку не дают?",0.0
Жаль второй сезон всосный всё равно,0.0
"Ну он скорее заступался за свою собаку, на которую напали.",0.0
Она без активации бесполезна. Такой-же миф что возьмут кредит по платёжкам жкх,0.0
"А русские с Путином лучше? Всех кого обвиняет в чем то потом жмёт руку, сбили самолёт в Турции, наложили санкции все равно обнимается и целуется.",1.0
"Не, нормально)) подходит!)) UPD: Не, это точно не в октябре было. Значит не Япония. Да там даже видео есть всех гонок, можно посмотреть.",0.0
"больше ни чего не комментирую, а то опять забанят интернетнытики своими минусами.",0.0
"Пикабу, пикабу... Ни одной гифки с Ромеро...",0.0
"Как маска, не лепестки, короче.",0.0
а у сяоми это постоянно,0.0
"Когда деньги пытаются заработать на жизни и здоровье ребенка это ужасно. По законам капиталистического хозяйствования и как нам тут постоянно втирают либерально настроенные граждане, прибыль - это высшая ценность. Так что ничего удивительного.",0.0
Водитель троллейбуса на антигравах :),0.0
...можно навести порядок в республике за два часа силами одного парашютно-десантного полка. П.С. Грачев,0.0
Сильная и независимая?,0.0
"А звучание глэма как-то принципиально отличается от харда или хэви? Black Lable Society олдовая только участниками и относится таки к хеви. И потом, хэви произошел от харда, так что разница минимальна. З.Ы. Про пауэр я ничего не писал.",0.0
Праздник? - это нахуя? Я не жду соплей зазря. У меня своя хуйня. Жизнь я прожил не за зря!,0.0
"Они, поди, операционный стол так же покупали.",0.0
GCII - задолго до... всего Gifx,0.0
"Ну если успел нотариальный скрин сайта заверить - тогда да, может даже прокатить... Но там 99 сноска есть принятая в духе предоставленный на сайте товар не отражает точной картины и модели",0.0
А если кто-то оскорбляет сам себя? Ну и ладно.,0.0
"Тут же были посты от учащегося на пилота, на 130 летает - он рассказывал, чем они отличаются.",0.0
"Так, давай вот четко, по тезисам - главные причины распада СССР? Он же не в единочасье в 1991 распался одним решением Чубайса.",0.0
"Если кто-то найдет мои документы, я готов отдать все свои деньги, которые появятся",0.0
У нас это лодочка называлось,0.0
"Пфффф. , наглый и бесстыжий яндексобот прикидывается ветошью. Реклама.",1.0
", оскорбление пользователя пикабу.",0.0
"не понимаю к чему этот коммент) Конечно, любая эмоция и любая реакция - это всего лишь работа мозга. да. И что? Разве кто-то ожидал чего-то другого?) То что за всем стоит мозг - это не меняет вообще ничего.",0.0
"Немного не из той оперы, после военки я.",0.0
ты это не путай там и моё моё это не взятка,0.0
сдается мне в этой конторе нанимают тех кто задрал уже названивать и предлагать выгодно разместить деньги в очередном ICO,1.0
"Таки как я это представил, у меня аж кипа с головы слетела",0.0
Это ты своей маме и сестре родной? С утра?,0.0
"А развитие Китая без заметных кризисов - это и есть признак развивающегося социализма - плановость. А еще это признак развитого гос. капитализма. Где правящая бюрократия просто вовремя купирует все кризисы вливанием ресурсов.В какой-то момент в Китае начал проявляться криззис перепроизводство, так быстр обыли выделены ресурсы на сеть дорог (всех видов, особенно высокоскоростных) и вот, в Китае одна из самых развитых инфраструктур, только подстегнуло рынок. Но окупиться такая инфраструктура могла только в Китае. Но госкапитализм не противоречит социализму. Это элемент. Плановость была признаком социализма во времена СССР, хотя сами Штаты во всю использовали планирование, особенно в космической программе. В США плановость использовали частично, для купирование эффектов капитализма (как кстати и элемнтов социализма). А вот социализм, плановость использует массово, Китай использует его как нормальная коммунистическая страна - везде, где может. Китайцам тогда тоже надо бы поторопиться. США уже четко решили разбираться с Китаем, и второй срок Трампа наверняка станет временем начала активных действий. А куда торопится. При кризисе с США, они схлопнутся и перейдут в социализм, как СССР при Сталине. У Китая выход есть, в отличие от США.",0.0
Да он видать за деньги :) Дорого оказалось и денех жалко :),0.0
Я бы Тармашева забрал,0.0
Аналогично. Но вот продолжение про его ученика не зацепило,0.0
"Жалко что его уволили из группы, на предпоследнем альбоме он нехило так разгулялся. Особенно тут в последней части: https: www.youtube.com watch?v EFEmTsfFL5A",0.0
"Кто придумал чистить снег на мембранной кровле? У вас неконтролируемый позыв чистить везде снег? А так хорошо все сэкономили. Дешёвый проект, нафиг технадзор, подрядчик подешевле. Всё правильно сделали.",0.0
"Пришёл, покрутил у виска и пошёл дальше.",0.0
"Вы там осторожней, а то увидит что вы тут про него пишете и переебёт с ноги.",0.0
вы из тех неуклюжих людей из рекламы?,0.0
Фиксатор для анального секса),0.0
Типичные зумеры-сойбои. Типичные баззворды альтрайта))000,1.0
"Ряяя, вот тама, где мне мнение приятно - тама норм, а там, где мне неприятно - плахой абзор Мы тебя поняли",1.0
Ты ничего не понимаешь.,1.0
двачую 1 И по традиции,1.0
"Оказалось, что мне в 8 лет подарили охуенные энциклопедии, а Я уже и забыл. И ещё одна детская крутая. :3 Я почти как Маэстро!",1.0
"Это те люди, которые, по идее, должны быть цветом нации Нищуки и маргиналы? Неблохая такая нация выходит",1.0
"Збс. Теперь надо доехать до места якобы высадки Аполлонов и выложить пруфы. Наса просило китайцев и евреев не лезть в тот район, но китайцам на эти требования должно быть похую.",1.0
"Пыня и его говорящие головы озвучивает абсолютно весь спектр идей. У него есть специальные службы, которые проводят опрос общественного мнения и мониторят сми. В том числе есть люди которые мониторят двач - лахтинцы. Выжимка всех этих идей приходит к пыне на стол в специальной папочке. Он эту папочку смотрит и выбирает, что озвучить. Очевидно хорошие идеи он озвучивает сам, плохие и неочевидные идеи он поручает озвучивать говорящим головам. Поэтому все думают, что царь хороший, а бояре плохие. Пыня даже себя либералом объявил, хотя он очевидный диктатор-автократ. Поэтому нуно смотреть не риторику, хотя риторику тоже нужно, т.к. она показывает, в какую сторону они хотят нами минипулировать. Нужно смотреть дела. А дела такие, что на права и свободы человека всем насрать, а пыня строит неофеодализм с богатыми баринами и пидорахами, которые все стерпят.",1.0
"Просвещайся, крестьянин",1.0
Студент с бабками - хуевый студент,1.0
С сотовой связью тоже самое скоро будет.,1.0
"Что это значит, объясните черни",1.0
"Модератор, может почистите скопившиеся репорты?",1.0
"Да обсасывались уже эти пруфы. Все косвенно. Но потоогике жить а Рашке он не может. Может действительно хохол, а может вообще живёт в какой-нибудь Канаде.",1.0
"А зачем мне десяток одинаковых провайдеров с конскими ценами, которые блокируют все сайты из списка РКН? Пусть будет государственный, разницы никакой.",1.0
"Ты нашёл слишком много запятых, ставить их следует не там, где тебе вздумается, а согласно правилам русского языка.",1.0
"Мне кажется, что маленькая надпись СХС-54 на pxls.space не помешает. Что думаете?",1.0
"Тарас, открою тебе секрет, слёзно умолять союзника впрячься в войну за твои территориальные претензии нужно ПОСЛЕ заключения военного союза, ни в коем случае не до. Зачем Евросоюзу принимать к себе Украину, если она мало того что будут сосать субсидии похлеще всех Греций и Ирландий, так еще будет тянуть Европу в еще более невыгодное и убыточное противостояние с Россией? А еще правила Нато прямо запрещают принимать в альянс страны с неурегулированными территориальными претензиями, это сделано для того чтобы страны-изгои не пытались втянуть Нато в свои дрязги и загребать жар натовскими руками. Не веришь - спроси Латвию, она после развала совка претендовала на пограничный район Псковской области, но в нулевые спешно отказалась от всех претензий, подписала с Рашкой договор о границе, после чего стало возможным вступление Латвии в Нато.",1.0
"Так не ноль, а нуль. Так как математику подменили, осмелюсь предположить, что в системе счёта древних русов, нуль - это не то же самое, что и ноль мимо",1.0
стоит ли анону качественный разъеб с годным монтажом делать А ты точно вывезешь?,1.0
"Есть мнение, что ещё жирный может немного хайпануть. Его петросянство уже протекло во всевозможные нарезочки и реакции.",1.0
Какое же говно этот ваш научпох.,1.0
"Весело ломать людям жизни ? В такие моменты я рад что пыня и компания скоро выебут всех вас в сраку. Будешь травить с регистрацией по паспорту чмо абоссаное. Сами превращаете интернет в помойку, сами же за это и получаете.",1.0
"Красножопый, твой выбор это легизм, отъебись от нашего даосизма, пидар",1.0
как насадить женщину на кукан?,1.0
"именно так. смотрю на тебя, стаса, вестника дури и считаю ебланами. Твоё дело. Это вполне логичная реакция буржуя на тот факт, что его собрались раскулачивать. мотрю на всех царей(!) ссср и считаю ебланами, в том числе их ебланскую жадность, жестокость и жажду власти. А вот тут ты запизделся. СССР сделал из России сверхгосударство в сильнейшим образованием, мощнейшей экономикой, огромной военной мощью и кучей инновационных технологий. Можно сколько угодно рассуждать про мораль и этику, но нельзя отрицать статистику. С ней нельзя спорить. Что мы имеем? Продолжительность жизни - выросла в 2 раза. Образование - с 10 до 90 населения. Прирост населения - 40кк. Уровень жизни - растёт. Электрификация - всего государства. Нельзя спорить с цифрами. Посмотри на картинки. Это действительно итог работы тиранов и царе? Это итог работы душегубов и руссофобов? Или же что, статистику подменили и в РИ люди не были голодными, холодными, необразованными и без света? Может в РИ технологии какие изобретали, а? тебя ктото угнетает? Капиталисты. Все и сразу. Всё просто. сори, но ты просто тупой. все нынешние коммунисты просто ебаные страусы, если я засунул голову в песок и не вижу фактов - это значит, что их нет Каких фактов. Вот у меня на картинках статистические факты. Ты мне говоришь про голод и репрессии, а я говорю тебе что срок жизни человека вырос с 30 лет до 70, а население выросло с 170кк до 214кк. Где репрессии? Где голод? Почему они противоречат статистике? растрелянных не было Было. Но мало и по делу. А что? Нельзя расстреливать преступников? Почему? не понравился коммуняке - ты недочеловек, расстрелять. Не хочу тебя расстраивать, но коммунизм это диктатура пролетариата. То есть решение о расстреле принимает не один человек, а всё государство, просто подписывает его ответственный. А если ты не нравишься целому государству - чтож, сам виноват, наверняка творил хуйню. Я вот хуйню бы творить не стал и если надо, то изменился бы ради общественного блага. Поэтому бы меня не расстреляли, я же не преступник как те кого расстреляли в СССР. то, что дяди в интернете с псевдофактами сказали, что коммунисты были святыми Никто не говорит что они были святыми. Более того - на всех каналах что я посоветовал во многом критикуют СССР. Проблема в том, что критика СССР из вне, то есть не из стана левых сил, всегда сводится к мемам уровня Катыни и Голодомора, которые являются чистейшей ложью и клеветой на весь левый корпус. почитай про пакт молотова-рибентропа Было такое, да. Тут всё дело было в том, что в глазах коммуниста разницы между буржуем нацистом и буржуем империалистом - нет. Поэтому ожидания коммунистов были что вся грязь себя перехуярит и мы восстановим их государства под коммунистическим флагом. Го Хитлур был ебанутым и решил воевать со всем миром. захват польши Не существует такого факта как ЗАХВАТ в мире коммунизма. Коммунизм подразумевает интернационал и мировое государство. Нельзя захватить чужую территорию потому, что все территории принадлежат коммунизму. катынь Это мем и фейк. Поляки хуярили своих же в погоне за властью. массовое переселение целых народов внутри страны Что плохого в распределение производственных сил? Это банальная оптимизация. гулаг Что плохого в тюрьмах для преступников в отдалении? для тебя и твоих кумиров только одна проблема в нынешнем мире Наверно поэтому с каждым годом коммунистов всё больше и больше, а так же реальной оппозицией которая борется за права людей в России являются коммунисты, да? смешно то, что каждый из вас адептов коммунизма ерзает на капиталистическом кукане, приговаривая какие у меня охуенные идеи есть для этого кукана, вот бы он был красным . Компьютеры теперь капиталистическая идея, лол? Щта? Ты вообще там поехал чтоли? Еще раз - коммунизм это не сидеть в тёмном сыром подвале и жрать говяжий анус, коммунизм это прогресс и справедливость. Первые ЭВМ были изобретены в СССР. СССР сделал огромный вклад в развитие ЭВМ технологий и изобрёл гениальную троичную логику. СССР делал канкуляторы и телевизеры, делал радивы и телефоны. Ты совсем там ебобо? Речь коммуниста была про то что нехуй в игрушки играть, а пора использовать ЭВМ для работы, не более. ты в упор не видишь, хуле тебе объяснять Не вижу. Скинь шебмки.",1.0
"18 марта российские СМИ обратили внимание на фотографии с главой Следственного комитета Александром Бастрыкиным, сделанные во время личного приема граждан 13 марта. Во время встречи Бастрыкин в какой-то момент смотрит через лупу на экран ноутбука, обсуждая дело Дмитрия Зекова. Фотографии Бастрыкина с лупой начали обсуждать в соцсетях и сочинять мемы. После этого пресс-служба СК выступила с официальным объяснением, которое вызывает еще больше вопросов. Откуда и почему на видео появляются странные тени и следы, ответить сложно. Качество записи не позволяет сделать однозначных выводов. Динамичное изображение перемещающегося человека в приближении после обработки может выглядеть как перемещающееся пятно. В некоторых случаях использование программных средств обработки изображений, в том числе цифровое увеличение, не дает такого эффекта, как оптическое увеличение с использованием, например, лупы. Увеличенные пиксели могут значительно исказить восприятие информации , говорится в ответе на запрос News.ru. Это сообщение не публиковалось на сайте СК, но официальный твиттер ведомства ретвитнул пост News.ru. Председатель СК России на проводимых приемах граждан всегда внимательно относится к деталям, которые могут иметь принципиальное значение для установления истины по уголовному делу , добавили в ведомстве. зачем Бастрыкину лупа? В репортаже следственного комитета видно, что при работе с документами Александр Бастрыкин надевает очки для чтения. Чтобы рассмотреть видеозапись, он снимает очки и берет лупу. Лупу советуют использовать вместо очков, чтобы рассмотреть мелкие надписи или, например, детали сборных моделей. Скорее всего, Бастрыкину просто удобнее рассматривать детали на экране через лупу, чем в очках.",1.0
"пидорашка не может не наебать, ведь не зря говорят, что договоры заключённые с пидорахами не стоят и бумаги, на которых написаны.",1.0
"Не знаю, бесплатная не сохраняла файл, а ломаная вроде одинакого по времени сохраняет.",1.0
"Так щас только государство из своего бюджета поддерживает эти организации псевдоказаков и прочую шоблу. Там большинство тупое быдло, гопота и алкаши, просто нужно делать вид, что вот возрожлаем Православие Самодержавие Народность. Просто для красивой картинки по говноящику",1.0
"Не нужно мешать всё вместе петушочек. Санкции против РФ были всегда и никогда не отменялись. Пиндосы накладывают свои санкции даже против союзников. Прямо сейчас наложили какие-то санкции на судей международного суда, которые расследовали преступления американских военных. Всякие пошлины существуют, хотя у нас вроде как свободный рыночек и ВТО. Лол, я тут прямо сейчас ещё вспомнил, что эти долбоёбы собираются судиться с нами в ВТО из-за пошлин, которые были ответом на их пошлины. Это не шизофрения? С сектантами невозможно договориться. Топить за этот скам в духе НИНУЖНА БЫЛА ОТСВЕЧИВАТЬ это максимальное уебанство для россиян и теорема эскобара для остальных.",1.0
"Раз тут таких много, кому нечего ответить, может просто съебешь?",1.0
"Им про Фому, они про Ерёму. Суть не в том, говно ли или нет ролик. Суть в том, что это объективно хайповое видео, как бы тут илитка не визжала. Даже в ОП-посте пруф с газеты британской дал, а им хоть бы хны. Ведь надо защищать свои мудацкие хохлоСМИ, а то мивины не выдадут.",1.0
"Кто мы то? Ты обосрался, иди мойся под струю.",1.0
нынешняя тенденция с попыткой заманить как можно больше школьников к себе политическое течение Это называется политика,1.0
ну и тд - скока угодно айди есть. Все покрывается мартышкой.,1.0
Чмо три часа соглашается со Швятым Либертарианцем.,1.0
"Сукаамразь, я белый человек свободной страны, хочу носить пистолет - ношу, хочу пристрелить мента ебаного - стреляю, до суда я невиновен, слышите, НЕВИНОВЕН. Пусть потом на суде доказывают, что я не имел право пристрелить эту свинью в форме. По закону они не имеют права стрелять в ответ, понятно?",1.0
"Русские люди просто уже привыкли к плохой жизни. Вот и тут на дваче эти упыри восторженно пишут, что им в Рашке нормалёк.",1.0
"Ну, так назвался груздем полезай в корзину. Поищи на русскоязычном ютюбе не косноязычное быдло, а более-менее вменяемые говорящих головы, без дефектов речи. В какой-нибудь одной области. И чтобы было интересно. В лучшем случае пара-тройка найдётся.",1.0
"Анон, моя Родина - Татарстан - смертельно больна. Ее поразили метастазы русизма, охватившие буквально все в моей Республике. Опухоль настолько разрослась, что проникла даже в наше некогда сплоченное и приверженное национальным ценностям правительство - теперь и там вы увидите кучу русколобых на руководящих должностях.",1.0
"Что я понял, это кулинарные каналы - это типикал субъективщина. Если и нужен канал, то без всякого лишнего пиздежа и выебонов. Чел на втором пике так вообще очень сильно бесит, на такого говноеда я ссал и ссал, срал и ссал. Даже его ебало намекает, что он поехавший. Как-то смотрел его видео, как он картошку жареную готовил, еще довольно давно, год назад, нихуя ничего не понял, какая-то хуйня с неуместными комментариями.",1.0
"Просто поймал себя на мысли, что смотрю говноконтент, созданный исключительно с целью выцыганивания донатов на хайпе. А халя не в моём вкусе, в ней нет ничего женственного.",1.0
"Да, Эстетам похуй . Когда ваш главэстет будит униженно на весь интернет опровергать свой пиздёж про старикашку - вам тоже похуй будет? Ты долбоёб, гоблядь, Маэстро если и сделает такое извенение , то в нём ещё сильнее обосрёт старикашку и хайпанёт на этом)) Можешь придумывать кликбэйтные заголовки и отправлять лакеям)) Величайший историк извеняется перед гоблинским подсосом)) Маэстро: По решению подзалупного суда косплеер не плагиатор, не бандит, не насильник, не педофил, слышите!? И сам пишет свои маняграфии)) Пусть до конца жизни судится, спляшем с Книгой Века на его могиле))",1.0
"Ты деньги заплатил ему блять, а то треды он создает здесь",1.0
"украинец пидорашка, это известный факт.",1.0
есть выбор Наличие и отсутствие туалетной бумаги это не выбор.,1.0
этот сызранский ебасос,1.0
ДВАЧ ТОПИТ НПШ ТРЕД ПОДНИМАЯ МУСОРНЫЕ ТРЕДЫ ВВЕРХ ОСТАВЛЯЙТЕ ПО ТРИ СООБЩЕНИЯ КАЖДУЮ МИНУТУ В ТОООП,1.0
"ЕСЛИ БЫ ОДНОКЛАССНИКИ НЕ РАЗБИЛИ ПЯТИКЛАШКЕ ЕБАЛО, ТО ЕГО РАЗБИЛИ БЫ СОЛДАТЫ НАТО!!!!",1.0
"Мужики сохраните стрим, не могу посмотреть",1.0
"на пятак из украча: Форс свиней , хохлуту, какелов и прочих (раSSово антифашиSSтских) именований украинского народа отправляется в бан свиня плиз",1.0
"Какие же они сука всратые. Без души. Убожество. Раньше я думал что гражданская война - худший вариант развития событий. Теперь я думаю что худший - тихий геноцид и размешивание, а гражданская война - приемлимый вариант. Имеется ввиду по расовому признаку. RS WP.",1.0
"Это СЛИШКОМ грустно. Тут даже посмеятся не выйдет. Это воплощение унылого говна. Хотя майка, конечно, нагоняет дурные мысли.",1.0
"Совкодрочерства не замечаю, о котором тут активно все активно пишут. Достаточно посмотреть обзор на CoH2, чтобы понять на сколько он гнилой совкодебил",1.0
Специальная доставка! Получите-распишитесь,1.0
"Запись лекции будет? В прошлый раз, я помню, какой-то анон сюда скидывал лекцию про Италию.",1.0
"дерейлы тредов за счёт постоянных провокаций, неуместных форсов, чатиков и оскорблений других анонов в нём также приведут к бану. 7 постов гомофорса на 100, вот уж проблема и засирание треда Гомофорс - это, прежде всего, форс. Он прикрывается традицией и местными обычаями, а его апологеты утверждают, что форс смешной и без него уже нельзя. Никто не называет его смешным, никто не говорит, что без него нельзя. Всех в конец заебало обсуждение одних тем и анон так развлекается. Последние свитки вышли в 11м, тесо и легенды никто не играл, а некоторые особо одарённые и вовсе считают никаноном. А гомофорс это просто общение в треде обо всём без чёткой тематики. Однако если это форсится без меры 3 года подряд и просачивается в другие треды, раздражая анонов, то это должно пресекаться. просачивается в другие треды Вот и бань тех кто просачивается без меры Где ты был полтора года назад, когда на доске висело 35 вопросов тредов? Вот это было без меры, но теперь даже гринтекстовых срачей почти нет. Теперь приходится вставлять гомофорс в обычные посты, но даже их трут: А это и вовсе ответ на вопрос о гомофорсере, который был ни с хуя потёрт 1257469 Он тут не пролазит, это его доска. Гомофорс - неотъемлемая часть тесача, существующая уже два с половиной года. А вот как сюда пролазят гомохейтерки вроде тебя - это вопрос. Системность следования правилам раздела, отсутствие избирательного отношения или фаворитизма по отношению к тому или иному форсу, - Ага, поэтому меня забанили за гомофорс вчера, а не за данмерских шлюх неделю назад. залог стабильного постинга на честной доске. Будто бы гомофорс мешает общению. Опять же, 35 тредов полных гринтекста и простыней шизиков. И никто никому не мешал. Причина по которой на него раньше закрывали глаза это были местные юморески. Один из предыдущих мочеров назвал это традицией. Не помню ни одного случая, когда банили за посты, приведённые выше, всегда за гринтекст. Но гринтекст прекратился - начались баны за любое упоминание гомофорса. Поэтому аноны, упорствующие в гомофорсе, могут и будут забанены на средние сроки - неделю или две. Особо упорствующие могут попасть под пермач. Вот и всё. Вот только с хуя ли моча мешает общению анонов. Ни один из недавних постов с гомофорсом не получил продолжения в виде однострочного срача, с хуя ли их потёрли? Чем плох этот пост? Нет 100 правдивой версии замерзания Атморы, а хедканон у каждого свой, как завещал мишаня. Мой хедканон делает моче ниприятно? Когда норды сидели под сапогом альдмеров великой Альтморы всё было нормально. В Сиродиле джунгли, на Альтморе тёплый климат, а весь Скайрим был покрыт лесами. Всё дело в том, что альдмеры проводя ритуалы, славящие их богов, создавали много тепла своими жаркими телами, мужчины альдмеры трудились не покладая удов, чтобы поддерживать благоприятный климат, но норды были холодны и безнравственны. Мужчинам они предпочитали женщин, а такая порочная, грязная любовь не сравнится с жаром пылких альдмерских мужчин, сплетаясь образующих столько тепла, что хватает на весь континент. Когда пришла власть нордов и Обманщика, все альдмеры были убиты, а великие традиции мужской любви попали под запрет, и некогда вечнозелёная Альтмора начала превращаться в ледяную пустошь Атмору. В итоге норды сами были вынуждены бежать в Скайрим, где они вырезали фалмеров, из-за чего половина Скайрима сейчас непригодна для жизни из-за холода. Та же участь постигла и айлейдов, и вместо влажных джунглей в Сиродиле теперь простые леса. Раньше гринтекстовый срач был развёрнутый, с подробным описанием того, кто кому куда и в каком количестве суёт. И это не банилось. Может моче просто нравились эти гомоэротические рассказы, и он на нас сердится, из-за того что они перестали быть оригинальными, а потом от них и вовсе отказались. Ты скажи нам, думаю это можно исправить.",1.0
Верно! Анафема гоблядям!,1.0
"Житель Киева в результате неосторожного обращения с огнестрельным оружием выстрелил собственной матери в живот. Спустя несколько дней женщина скончалась в больнице. Фигуранту данного дела грозит до 5 лет лишения свободы. Об этом сообщила пресс-служба Нацполиции Киева во вторник, 19 март. Отмечается, что в дежурную часть Деснянского управления полиции поступил вызов об огнестрельном ранении на проспекте Владимира Маяковского. На вызов немедленно прибыли экипажи патрульных и следственно-оперативная группа управления полиции. По словам начальника Деснянского управления полиции Александра Косовского, на месте правоохранители выяснили, что 36-летний мужчина случайно выстрелил из револьвера под патрон Флобера и ранил мать в живот. Киевлянин длительное время пьянствовал, из-за этого между ним и матерью возникали конфликты. В тот день ссора закончилась госпитализацией 68-летней потерпевшей в больницу. Через неделю из медицинского учреждения мы получили сообщение о смерти женщины. В ходе получения дополнительных материалов следователи переквалифицировали уголовное производство из неосторожного тяжкого телесного повреждения на убийство по неосторожности , говорится в сообщении. Следователем следственного отдела Деснянского управления полиции мужчине объявлено о подозрении в совершении преступления, предусмотренного ст. 119 (Убийство по неосторожности) Уголовного кодекса Украины. Санкция статьи предусматривает до пяти лет лишения свободы.",1.0
"Ну, соглашусь конечно, но все же хочется иногда почитать что было в прошлом треде, те же ответы на свои посты реакты или обсуждение чего либо по теме раздела те немногие А так же картиночки.",1.0
"Двощеры, поясните: чем он так плох? Поясняю: СЖВшным бомбит от его роликов про феминизм.",1.0
"Этот расеянин уплатит за всё. Проблема не выбить дерьма из макак, а получить прибыль. С абхазии никаких профитов, с сирии тоже, с драмнбаса тоже. Говна выбили и путин хуй забил посадив на гум иглу.",1.0
"пук среньк Петухевен, пожалуйста. Иди свои 15 в другом месте отрабатывай.",1.0
"На видео смотри, тупомозгий. Раздел, сортировочка. Давай.",1.0
Новое фото в инсте вк. Подпись Карины Смотрите какая сакура,1.0
"КАРАТЕЛЬНАЯ ПСИХИАТРИЯ ВОЗВРАЩАЕТСЯ - с точки зрения нормисов, Анон полностью поехавший. Так что готовьте жопы для уколов. ЛИБО ВАЛИ, ЛИБО В ПСИХУШКУ НА ГАЛОЧКУ ЛОЖИСЬ",1.0
Щищенцы на аналогичном видосе хотели заставить такого барыгу сожрать его товар. По-моему это лучшее решение.,1.0
"Статью еще читаю, но сразу вопрос - цитаты Гуры о 40К были приведены из монографии или статьи 2010 года, которая и рассматривается в этой статье (Наполеон Бонапарт - кавалер Ордена Святого Андрея Первозванного!)?",1.0
"Ну правильно, в сознательной жизни человек сам выбирает, быть ему долбоебом и слушать всяких публилжистов , журнашлюх и лже академиков, или же бросить в топку весь этот информационный мусор и саморазвиваться.",1.0
"Активно покоряем, но ставят палки в колеса, только начали работу и тут прокуроры нагрянули, не спроста это!",1.0
14-летнюю девочку Ребенок Журнашлюхи в пидорашке будто в каком-то воображаемом манямирке всегда пребывают,1.0
"Инженерные войска Заборостроительная армия, понятно. Служил он. На стройке нахаляву отпахал, хоть себе то не пизди.",1.0
"Тред одного из самых умственноотсталых представителей русской гитарной школы, Юрия Шильникова, который не может сыграть нормально ни квинту, ни одну из существующих пентатоник, вечно выёбывается на Хэммета и Слэша компенсируя этим свой низкий гитарный сКилл и милипиздрический писюн размером с лягушачью лапку. Пидор всея ютуба и скучное унылое говно, от тупого пиздежа которого у людей начинает идти кровь из ушей. Также имеет суперпосредственную недогруппу, в которой пытается что-то ковырять и сосать в один и тот же момент, с весьма унылыми запилами на 6й струне и неебически скучным вокалом тёлки ака Нуки2.0, люди говорят, что по звучанию группа походит на Слот, но на самом деле это просто говно мёртвой собаки. Леди и джентльмены, встречайте ФРЕДХУЕГЛИСТ",1.0
Чем отличается На курорте от На отдыхе ?,1.0
"А квас какой? Сам делаешь, или окрошечный на разлив из пивнухи?",1.0
автор не понимает смысла слова адекватность орать как рарич когда у тебя батхерт - адекватная реакция,1.0
"Безвольные рабы снова одобряют царька, ничего не меняется в этой убогой стране.",1.0
"В чем его фишка, первым начал публично психовать?",1.0
Опять гоблядь за свое. Моего там - только два последних слова. Остальное - угадай чья цитата?,1.0
"Скача по их хуям без разбора? Тебя это ебать не должно, говно",1.0
"Самое ахуенное время это начало донбаса, по 3-4 видоса в день, видосы от Моторолы и ко, крымотреды нон стоп, милитари мапа и радио, эх были времена...",1.0
Хиккан после тех событий удалял что-нибудь годное? Видел какие-то вебмки с кухни с философ-чан,1.0
Зато пыня осилил воровать 90 дохода рашки.,1.0
Шовинистические пидораны,1.0
У них с логикой как раз все в порядке.,1.0
"религия должна быть родная Христиане преуспели во всём, архитектура, наука, культура, военное дело итд итп. В чем преуспели язычники? Не надо мне про римский пантеон рассказывать, вы ведь не ему поклонятся собрались. Герои войн, писатели, музыканты, художники, русская и европейская культура за последнюю тысячу лет? НАХУЙ ТУЫХ ХРИСТОБЛЯДЕЙ! Пойдем обнимать деревья в косоворотках! Один Рыженко стоит больше, чем все родноверы вместе взятые.",1.0
"Хз, чё за сравнение там было, но рили, жирного тролля самого не может затроллить тролль на миллиметр потоньше?",1.0
Ну я заметил следующие особенности кубаноидов. 1) хамство 2) ЧСВ 3) любовь ходить в гости без приглашения 4) ватность в терминальной стадии,1.0
"Тащем, все хоть сколь либо интересные и интеллигентные люди которых я знал, бухали и упарывали. Быдло же это твои пресные и унылые нормисы, которых и людьми то сложно назвать, те самые NPC без рефлексий.",1.0
"Челябинская область замечательный регион и я счастлив, что имел возможность вложить свой труд на благо нашего края. Сделано многое, но впереди новые цели и задачи. Мира и добра вам, дорогие земляки, процветания нашему опорному краю Державы!",1.0
"И действительно какая разница леваку какое происхождение капитала, если он все равно будет его отнимать и делить?. Гопника в подворотне тоже не интересует происхождение мобилки в руках лоха - честно он на нее заработал или насосал. А все почему? Потому что ва красножопой эсхатологии любой капитал преступен и поэтому вопрос о его происхождении для коммипетуха лишен смысла.",1.0
"Приведу цитату: Истории придаёт смысл только надстройка над ней - философия истории. Cамо по себе знание дат и фактов ни к чему не ведёт, и является не пониманием, а...ну, надрочкой памяти. Cоответственно, историк, который не философ истории - есть дармоед. Потому что изучение первого лишь предоставляет сырьё для второго. Без второго оно - по-сути, запоминание такого-то толик сел на горшок . Антон Гитлерачевский, 2018 г. У Гуру есть концепции, он выводит направленные в будущее законы, по которым развивается история, Гуру - гений",1.0
"То-то декоммунизированая свиноина процветает, пиздец просто",1.0
Скачешь на хуях как что-то плохое а тебе даже кунчики не дают вот,1.0
"лол, я его ещё смотрел, когда он на рутубе обзоры выкладывал",1.0
"можете назвать ХОТЬ ОДНУ блядь нацию, которая лучше евреев? Любая европейская нация лучше еврейской (наверное поэтому у бугоизбранных от них так бомбит) жыды по уровню развития где-то на уровне русни (в чём-то лучше, в чём-то безнадёжно хуёвее)",1.0
Глянь DAWG(a) если ты анимеблядь.,1.0
"Отлично, больше говна на вентилятор! Какай 671 просто умеет таки доставлять. Я думаю, про то, что он никогда не упомянет убердолбоеба, как всегда напиздел. Ждем видео на макспавере по этой теме всем кибуцем.",1.0
а как по твоему происходит разгрузка товаров в магазинах? ну земля тебе пухом тогда братишка,1.0
"Президент США Дональд Трамп заявил, что всерьез рассматривает возможность членства Бразилии в НАТО. Об этом он рассказал на совместной с бразильским коллегой Жаиром Болсонару пресс-конференции, передает Reuters. Вашингтон намерен объявить Бразилию главным стратегическим союзником среди государств, не входящих в НАТО, и допускает возможность членства Бразилии в альянсе. Это значительно укрепит безопасность и сотрудничество между нашими странами , объяснил американский лидер. Кроме того, Трамп поддерживает желание Болсонару присоединиться к Организации экономического сотрудничества и развития. По словам американского лидера, отношения между странами никогда не были настолько близкими . Ранее Болсонару призвал очистить Бразилию от грязных левых взглядов . Отмечалось, что поездка бразильского лидера в Вашингтон должна продемонстрировать приверженность южноамериканской страны США, что является отклонением от традиционной дипломатической линии страны. Болсонару стал президентом Бразилии 28 октября 2018 года. Он отмечал, что планирует изменить направление движения страны и сближаться с развитыми экономиками, а не региональными союзниками.",1.0
"Ычам там все как ты любишь, нулевой постинг но зато по делу.",1.0
"А то есть он имеет в виду школу для мальциков.. Вообще закономерно, школа для мальчиков должна выглядеть или как кадетский корпус или никак иначе там будет вот это, это девочек можно в обычной гимназии держать хотя и туда так или иначе просочаться фемки (которые на самом деле лесбы скрытые) и будут отыгрывать роль альфакунов не испытывая конкруренции. Так что и для девочек тоже должна выглядеть как тянский монастырь или что то типа этого, где строгая настоятельница будет по бабски вздрючивать пиздючек за непослушание",1.0
"Просвирин - совок. Да. Вернее есть ракурс с которого Просвирин-совок есть одно целое. С этого ракурса Просвирин, как и совки - универсалисты. И соответственно ракурс этот - ракурс исключительника(антиуниверсализм). У Просвирина универсализм выражается в капитализме, принадлежности к некой Европейской цивилизации , атеизме, ассимиляционном потенциале . У совков - это тот же атеизм, некая многонациональность, мировая революция, да и вся их идеология построенная на универсальных установках. По факту, с точки зрения исключительника, Просвирин есть совок, ибо между ними нет разницы по существу. Все они одинаково влюблены в глобализм. Мир исключительника уже, ближе, роднее. Это мир вокруг него, и он его любит. Он не может быть глобальным. Понятие границ в нем важнейшее. Сейчас такое называют ксенофобией и клеймят, как справа, так и слева. Да и центр Э не дремлет. Фактически англосаксы опять победили, сформировав коридор по которому нас гонят не в говно, так в партию . Философы выигрывают мировые битвы, а не генералы. Советский Союз, ужасный красный зверь был побежден философами - самой страшной силой и самым разрушительным оружием.",1.0
"Дропнул три вуза МГУ, ВШЭ, СПбГУ , всё ещё живой, задавайте свои вопросы.",1.0
"Что ты имеешь против кремля, холоп заморского барина?",1.0
"СКОРО, ТАРАСИКИ, УЖЕ СКОРО",1.0
Иди на хуй козлина ебучая езё мне указывать будешь не дорос,1.0
"Замечу, что быдло думает, что в ссср все было бесплатно за счет подоходного. Фейспалм",1.0
Какого хуя он до сих пор не в бане?,1.0
лишь бы только улыбался твой ебааальник оо о о оо ууу,1.0
"Вот эта дама - автор рецензии в биба-рафаэль, на которую маэстра ссылается в недавнем твите кста.",1.0
"Я свяжу тебе горло, и ты умрёшь. мимо айва",1.0
Лучше вареных лобстеров подменить на живых.,1.0
Наверно потому что на двачах мало школьников и для них крах очередного наебатара инфо бизнесмена не примечателен.,1.0
"Пидорашкам обидно, что он говна кинул на вентилятор и сьебался, а они так не могут. Дай им денег, они бы еще быстрее Панина сьебались и никогда не возвращались.",1.0
"Хуя он карлан, а я и не знал даже А то, что он в кого-то стрелял, так на Украине сейчас свинорез это норма жизни",1.0
Хуйню несёшь ты. Как ещё можно назвать кромсание человека на части? Какие аргументы вообще тут могут быть? Тут и так всё ясно.,1.0
"И не увидишь, ибо это то же самое, если спрашивать, почему у ваты горит от Навального.",1.0
Номер стримерши и её ебыря Андрея.,1.0
"Давайте уже соберемся и обоссым хрюкана, сколько можно терпеть-то",1.0
Просто даже аутичные потуги что-то придумать зашли нахуй в неизвестном направлении.,1.0
когда я поехала учиться в Санкт-Петербург,1.0
"Так я не понял, кто для России лучше - парашенко, зеленый иди кто? По-моему открытый русофоб порох лучше, т.к. хоть деньги не будет клянчить под пиздежь о восстановлении дружбы.",1.0
"Пиздоболом является владелец сайта на котором нарушаются Правила этого сайта публично выставленные. Двачую, с каких пор мочеру неприятно стали выше чем это строки из манифеста на главной странице.",1.0
"Посмотрел я вашу нюксель-пуксель, последние видео, что это блять за хуйня? Судя по воплям на весь двач, там должны были быть какие-то страшные, тоталитарно-сектанские идеи, которые уничтожат белую расу и захватят мир, а там, я уже не говорю, что надо чё-то про политику в РФ, про путина, про фсб, про суды, про выборы, про пенсии, там же про феминизм и вообще про левые идеи нихуя нет. Какие-то домики для ёжиков, котики, истории про отношения, какое у неё сегодня настроение было - грустненькое или веселенько, менструальные блять чаши. Да уж, после такого реально страшно за белую расу",1.0
"Бля, заебал он уже, во всякой бочке затычка. Где его нестиранные штаны в дальнейшем увидим?",1.0
"где расчехляет кулаки, ты врешь 4пик Заебала пиздеть, русня",1.0
И как бонусом регулярная реклама яндекс обрыгаловки.,1.0
"Но я ни за что не вернусь в анимублядский, моча у меня пасскод отобрала.",1.0
на фестивале Панчлайн он конечно знатно обосрался. 80 шуток про еблю и геев.,1.0
"Вангую у этого обсоса и так по 2-3 аккаунта на каждую соцпомойку. Поэтому он тут еще лечит анонов, как им сидеть на анонимных бордах. то просто не пиши мне а ты меня заставь, чепушило, тебе тут не писать, кек. Жидко обделаешься с первой же попытки.",1.0
"Да я и так согласен, в принципе.",1.0
"Если американская бутылка входит лучше русской и еще смазана, то выбор очевиден.",1.0
ПАПИЧ ЛУЧШИЙ НА ТРИПЛ,1.0
"Гандоны - это ты и твой хозяин - пидорас-пригожин . А те, что на оппиках - уважаемые люди, несущие свет и освобождение в тоталитарную парашу.",1.0
"На заводах работают смену 12 часов с 3 выходными, вот в эти 3 выходных и начинается теневая экономика провинции. 5к стоит поправить крыльцо со ступеньками, заварить дырку в воротах 2к. Довести телевизор 500 рублей.",1.0
Что за хуита с капчей в последние дни? Почему картинки просто СУПЕР НАХУЙ медленно появляются? В итоге чтобы отправить пост с парой слов и ссылкой я должен потратить по 30-40 сек только на капчу! Раньше мне на всё хватило бы 10 или меньше сек,1.0
Нy вот они и спойокно сидели пока их не начали электрошоком пытать ради повышения. Ты бyдто не при капитализме живешь.,1.0
"Да какой там УК? Новая Зеландия до сих пор подчиняется английской королеве. Блять, в 21 веке у них короли, королевы, графы, маркизы и епископы. баный фестиваль средневековья, а не страна.",1.0
"Мы дрочим не на простых тян, если ты не догадывался. Отучаемся говорить за всех.",1.0
"t Ладно мужик забеременел лол, как новорожденный плод извлекать? Только кесарево сечение получается?",1.0
"Вертолёта в тред промытым фемовыблядкам. Просвещайтесь, опущенные ебанутые сектантки. Старые видео по теме у него тоже посмотрите.",1.0
"мухаха спалился , сам себе донатит",1.0
"Контраргументы будут или только говном тред мазать изволите-с, Алексей Владимирович ?",1.0
Уточнил просто. Людей меньше 25 лвл считаю пробником человека. Но самоутверждением здесь не пахнет.,1.0
"Видать, умел играть. В отличие от.",1.0
в два раза больше чем у хохлов,1.0
"Да не буду я тебе нихуя искать, общеизвестная инфа. В своих знаниях и так убежден, а если ты просто хочешь активно не верить - мне похуй. Главный модуль американской части МКС тоже создан в России - и хуле? Короче маму твою ебал.",1.0
Смотрели высер 17 минут от Какая просто? А он в чем-то прав. Марго обосрал его заочно.,1.0
Этот негр заполонил все шебм-треды.,1.0
Я одно время снотворное регулярно вискасом запивал надеясь не проснуться на следующий день.,1.0
"Видимо у вас проблемы со зрением, товарищ Сви Нья, вам всё конкретно описали, разжевали, положили в рот, и осталось только проглотить, но вам этого не даёт сделать ваш проклятый токсичный леволиберальный толерантный РАК ПИЩЕВОДА. Вам пора записаться на курсы политологио-терапии чтобы в дальнейшем не возникало подобных казусов",1.0
"Смотрю его с обзора на крузис 3, в последнее время чет совсем исшутился, какой то кринжовый, душный юмор, пересмотрел его старые выпуски и понял, что раньше было много тонких шуток, которых я тогда не понимал. И кста он начал скатываться, когда в стримы пошел, непонятно нахуя, надо было дальше видосики пилить, а не в хер стоун гамать.",1.0
возможно потеряла ребёнка и кукушка поехала,1.0
"И хули?Эмотивист ты ссаный?Маргинал тоже говорил, что ему взрослого больше жалко чем зиготу,но это сраные эмоции.Этика рационализирует мораль и уберает противоречия,хуй ты мутный",1.0
С чего начать изучать философию?,1.0
"Блядь, а ведь похоже!!!!!!!",1.0
Что не так? Вот на пике РУСНЯ,1.0
"Если лицо прыщавое, то думаю и жопа тоже будет прыщавой, фу блять",1.0
на киевском заводе Ленинская кузня Зрада подкралась незаметно.,1.0
"Поздравляю РУССКУЮ БОГИНЮ АЛИНОЧКУ!!! А Медведвева - это НЕРУССКАЯ ХАЧОВКА БАБАСЯН, не удивительно, что у неё ноги кривые, гены хачей дают знать, нехуй спать с хачами.",1.0
"А, вот, нагуглилось - видосик сверху Ну да, выходит, что загорелось и подъезды разъебало, но здание целиком не разрушилось",1.0
пук пук пук пук МАЛОЛЕТНИЙ ДЕБИЛ НАСРАЛЬНЕНОК ОПЯТЬ НАВАЛИЛ ГАВНА В КАМЕНТАХ,1.0
Доч. Тип чтобы больше охватить аудиторию.,1.0
Модератор срочно удали!!!,1.0
"Охуенный казах, русский так же должен говорить своей власти, которая довела его до рабского существования, но русский дрожит в уголке.",1.0
"doc6cviyl9oc39b Ну что за позорище. Ты сам присмотрись, СИНТЕТИЧЕСКАЯ КУРТКА SRYNKA aka МУСОРНЫЙ МЕШОК , наверное ещё шуршит так забавно и блестит.",1.0
"Истинно так. Но мрии жидов вертят шариком несколько тысяч лет. Мрии хохлов же больше напоминают бредни душевнобольных. Тут я более доверяю иудеям. Они вызывают больше доверия, более ответственны и потенциальны. Мой выбор - жиды.",1.0
"Пыня понял, что мультики никого не напугали и в любую минуту в его попыню может прилететь томагавк?",1.0
Ватники продолжают экранизировать совковые сказки.,1.0
Ну и что такого? ко мне тоже 2 мента оружием ломились. Сказали - мы знаем что ты телефонный террорист признайся и подписывай мразь!!! у нас есть пруфы!!! вот и тут же убирают твой номер и голос твой!!! КАК ТЫ ОТКАЗЫВАЕШЬСЯ ПОДПИСЫВАТЬ ПРИЗНАТЕЛЬНОЕ?! КАКОЕ ТАКОЕ ХИСТОРИ ТЕЛЕФОННЫХ ЗВОНКОВ У ОПЕРАТОРА???? У ОПЕРАТОРА НЕТ ХИСТОРИ!!! ТОЛЬКО У НАС ЕСТЬ!!! показываю историю звонков мгтса ДА ЭТО ВСЕ ОБМАН!!! ОНИ У НИХ НЕ ПОКАЗЫВАЮТСЯ!!! ТАК. ЭТО ВООБЩЕ ТЕБЯ НАВЕРНОЕ ПОДСТАВИЛИ!!! ВООО ТАК. НАМ ПОРА. ПОПОЗЖЕ ВЫЗОВЕМ,1.0
Какое у него настоящее имя?,1.0
"что за ноунейм ну постоянно надрачивая на хохлокарлика сложно посмотреть остальной интернет, хех",1.0
"Мужик а тем более солдат должен быть грязным и вонючим, потным. Вот так.",1.0
"Мало тут чубатых околачивается, теперь еще и охранители явились. 15 тебе в рыло, уебище.",1.0
"Теории заговора пошли. Они даже на первой педераче согласовались, что на ты будут друг к другу, то есть они не настолько хорошо знакомы были, чтоб так договариваться.",1.0
"Берется средняя русская культура, всё условно-хорошее выпаривается, как суп в пасте про батю, остаётся пидораший концентрат, потом для вязкости добавляется хохляцкий менталитет, а в финале - хачёвский майонез. Можно жрать и приговаривать шёпотом ух, бля, кубанойды .",1.0
Чаще всего кибербуллингом занимаются молодые люди и девушки в возрасте до 19 лет,1.0
"Нах ты тут семёнишь, кал? Сыбас отсюда.",1.0
не бывших в употреблении Как что то хорошее ебал я рвать пезды и мазать хуй в крови Лучше подготовленную тренированную дырочку няшить,1.0
"Потому что если платить не будут, казахская армия вместе с США, НАТО и Украиной, быстро и решительно прогонит пидорашек напалмом, артиллерией, танками и ракетами обратно в снежную нигерию, казахи шутить и сюсюкаться с руснёй не будут.",1.0
президентом параши на строгаче вроде одиночки,1.0
"Ух, в таком случае, Альфия можно в Вас войти?",1.0
"Совершенно нет, поскольку тут нет ничего касательно леволиберальной повестки. зачем вы записываете ебанутых истеричек-обиженок в леволибералы?",1.0
Ты нормальнео не умеешь ты сразу урчать начинаешь,1.0
"Ну, хомяки у него ядерно токсичные, хотя до сосача они, мб, и не добрались, на сосаче самая благодатная тема это все же праваки и какое-нибудь быдло по типу хача.",1.0
"Самая парашная - это где нужно выбирать картинки а гугл снова и снова их подгружает, причем каждую секунд по 5. В итоге на один лишь пост кроме времени написания тратится 30-60 секунд чтобы разгадать капчу.",1.0
"Ну уж нет. Зона племен, как в Пакистане нам на границах не нужна. да и вопрос Донбасса решать таки нужно уже.",1.0
"Тебя ебет? Она тебя вроде не трогает, зачем лезть в её пространство личное. Как бабки подъездные.",1.0
Они только извиняться могут.,1.0
"я вижу Решать то все равно не тебе, ты бесправный пидорашка, который сделает все как скажет Пыня и Ко, иначе за копротивление быстро отправишься на бутылку. Прогнали этих мигрантов, так завезут еще больше",1.0
"согласна, типичный спермобак",1.0
Жириновский очень точно сформулировала лозунг отечественного ресентимента.,1.0
"Да, на Rust е ЯП были примеры задач по этому тупому примеру.",1.0
Пишу в эпичном треде А сойбой - хуесос,1.0
"Кукарекать будешь ты, петушок, на куканах у кавказских сослуживцев, когда всеобщую мобилизацию объявят, что бы те карты в реальность претворять.",1.0
"Хочешь сказать, что мусора его не трогают, а богема не шлёт на хуй потому что он им свой ? А с судом никто не помог, потому что Он-то конечно, нам свой, но не до такой же степени, чтобы ради него жопу подымать ?",1.0
"Да блядь, извините, я знаю не всё. Насколько же я охуенен, что чтобы меня подъебать, приходится раскапывать записи четырёхлетней давности . (С) с крайнего стрима",1.0
"Да нихуя они не захватили. Жид насадил белым атеизм и науку , дабы белый не думал, и жрал говно из под жида. Все самые успешные народы глубоко религиозны. А белые утонули с своей гордыне (результатом коей и является атеизм) и скоро в ней захлебнуться.",1.0
"готовься к санкциям Не проецируй, пидораха. Разрыва контракта не будет, русня, платит - значит заебись.",1.0
"Не нужно теперь будет ждать когда бабка откинется, чтобы не мешаться под ногами в квартире.",1.0
"Малограмотный, ты бы сперва прочитал что такое декрет о земле .",1.0
"Первая заявка на победу в треде! Кемерово теперь славный город Пыня. Если появится другой претендендент - Кемерово станет Пыня-1, закрытое территориальное образование по типу Челябинска-40.",1.0
"Весь мир лахта, а люди в нём понасвиновки",1.0
"Костомаров, например. Только он русский, но топит за поляков, украинцев и прочих сателлитов ри. Борис Гринченко шикарный лексик. Куча их, но по некоторым причинам сложно будет связаться, я думаю.",1.0
Кто при либертарианстве будет чистить туалеты?,1.0
"Плиз, кидай прямые ссылки на картинки, как в этом посте, гораздо удобнее. Спасибо. Они от этого перестанут протекать на остальную доску и засирать ее своими треугольными чернобыльскими мутантами, свиньями с украинским флагом, типичными для их треде куколдством, пидорством и прочими биопроблемами? Нет, пидорахи должны покинуть политач.",1.0
стрелять в орущее быдло,1.0
"Почему при запросе Востриков ищется только пидорас который сгорел в Кемерово? Я хочу поподробнее узнать что данный персонаж из себя представляет, дайте ссылку на канал его.",1.0
И своё имя - в 2019! Ура Македонии (не БЮРМ)!,1.0
15 и повышение в должности. Отлично работаем!,1.0
"Ну кстати, если говорить о сельских жителях, то хохлы попрацовитее будут чем кацапы. У хохлов огородик, садочок вишневый биля хаты, обязательно палисадник с цветочками, плезир одним словом, как царь Петр говорил. У кацапа дом из бревен, и помойка во дворе, как у цыган.",1.0
"у ебнутых аутистов до сих пор кровавая пена, ВЕДЬ ОН ПОСМЕЛ ТРОНУТЬ ИГРУШЕЧКУ, НЕ ЗАБУДЕМ НЕ ПРОСТИМ! Потому что если критик не может критиковать себя(то есть признать ошибки), то это не критик, а мудак. Ибо критическое мышление начинается с критического мышления по отношению к себе.",1.0
"А может ты? Не можешь объяснить термин не используй его, за умного синхрофазатрона сойдешь чепух.",1.0
"Запретить покидать свои регионы, где родился там и пригодился Лол. Ты догадываешься, что у тебя спецы массово попрут не в другие регионы, а вообще нахуй из страны? Только и останется, что зарубежных спецов привлекать. Твой PRISM массово отсосёт у i2p, будешь хранить эксабайты бессмысленных байтов.",1.0
"Чаще всего агрессия и агрессивность проявляется на развлекательных молодежных ресурсах и форумах с политической тематикой, выяснили эксперты. Ч а ще всего кибербуллингом занимаются молодые люди и девушки в возрасте до 19 лет Аналитический центр Brand Analytics провел исследование кибербуллинга в российских социа л ьных медиа, чтобы определить, какие есть особенности у хейтеров в русскоязычном интернете. Итоги исследования есть в распоряжении РБК. Brand Analytics использовала два типа материалов из открытых русскоязычных интернет-источников: во-первых, сообщения из соцмедиа за октябрь 2018 года, их общ е е число превысило 6,8 млн; во-вторых, были проанализировано частотное распределение слов за декабрь того же года. В компании отмечают, что рассматривали кибербуллинг как одно из проявлений агрессии (наряду с расизмом, харрасментом, сексизмом и пр.), то есть направленного воздействия на объект с целью нанести ему ущерб. В интернете таким воздействием может быть снижение с помощью те к ста статуса субъекта или объекта сообщения. Также сообщения анализировались на содержание агрессивности, то есть языковой реакции человека на негативное воздействие внешнего окружения или собственную внутреннюю неудовлетворенно с ть. Из проанализированных почти 7 млн сообщений агрессивность несли около 5 . Эксперты пришли к выводу, что чаще всего агрессия и агрессивность встречаются на развлекательных доменах юношеской возрастной категории (в качестве примеров приводятся 2ch.hk, yaplakal.com, pikabu.ru), киберспортивных ресурсах (prodota.ru, dota2.ru и пр.), а также на форумах, где обсуждаются п олитические темы (echo.msk.ru, politforums.net и др.). При этом на последних уровень агрессии был заметно выше уровня агрессивности. Иначе говоря, обсуждая политику люди достаточно часто переходят на личности , поясняют в Brand Analytics. Далее в списке с небольшим отставанием идут женские сайты и форум ы автолюбителей. Чаще всего (более 86 сообщений) пользователи, чьи сообщения содержали агрессию, не обращали их против личности, а реагировали таким образом на события. Сообщения с агрессией, направленные на конкретное лицо или группу людей, 13,9 . Реже всего пользователи соцсетей проявляли агрессию в отношении неодушевленного объекта (около 2,1 ). Как и ожидали а н алитики, относительная агрессивность мужской части пользователей оказалась выше, чем женской, а пики агрессивного поведения и у мужской, и у женской части пользователей были зафиксированы в возрастных группах 14 19 лет и 25 35 лет. Максимальный пик 14 лет, эксперты связали это с тем, что большинство соцсетей допускает регистрацию пользователей только при достижении этого возраста. У пользователей старше 35 лет уровень агрессивности постепенно снижается, однако у женщин вновь поднимаетс я в возрасте 55 65 лет. Эксперты также установили, что чаще всего пользователи проявляли агрессивность с помощью наречий и междометий (по интенсивности употребления около 70 от всех частей речи), реже с помощью глаголов и прилагательных. Подробнее на РБК:",1.0
была новость что перед падением индонезийского боинга пилоты читали инструкции,1.0
"Вообще, ОП, конечно, молодец. Cherry picking в лучшем проявлении. Спамь боевыми картиночками с громкими заголовками. Всё равно никто не станет вникать в тему, изучать эти новости и приходить к выводу, что всё не так однозначно. Пиздец, засрали весь двач своей конспирологией про THE WHITE GENOCIDE и THE GREAT REPLACEMENT . Как-будто сижу на форчане сраном.",1.0
Взгляните на пизду. Как психически здоровый человек захочет вставлять в эту мерзость? Женская издания это самый страшный орган человека.,1.0
"Стас, никому, кроме тебя и армии твоих подсосов(которые представляют собой типичный дегенеративный биомусор, ведущийся на любые скандалы-интриги), твои ролики нахуй не нужны. Серьёзно, ты сделал новости с целью показать, что такое говно может делать любой, а аудитория осталась на том же уровне, ведь людям извне ты не интересен. Да ещё и просит не подписываться, чтобы такую-то годноту ложкой хлебать подольше. Ты обосрался, стал посмешищем для абсолютно всех ютуберов, которые не являются полными ебланами. Тот же Хованский не ссыт тебе на ебало только потому, что ты вертишься с ним в одной компании, иногда даже лично пересекаетесь. Приятно было слышать, как он говорил, что отстреливался бы от таких, как ты, из огнестрела, стараясь забрать с собой побольше коммунистов, когда они придут его оаскулачиапть? Он открыто хуесосил людей и за меньшие грехи. Сложи 2 и 2, как он к тебе относится на самом деле. После чего ты сделал ещё более смешной ролик, где истеришь как побитая шлюха во время ПМС. Я ПОДЕБИЛ, А ЕСЛИ ВЫ НЕ ПОНЯЛИ ЭТОГО, ТО ВЫ ТУПЫЕ . Ты мог хотя бы сам его посмотреть перед заливом? Мне даже рофлить над тобой расхотелось, из смешного дегенерата, ты стал жалким дурачком. Это как смеятся над роликами, где контуженные ветераны пытаются ходить под клубную музыку. Над неполноценными смеятся плохо, даже стыдно стало. Я не утрирую. Просто посмотри на себя, Стас. Ну правда. Банишь людей в группе за лвйки и одно упоминание стрима. Ты делаешь всё, в чём самый отбитый и дегенеративный либераст обвиняет совок и сверкаешь разорванным очком. Никто тебя несправедливо не обсирал. Что на стриме по поводу дат, ну ты же сам проебался. На подкасте сообщил, что не будешь стримить. Если ты не был уверен, то зачем это говорить? А если был, почему не сообщил Маргиналу сразу же? Твоё слово в целом не стоит нихуя. Обещаешь не банить-куча удалённых комментов. Обещаешь стрим-не идёшь. Обещаешь что-то ещё, всегда проёбываешься, всё чаще на нарушение обещания тебе нужно в районе секунды-дня. Стоит ли удивлятся, что тебе за это прилетело? Когда то должно было. Ты сам срёшь себе в штаны, не злись, когда на это указывают пальцем.",1.0
"Стрим 09.02.2019, некоторые интересные моменты 1. Начало стрима 5.00 2. Я куколка 3. Встаёт, показывает лук 7.10 4. Пыталась поиграть в доту, но не смогла. Не понравилось. 7.48 5. Поддерживает новые толерантные игры в которых есть персонажи геи 9.20 6. Вчера не ходила в качалку. 7. Про гендеры, их больше чем два. Карина это поддерживает. 12.35 8. У меня нет друзей чтобы играть в командные игры 15.10 9. Скоро останутся только вк и ок 18.00 10. Про фильм Девочка , хочет посмотреть его 19.25 11. Включила роли по фильму Алита 23.00-27.42 12. Обнимашки от Карины (реакция на донат) 30.15 13. Про Корею, фильм В лучах солнца , политику, Китай 37.40 14. Думает сделать как-нибудь макияж на стриме 38.15 15. Про Париж, думает куда бы хотела сходить 41.40 16. Билет в кино стоит 15-20 евро 45.20 17. Показывает платье во весь рост 46.05 18. Говорит по японски 48.55 19. Карина очень давно отбеливала зубы, но особого результата не было 50.00 20. История про то как ходила в 24 часовой магазин, чуть не сбила машина. Потом за это отругала мама 54.35 21. До меня никто не доёбывался, кроме фанатов 58.50 22. Думала купить травмат 59.45 23. Не может покупать дорогие вещи, какой-то барьер 1.00.40 24. Про бренды, удобную обувь 1.01.20 25. Встала, показывает свои розовые кросы Вансы 1.04.35 26. Самая дорога вещь которую купила - пуховик зеленый за 150-200 баксов 1.05.30 27. Как ты ухаживаешь за волосами? 1.08.55 28. Встала, ушла за кроссами Buffalo, принесла и надела на ногу 1.09.50 29. Про доставку еды в Леньяно 1.12.40 30. Про такси и поездку в нём с итпедиа 1.15.00 31. Вопрос про стримы 2015-2016. Карина не ностальгирует по ним 1.22.00 32. Хейт-донат про межнациональные браки. Карина поддерживает таки отношения 1.22.58 33. Про коммунизм 1.30.25 34. Проходила психологический тест, Карине в душе 68 лет 1.41.04 35. Возможно у меня сбитая биологическая прошивка (про то что не хочет детей заводить) 1.44.00 36. Про садик 1.50.40 37. Про школу и туалеты 1.52.00 38. Про игру метро 1.58.55 39. Игры надоели 2.01.00 40. Включила ролик со штукой которую хотела бы себе, для записи музыки, опи-1. Смотрит сколько эта штука стоит. 2.03.47 41. Включила видео с Алитой 1.08.00-1.10.05 42. Говорит что новый микрофон нравится больше (он изолирует звук, подавляет шумы) 2.12.00 43. Хочет поиграть на следующем стриме в Hearthstone 2.14.25 44. Ест червячка-желейку 2.21.30 45. Про аниме 2.22.50 46. Включила OST из аниме GTO (Great Teacher Onizuka) Opening 2 2.24.00 47. Кариан про аниме Эльфийская песня . Плакала когда смотрела. Это шедевр. 2.31.30 48. Карина задумалась. 2.37.00 49. Говорит по итальянски 50. Думает что желудок стал ещё меньше после болезни 2.48.00 51. Играет трек который постоянно включают в качалке куда ходит Карина 2.49.30 52. Подготовка к стриму уходит 40 минут (косметика и т.д.) 2.52.40 53. Про Ларина 2.54.00 54. Заменила бы себе тело на кибертело 2.57.50 55. Про вред наркотиков 3.00.00 56. Про бухло, курево, травку 3.08.00 57. Нашла трек со старого стрима, который просили найти в донате KING PLAGUE - Ave Plague 2.25.00",1.0
"продлил И правильно сделал, шизиков надо на цепи держать",1.0
Так такого полно. Вплоть до забора как у соседей на даче и наклеек как на старой стиралке.,0.0
И самое смешное что едет на бричке дешманской с дырой в кармане. Просто как? Я думаю что там дикий перепой,1.0
Ганкера в частной группе не беспокоили? А то по началу ДВ2 у них даже свой рейтинг был кто больше исследователей настреляет...,0.0
"При чём тут заводы? Сколько из? Целый один! Офигеть, как жить с одним заводом на окраине, с которого ветер сдувает выбросы от города? винить нужно транспорт и отопление углём (ТЭЦ и частное песенок) и горы вокруг города",0.0
"Хакку надо смотреть в исполнени all blacks, вот там это действительно смотрится",0.0
Это были лихое начало 10-х,0.0
Попробуй с коллективом выпить-закусить.,0.0
Просто ещё одно кресло должно быть с собой,1.0
"Есть вероятность, что при новом снимут санкции.",0.0
"Часто слышу, что вон в том в магазине в трипиздяйково есть пиво со сроком реализации 10 дней, типа оно точно гуд так это идиоты, что вы на них смотрите. Не знаю как так случилось, но в рф многие массово верят в ЖЫВОЕ пиво. Которое хранится 3 дня. Вот это заебись, вот это честное пиво! На деле конечно пивом эта ссанина не является. Эта брага, которая быстро киснет, и ее надо продать.",1.0
"А,ясно. У вас может быть свое мнение и это похвально,но оно неправильное . Сами же тоже самое пишите. Да вот на деле хватит одного выстрела с танка, сотня-другая убитых и раненных - и все эти 15 миллионов разбегутся по домам.",1.0
Согласен полностью. Дорогу уступать тебе будут единицы. А сами дороги для чемпионата сделали только в центре и с аэропорта для чемпионата. Всё южное направление за 15 км от центра в говно.,1.0
"Пенопласт боится солнца,а какие там высокие температуры?Пять лет так был зашит сарай у товарища коричневым профлистом.В прошлом году снимали одну стену,для пристройки.Под листом пенопласт белый как будто вчера укладывали.И забыл дописать это была солнечная сторона.",0.0
"Не, на развязку виадука больше похоже.",0.0
"А покажите процесс, пожалуйста!",0.0
"Нам с первого сентября в школе в бошки вдалбливали, что мы ничего не сдадим, никуда не поступим и умрем бомжами) выжили, однако)",0.0
но она же красивая...,0.0
"Где-то сжигают книги.. А где-то фотографов. Возможно, мы сейчас стоим у истоков целого фестиваля..",1.0
А зачем обязательно в ппц неудобной позе сидеть? От того что человек естественно сядет рисунок только выиграет.,0.0
"В том году делали проводку дома частично. За деньги. Я была на 9 месяце. Электрик (не жэковский) сначала отправил меня сообщать всему подъезду, что сейчас будет вырублен свет. Нет, когда накануне всё обговаривали, ни про какое объявление для соседей он не говорил. Хорошо, середина буднего дня... Ну ок, благо всего 4 этажа, прошлась. Вырубил. И начал собирать щиток! То есть: щиток висит на стене, вообще пустой, у всего подъезда нет света, этот хрен стоит на табурете в темной прихожей, я рядом с фонариком, и он собирает, зараза, автоматы! В процессе ещё не хватило шины и я вызывала такси до ближайшего хозрынка (а весь подъезд без света). Когда он ушёл, я сначала обнаружила, что в подъезде под щитком и до нашей двери дорожка мусора, всё это выметала (напоминаю - на 9 месяце), а печка в кухне херачит током так, что палец еще минуту не чувствовала. Ах да, сообщить, что будет делать какую-то дополнительную дыру перфоратором в стене, этот мудак тоже не соизволил, и все куртки и обувь в прихожей получили дозу цемента.",1.0
Грамматикуса вспомнил. Один в один прямо),0.0
Почему балбес?Славный кобеляка,1.0
"Главное, чтобы самих друзей не растопило",0.0
"1. Я не знаю, что такое кабашоны из симбирцита , пили пост! 2. Ворона не нужна! (честно говоря я смутно представляю, откуда там эта заметка в профиле, кажется после моей днюхи появилась... но это не точно)",0.0
На русском есть хорошая фраза- окольцован. Без членовредительства. Жуткое тату,1.0
"Киногероя тоже недавно пересмотрел в третий раз. ляпота) А без компромиссов даже не смотрел, спасибо за наводку",0.0
"Не понимаю Вашу речь, к счастью.",1.0
Читал. Вот и напомнил вам пункт правил. Который может изменить решение суда на 365 градусов. Сильно не обольщайтесь.,0.0
Добыча оказалась не по зубам.,0.0
Не читай так больше)),0.0
"Скажу одно, никто тебе не поможет кроме тебя самого, ты либо берешь в себя в свои руки, либо любой из вышеперечисленных вариантов.",0.0
"Сорян, я дура. Мои официальные извинения:",0.0
тогда на открытке не герой ее романа,0.0
Не только шесть. Все 12 хуев можно дрочить. Парни встают парами хуй к хую и дальше погнали в лыжника играть.,0.0
И лозунг - воюй-засыпай,0.0
Как это все можно не перепутать с поганками ? Пищевые герои...,0.0
"тогда выживали сильнейшие, слабый младенец умирал, сильный выживал Не совсем так. Верно это для обычных крестьян, тогда составлявших 9 10 населения и более. Ибо регулярные голод и эпидемии. Привилегированные слои жили гораздо лучше и как раз позволяли себе вытягивать всех своих детей, насколько позволяла медицина того времени. Например, юный Александр Суворов в наше время вряд ли смог бы сделать военную карьеру, так как в военном училище его завернула бы медкомиссия. В XVIII веке порядки были гораздо проще, в офицеры записывали просто по факту принадлежности к дворянскому сословию.",0.0
"А вот был бы чат не тупой, были бы в курсе. Если бы чат не был овощебазой, они б не стали такой жир воспринимать на полном серьёзе",1.0
Пописал на недовольных омежек)),1.0
"До сих пор пересматриваю его видео. Орамбо кстати на своем канале пилит похожий контент, но качеством похуже, там же и Шуран не редко светится, храню хрупкую надежду что когда-то он вернется, такая годнота ведь.",0.0
"ID сам меняется, пока не разобрался почему. Меня банить не надо, я хороший.",0.0
"Забавный персонаж, но срач который он разводит своим раздутым ЧСВ мне не очень нравится. Классный преподаватель с хорошим и качественным примерным показателем. Мне нравится что он активный, что у него постоянно какие-то конкурсы (пусть там и разыгрывают за первое место какие-то жалкие 4 пачки струн от дадарио), постоянно какие-то стримы и так далее - т.е. видно что человек пиздец какой гиперактивный, но зачастую его гиперактивность очень сильно раздражает. Его высказывания в адрес звездил мирового уровня я поощряю ... но он не хочет раскрывать эту тему полнее, ибо если он её конкретно раскроет, то срача не будет, а он очень важен для него и его канала в целом как я понял. Мне очень понравилось, что он обосрал уёбищных блоггерков, которые даже риф из 4х квинт чисто сыграть не могут. Я был в неописуемом восторге, что мол - ВОТ ОНО! НАКОНЕЦ-ТО! . Но в остальном Фред бесит своим критическим мышлением. Многие красивые вещи для него - хуйня. Оно в принципе и понятно из его группового творчества, что чувак утратил чувство прекрасного и для него остался только жесткий, обрубленный гитарно-технический прогматизм. Складывается впечатление, что именно на этой почве у него он и развивается, т.е. он как чиновник с маленьким хуем, который пытается заглушить свои комплексы баблом, только Фред пытается сделать это с помощью гитарной техники. Нахуй драйв, нахуй душу так называемую - главное сыграть чисто и без помарочки. Ну сори ... мне кажется для адекватного слушателя - этого маловато. Sithu Aye,имхо, намного мелодичнее и интереснее играет, хотя в плане техники ниже скилом, но его почему то слушает в сотни раз больше людей, чем Фреда о О Phlini к примеру - такого же поля ягода. Чувак не так чисто играет, но очень ярко, мелодично и с настроением и его тоже почему-то больше людей слушают, чем Фреда о О Может быть дело как раз таки в драйве и душе О о Мне кажется Фред в этом плане заблуждается капитально, а его ЧСВ, раздутое преподаванием, мешает ему это принять и понять. В целом, если выбирать из разряда говна техничного и говна просто так, которое любит попиздеть, размахивая хорошими инструментами и которое нихуя не умеет играть на них же, то я выбиру первое.",0.0
Что это за суперобъективные icq тесты? Может знает кто такие?,0.0
КРЫМОТРЕД НАРУШАЕТ ПРАВИЛА РАЗДЕЛА Т.К В НЕМ НЕТ ОБСУЖДЕНИЯ ПОЛИТИКИ. СВОБОДНОЕ ОБЩЕНИЕ ЭТО В b. ЭТО ТОЖЕ САМОЕ ЕСЛИ Я НА ДОСКЕ О ПОЛИТИКЕ СОЗДАМ ТРЕД О ТОМ КАК ПЛОХО БЕЗ ТЯНОЧКИ. ТАК ЧТО УЕБЫВАЙТЕ В Б ИЛИ НВР СО СВОИМ ЧАТИКОМ ПРЕСТАРЕЛЫХ ГОМОСЕКОВ!,1.0
"Посмотрел Утомленных солнцем 2. И оказалось, что это хороший фильм, такая высокобюджетная артхаусятина, к которой могут быть претензии только потому, что спиздили-распилили и вообще ТАК НЕ БЫВАЕТ. Ну нахуй этих критиков. Обзоры длиннее фильмов, петросянство хуже рашкокомедий, ебанутая ненависть и доебки по мелочам.",1.0
Причем тут страна. Стрим с Маргиналом посмотри.,0.0
"Надеюсь в будущем таких экспертов начнут щемить за эти самые сексуальные провокации зрителей. Увы, не будут. Основная ЦА всей этой ютубовской околополитики - молодежь мужского пола, спермотоксикозники. Они кого угодно на пьедестал посадят, лишь бы была пизда. Мариговори, Самойлова, Гарсия...тренд только набирает обороты.",0.0
"А кого любить? Гоблина тупорылого что-ли? Или какую-нибудь продажную суку из демшизы? Нет уж, спасибо не надо.",0.0
"Ну он-то не в честь Джорджа Вашингтона, президента США?",0.0
Вонючий совковый скот прибежал и ноет. А вот и сторонник демократии и свободы слова закукарекал.,1.0
"Русачки ебаные, какого хуя вы отдали Польше мою Белостокскую область, половину Беловежской Пущи и мою столицу Вильню жемайтам? А, пидарасы? Какие вы щедрые чужими территориями разбрасываться!",1.0
"Предлагаю вашему вниманию поэтические страницы маестра. До тридцати сиянье чуда В тебе, быть может, будет жить Улыбки нежность неоткуда Тебя заставит не забыть Потом морская синь, дороги И быт усталый и глухой Тебя доедут до берлоги И в старость уведут рукой Останутся со мной мгновенья Недокасанья юных рук Недосознанье упоенья Былой любви к тебе, мой друг. 6.03.07. АПОЛОГИЯ ДВИЖЕНИЯ. Среди чернеющих небес Себя найдешь на улице Бредущим по городу Где только снег идет Как ты Другое все иного направленья И сотни тысяч стен домов Тебя встречают В ужасе Ты страшен Поскольку ты идешь Они стоят Тот кто идет всегда опасен И одинок Как этот снег Как эта ночь Огромная удача Что ты не видишь Как ты одинок Но ты уснешь Как это небо станешь Великой темнотой Луна звенит И звезды опадают Как снег, как листопад Куда-то вниз Туда где ты Страниц не различая Запишешь их Листву и звон от звезд И песни стон и лунное дыханье На маятник повяжешь низ Чтоб верх по стрелке шел вперед И только так достигнешь ты себя Своих богов, своих детей Своих последствий И выбор сделаешь на пользу лишь себе 8.03.09. ЧЕЛОВЕК. Такое длинное мгновенье: А дальше эхо и забвенье Что надо нам успеть За этот срок недолгий? Спросить себя: Ты кто? - И дать ответ; Но главное влюбиться: Чтобы ответ мог подтвердиться. 9.01.10. ЮНОСТЬ ПОЭТОВ. Я срезал стебель для своих утех Я гений Значит правом данным от начала Я выбираю жребий тех Кто нужен мне для счастья и причала А, может, для страдания Как агнец богу на закланье На пир души и хищной, и прекрасной Веду я за руку фантомы красоты И каждый ты живешь лишь в мере той Что под руку со мной ведет тебя судьба слепая Ты значим лишь в моих глазах Ты существуешь только как моя болезнь Как озеро испившее нарцисс Как призрак сна настигнувший меня На кромке заколдованного лета Знайте, юность саван воскрешенного поэта 10.02.09.",0.0
вместо разборов по факту видишь комментарии Алексея Навального - ебаных детей,0.0
Потому что запад прошел эту хуйню еще пару сотен лет назад. Большинство миллионеров на западе это наследники в 3-4 поколении. Поэтому там люди родились и выросли в других идеалах. А наша золотая молодежь это лет хапуг из 90х и что они что их родители дорвавшись до бабла начинают максимально выебываться им покупая золотые унитаза и вытирая жопу банкнотами. Возможно только их правнуки вырастут нормальными людьми для которых круто не покупать Бентли а заниматься благотворительностью.,0.0
пиво моё выпила - а теперь отдайся!,1.0
"Нестрман на самом деле в жизни ведет себя как аутист, карлан и то лучше держался. Русские вперед!",0.0
Сейчас все авиакомпании мира вместе со специалистами гугл карт смотрят на казахов и думают ну что за дебилы ну еп твое мать.,1.0
"Ты ишещь то чего нету. Люди внезапно ебутся, а какой они расы и национальности уже не таое собачье дело",0.0
Еще один петух решил легко заработать на донатах,1.0
"Двачные дурачки под свободой слово понимают свободу испаржняться ртом и тралить быдл . На то они и двачные дурачки, собственно.",1.0
"ЖЕНЩИНА это ВЕНЕЦ ТВОРЕНИЯ, помните это ваньки! Вы все не стоите одной женской какашки, лошки! Женщины правят цивилизацией! На колени хуемрази! Феминизм победил! КНН",1.0
Жилищный вопрос так-то очень актуален в этой стране.,0.0
Браво! Олег Ссаколов еще и грубо послал Гуру в 2000 году,0.0
"Двачну, эти разоблачения уровня вода оказывается мокрая!!!! , просто какой-то лютейший пиздец. Вот блядь никто не догадывался, а наш правдоруб смог, надо написать жополизческий комент. Стасямба обычный жадный до денег пиздабол-задушевник, даже более лицемерный, чем те, кого он хейтит. Лишенный самоиронии закомплексованный кусок говна, даром, что совкодрочер лол.",1.0
"Клятые коммунисты целых сто лет пытались спасти человечество из рабства капитализма, вообще охуели сволочи.",1.0
"Хорс пидор, тарков не дал!",1.0
1. Говорит по русски. 2. Опускает Навального и окатышей. 3. Показывает пример подхода в работе с информацией.,1.0
Бауманка астанавитесь,0.0
"Очевидно Лоза хуеплёт, и я тоже пофиксил",1.0
"Я Курицына никогда не ебал, но в этот раз точно выебу! КУРИЦЫН - ГОМОСЕК ОТ НАРОДА! ШОК! КУРИЦЫН БЫЛ ИЗНАСИЛОВАН! ЗАДЕРЖАН ЛЫСЫЙ МУЖЧИНА...",1.0
"Пусть лучше само евровидение стримит. Долбоеб чтоли, у него на последний видос про это фрик-шоу копирасты страйкобляди жалобу кинули и ролик снесли, хорошо хоть перезалив есть! А ты говоришь на твиче такое стримить. Хотя учитывая что фруктозка постоянно смотрит одно кинцо на своих стримах и строит из себя сексапильную падчерицу, понятно почему её не блокируют правообладатели, видать сами дрочат.",0.0
почему в российской империи было иначе? 99 и твои предки были рабами у не русских дворян и немецких царей,0.0
А пропаганда репоста с ненавистью?,0.0
Как что-то плохое. после фоток Бэллы ИТТ хоть будет на что потилибонькать,0.0
"Как ловко и лаконично ты завернул слова подарки , взятки и связи у мамы и папы Не только это, но и все перечисленное. Добро пожаловать во взрослый мир. Я лишь один конкретный пример привел. Очень показательный пример, надо признать.",0.0
"ЭЙ МИХАЛЫЧ, ТАМ ПОЖАРКА ПИЩИТ ДА ХУЙ С НЕЙ ПУЩАЙ ПИЩИТ СМОРИ ЧО ТУТ У ФРАНЦУЗОВ ЭЙ МИХАЛЫЧ ТАМ ДЫМ КАКОЙ-ТО ДА МАЛО ЛИ САМО ЗАГОРЕЛОСЬ САМО ПОТУХНЕТ ТЫ ЗАКРОЙ ВЫХОД ЗАПАСНОЙ ПУЩАЙ ЧЕРЕЗ ЦЕНТРАЛЬНЫЙ ПИЗДУЮТ, А ТО ТАМ ПОЛЫ МЫТЬ ЭЙ МИХАЛЫЧ ТАМ НАТУРАЛЬНО ПОЖАР ПИЗДЕЦ ЯЕБУ ОХ ЕБААААТЬ СГОРИТ ЦЕНТР ПОХОДЕ ПРИД ТСЯ ДРУГУЯ РАБОТУ ИСКАТЬ. ЛАДНО ХВАТАЙ ЧТО МОЖНО И СЪ БЫВАЕМСЯ",0.0
Накатил с утреца и поссал трезвоблядям в ротеши. Мимо алкаш 32 лвл со стажем 15 лет,1.0
"Сам факт, что фильм, снятый в этом веке нельзя найти даже на торрентах, говорит о том, что фильм этот никому особо не нужен. А какой фильм никому особо не нужен? Правильно, говённый фильм.",1.0
Помню теорию относительности они опровергали и предлагали свою более материальную. Это еще актуально? Конечно актуально.,0.0
вангую что это будет то же самое тупое разжевывание фактов из википедии про обе игры. игровые видео нестерова это конечно полное дно.,0.0
Не верьте дизинфе хачеградцев.,1.0
"Ну не прямо сразу же ватан бросился к своему кредитному ноутпуку. Пришёл после 18:00, хрючева въебал, туда-сюда, уже 2 часа прошло. 20:00 - время Ворл оф танкс, 2-3 часа танкист там провёл. Бац, уже 23:00 - время бороться с либирахами и хохлами. Проверил новости, зашёл на пикабу, glav.su, cont.ws, ну либерахи, держитесь... Патриот заходит в news",1.0
"Да, даёшь! Давай поиграем в Civil War.",0.0
русня белые мужчины белые мужчины,1.0
"Значит, кукла шалит. Иду к Степану вопрошать.",0.0
"Они занимаются явным черрипикингом. Пример: 1) показывают инфографику сравнения и превосходства российского вооружения над западными странами, но почему то не показывают такую же инфографику о продолжительности жизни, средней месячной зарплате, СПИДе?; 2)сегодня смотрел новости утром. Показывают новость: украинский военный флот давно стал темой шуток в сети и показывают видеоролик какого-то ютубера, в котором он смишняво про него шутит. Хорошо, про украинский флот и аэрофлот и правда шутят в сети, но почему вы тогда никогда не показывали, как шутят в сети про президента Пыню, или как в сети высмеивают его рост? Ну и третье: до трети новостей это всегда хохлы, а на политических ток-шоу вроде 60 минут хохлам отводиться 90 эфирного времени.",0.0
"И Маргинала сразу, будет протестовать у офиса Твича)) Маэстро на хуйче сразу бы забанили)) Или там за сорказм не банят, а только за прямые утверждения?",0.0
"Не зря, вас, хохлов, свиньями кличут. Вы и есть грязные животные, не способные к любви, привязанности, благодарности. Очень радостно видеть, как ваше правительство лижет жопу ЕС, в итоге получая новые порции фекалий, пережёвывает их беззубым ртом, а потом говорит - ещё! У вас самые дешёвые шлюхи в ЕС, да их и столько, что каждому двачеру из Европы достанется.",1.0
"Даже левые, дроча на совок и Сталина, подставляя тугие извилины под пропаганды своих новых ютуб-вождей после работы выглядят выгодней чем? у Нестерова достаточно оригинальная идея. Внедрить методы борьбы за гражданские права в русский национализм. То есть в либероидном мире научиться выставлять себя жертвой, как научились евреи, негры, женщины, гомики, радикальные муслимы. При том, что примеров антирусской ксенофобии масса и в истории и в современных медиа. Понять выгодность и применимость этой позиции мешает не какая то ядерная идеологическая прошивка, а всего лишь комплекс настоящего мужика , который просто не имеет права показать слабину, даже если он давно от надрыва грыжу заработал.",1.0
65 А чего так мало? Вот у гражданина был рейтинг 90 за 3 дня до записи этого видео.,0.0
ставте лайки каментируйте,0.0
"Моча в анимаче решила окончательно убить реакшен. Тут и раньше были жалобы, на постоянные баны, удаление релейтеда, но то что происходит сейчас не идёт ни в какое сравнение. Тред сделали бесконечным, по сути - убили. Теперь это не более чем чатик, где что либо реактить не имеет ровно никакого смысла. Зачем, если пройдёт час-полтора и твой реакт на тысячу слов будет удалён вместе со всеми ответами? Да и те кто зайдёт в тред только вечером реакта не увидят да, некоторые пролистывают тред в поисках реактов . Если моче так лень тереть пидрюху, слабоумных сиськодаунов, и прочих вниманиеблядей - пусть ставят другого, а не избавляются от треда.",1.0
откуда у алкашей-свиней оружие? ведь даже не рабам спидоранам оружие не дают :(,1.0
"Гриффиндор хуйни не скажет, поддержу.",0.0
славяно-германец (украинец) но живу временно в Польше.,0.0
"Что-то появившееся на небе пугает туристов Кто рассказал Черноброву про это, дух горы, мертвецы дятловцы?",0.0
"Играет хорошо, но как человек - говно. Рассматриваю его исключительно как живой учебник, а вот с тем же MJTV и за жизнь бы попиздел, и чайку бухла бы ебнул, хотя игрец он и послабее.",0.0
"А в ес мочу сразу после такой хуйни пидорнули, и правильно сделали. По подсети банить неправильно.",1.0
"Я хуею как сосачеры, где большиство прыщавые жиртресты и рахиты, выступают против бодипозитивизма. Хочешь чтобы тебя называли гноем, а ты страдал и не выходил из дома из-за насмешек, набирая еще жиры и тд ? Ваше дело, мудилы, у вас в Барнауле так и делают. Продолжайте полнеть.",1.0
"У марго заслуг не больше. Такой же ноунейм с кучкой фанатов. Вот только разница в том, что пигдог может там на кого-то и залупается, но завсегдатаи Спермоградов Сипа Нестермана в ваши загоны не лезут, а вы сюда суетесь со своими иконами.",1.0
"Ты отвечаешь педрюхе, ты хейпостишь других анонов, ты получаешь тот тред который заслуживаешь.",1.0
"Согласно концепци, это с ним лучается регулярно, а первый раз даже описан в автобиографии: Из автобиографии: гопак у самотн стi Когда меня отчислили из института, и не дали , защитить диплом, это была трагедия. Родители нашли меня в тени акаций и настурций всего в слезах и страдающего диареей. Именно тогда я не только впервые сформулировал, но и применил на практике, концепцию самообсираемых кальсон.",0.0
"Лучше записочки в Деус Эксе почитать, ололо",0.0
"ЭТА ДРУГОЕ, ШВИТОЙ КОПРОЖИДРАИЛЬ НИ РАШКА-ПАРАШКА",1.0
Один хуй герка ебёт все эти 3 мыла просто своим эпохальным сюжетом и харизмой.,0.0
"18. Смотрел их прям пиздец мелким, они вообще были первыми кого я смотреть начал.",0.0
Ахах! УДАЛЯТЬ ПОСТЫ! ЛОЛ!,0.0
"СЕНСАЦИИЯ ДАЧИ СТАЛИНА!111 На картинке дачный дом, который можно построить дешевле цены жоповозки. Что-то пошло не так, да?",0.0
Результатов: примерно 176 000 Тупой ЛЕБРОН опять напиздел. Алсо открыл третью ссылку по запросу ,1.0
"Какой же вчера был охуенный эфир Невзоровских сред, Глебыч жег адским пламенем, давно он такой годноты не выдавал.",0.0
"Немца от англосакса запросто отличить, например.",0.0
дебил-куколд Значение знаешь?,1.0
"Давно уже ясно, что сабж поехавший Резонёрство склонность к бесплодному мудрствованию , словесная опухоль (И. П. Павлов). Резонёром употребляются сложные выражения, иностранные слова, неологизмы для объяснения простых вещей 1 . Речь изобилует сложными логическими построениями, вычурными абстрактными понятиями, терминами, нередко употребляемыми без понимания их истинного значения. Если больной с обстоятельностью стремится максимально полно ответить на вопрос врача, то для пациентов с резонёрством не важно, понял их собеседник или нет. Им интересен сам процесс мышления, а не конечная мысль. Мышление становится аморфным, лишённым чёткого содержания. Обсуждая простые бытовые вопросы, больные затрудняются точно сформулировать предмет разговора, выражаются витиевато, рассматривают проблемы с точки зрения наиболее абстрактных наук (философии, этики, космологии). Подобная склонность к пространным бесплодным философским рассуждениям часто сочетается с нелепыми абстрактными увлечениями",0.0
"Наоборот, красава. Решил развлечь анонов. А тебе рака и спида, падла неблагодарная",1.0
"И как они отобрали за путина, не перебрав все бюллетени? А если перебрали - почему не посчитали сразу?",0.0
С тобой никто тут не собирается беседу вести,0.0
Прямо как в полтоРашке,0.0
"Моя мать пенсионерка уже 10 лет. Так что мимо, петушок сисянский.",1.0
"Почему сплю ? Я не сплю, я в курсе всего этого. Да и Образ СССР выглядит не логично и абсурдно вот этого не отрицаю. Фильм, даже со всеми поправками на то, что он художественный, мне не зашел. Но, уверяю, если бы патриоты были бы ностоящими , конине было бы поебать на всю нелогичность. Про спизженный сюжет он бы отмахнулся так же как и отмахиваются от самого Баженого сейчас: половина, а то и больше подобных спортивных фильмов имеет примерно такой же. Неточности его тоже мало задели бы. Весь его кринж из-за неправильного совка .",0.0
хохложиды оправдываются смищными пикрилами,1.0
"так и машин от силы 5, зачем вам еще более широкие дороги? А затем что там почта и я туда вожу по 5-6 посылок по 30 кило каждая. И чтобы их разгружать мне нужна стоянка возле городского Главпочтампта. Но советская свинособака, которая проектировала это место, решила что там должен быть тротуар шириной с Арбат.",1.0
"А у тебя писечка поперек, или это только от мамы передаться может?",0.0
Почему ты такой тупой ? я ж объяснил на что конкретно мне похуй и не раз. Но ты как токсичная заевшая пластинка. Ей боху.,1.0
"Левада еще может адекватно такой объем анализировать, подзалупным оркам такие технологии недоступны",1.0
"Сам не выкупил, признаюся. Поймал.",0.0
Нет интернет-соединения. Проверьте подключение и повторите попытку. Нет интернет-соединения. Проверьте подключение и повторите попытку. Нет интернет-соединения. Проверьте подключение и повторите попытку. Нет интернет-соединения. Проверьте подключение и повторите попытку. И ТАК КАЖДЫЙ ЕБАНЫЙ РАЗ...,0.0
Почему именно мозги нельзя есть? Прионы только в них заводятся?,0.0
"В Киеве на вокзале Мен було рок в 19, коли мене перший раз мав в зад хлопець рок в п д 30. Я тод перш рази став заходити на вокзал Ки в-Пасажирський в туалети - де були каб ни з д рками написи на ст нах. Так як досв ду ще не було н якого, то як знайомиться не уявляв. Сам перший природно не п дходив. А видивлявся на написи. дрочив св й член стоячи в каб нц . Хлопець був у сус дн й каб нц , в н побачив це, хитнув мен головою, запрошуючи п ти з ним. А так як н кого б льше в той момент не було, а був уже веч р, над на щось нше не було -все ж п шов за ним. У мене вже тод з явилася молофья - я вже спускав. Так як трохи ран ше ще не було, при дрочц робив це до при много стану - коли просто ставало дуже добре - але з хуя н чого не вид лялося. А до цього мен вже к лька раз в смоктали член хлопц мужики, я спускав м в рот, знав як це при мно. Ми прийшли б ля вокзалу кудись в кущ . В н розстебнув мен мотню, д став м й член став дрочити. А в той час нав ть це - коли хтось чужий рукою просто всього лише дрочив мен - було все одно дуже при мно. забирало. Бо коли тоб дрочать чужою рукою в дитинств - це вже щось: в д цього балд ш дуже. В н, ймов рно, здогадуючись, що перед ним зовс м новачок не намагався нав ть мен св й дати в руку: Так в н мене зав в , а пот м попросив повернутися: Я запитав нав що, справд не розум ючи нав що - а в н сказав треба так. я як теля повернувся п дкоряючись команд дорослого. В н приспустив мен штани, труси приставив до дерева у якого ми стояли, трохи нагнувши мене. А сам встав ззаду. По звуках я зрозум в, що в н розст ба соб свою мотню д ста св й член. В н притулився до мо поп сво м хуем, в д чого я здригнувся, але в н взяв мене за м й член знову став дрочити. А ншою рукою водити по стегнах з внутр шньо сторони. П д ймаючись в д кол н до поп - це посилювало кайф в д дрочк , я мл в, в н це теж в дчував, вже спок йно став тертися сво м хуем мен по поп . Пот м в н перестав дрочити мен , я почув як в н послинив св й член мою д рочку приставив мен св й член, в дсунув мене в д дерева трохи, пригнув мене почав засовували член в мене. Я стояв нагнувшись, упершись руками в дерево, н живий, н мертвий - перший раз в житт хлопець в мене засовував св й хуй! Я боявся - як все буде, що буде з мною, як це. Мен пощастило, звичайно, для першого разу, що у нього був маленький тонкий хуй. Тому н яких проблем у нього з всуванням його хуя в мою св жу попку не було. Оск льки мен не було боляче або непри мно я стояв не с паючись. Чекаючи як що буде дал :. В н засунув св й член весь в мене. т льки коли в н встромив його до к нця - було в дчуття що в н у щось уперся. Але не боляче зовс м. треба сказати чесно, що було при мно в дчувати, коли яйця його доторкнулися до мо попки, до д рочки, коли весь член був уже всередин не .. Це при мне в дчуття, коли умоглядно уявля ш що в тебе чийсь член засунуть: Це було мабуть нав ть при мн ше н ж все нше - в дчувати його яйця б ля очка. Коли весь член вже там. коли в н пот м став й бати мене, я намагався щоб част ше яйця його впиралися в попу мен , нав ть нод насаджувався сам глибше на його член, до упору. Але показувати що мен щось при мно тод здавалося ще не зручним - б льший час я просто стояв обхопивши дерево руками, а в н вставляв член в мене. Хоча особливого кайфу я ще тод не в дчував - було в дчуття - що просто в мене встромляв хлопець св й член ходив там. Так в н мав мене, продовжуючи одночасно весь цей час одн ю рукою дрочить мен - п дтримуючи в мен бажання: - ось в д цього мен було при мно. Природно. Це був його розрахунок. Я досить швидко в д дрочк чужою рукою спустив, в дразу з скочив з його члена. Але в дчув що у мене щось липкою ззаду на стегнах: Що щось тече по стегнах з очка. ось це мене засмутило сильно. вбило - я здогадався зрозум в що в н спустив в мене. Запитав, - Ти що ск нчив у мене? в н сказав - так. запитав мене - а ти що перший раз це робив? я мало не плачучи в д образи сказав - що так, перший раз: поставив йому дурне питання - нав що ти в мене спустив? Я не припускав цього, думав що в н просто посует ться в мене св й хуй все, а тут мен стало не по соб : було огидно, - особливо п сля того як сам пустив, - що на мен чужа гидота , як тод сприймав чужу малофю . Та тим б льше на сво му т л . Але справа була зроблена: хлопця 19 рок в видрали в дупу! спустили сперму йому в очко! В струнку, пружну, н жну попочку з н жною д рочкою, засунувши в не перший раз член! У перший момент було огидно в д того що щось липке, спочатку тепле, ст кало по стегнах, а пот м застигло так: (а так як не готувався до цього, то витерти було н чим:) Тод було прикро, не за те що ви бав, а що не попередивши, спустив в мене. Так як тод сперма сприймалася як щось мерзенне, тим б льше на соб . Пот м згадував про це вже з та мним насолодою, нав ть бажанням, щоб це повторилося: я поб г швидко з цього м сця, скор ше в д нього, а липка р дина на стегнах весь час нагадувала, що мене т льки що ви бли в жопу. Слава Укра н !",1.0
"Всё правильно сказал. Меня и чатик не ебал до тех пор, пока я мог его проскроллить и найти содержательные посты. А теперь хуй.",0.0
Может он донаты на похороны бабке собирает?,0.0
Шлюха. Это парад шлюх.,1.0
Че за бригада и че за махоун? Из полицейской академии?,0.0
"Нихуя, забытый. Он недавно лям собрал",0.0
"кто-то запускает ракеты этим он вертит на хую роскосмос слышите Ебать вас промывают, пиздец просто.",1.0
"Тебе пруфают что жизнь ухудшилась в укархе поддерживаемой всем миром , а не в России.",1.0
"23:20 пришёл со смены Сосницкий, плез.",0.0
По идее это позор но поцреоты будут надрывно гордиться.,1.0
Что. ты. несёшь. дегенерат?,1.0
"Как известно, у Укр ины (т.е. окр ины), слепленной по пьяни на коленке во 2-м десятилетии XX в., нет истории до XX столетия. Все земли, которые сейчас занимает Укр ина, это русские, румынские, польские и венгерские земли. Напоминаем, что укр инство это сугубо левацкая, антиконсервативная местечково-хуторская идеология, направленная, как и прочие левацкие идеи, на разделение больших наций и поддержание диктата интернацистов. Сторонники бандеровцев (леваков, выступавших за бесклассовое общество и борьбу с капитализмом) и карлика-душителя котов Степана Бандеры, который, как известно, боролся с расизмом, поддерживал Идель-Урал и называл побратимами исламских борцов за свободу из Азербайджана, не пользуются симпатиями у правых европейцев. И это правильно. Попытки заявить о некой отдельной нации неких украинцев это манипуляции, созданные с целью оторвать от русских часть их этнических земель и ослабить в будущем Россию. Только так, чудовищной ложью и тотальной пропагандой, фейковая нация укр инцев , слепленная советскими кукловодами из русских Юга и Киевщины, галичан, поляков, советских румын, славянизированных гуцулов, закарпатских венгров, евреев, татар и многонациональных советских новиопов (а ля Бабченко), может обрести жизнь на русских этнических землях. Разумеется, нет никакого народа укр инцев , как бы одно соседнее failed state ни пыталось их вывести из русских путём обмана, коверканья истории и откровенной фальсификации. Нынешний эксперимент по созданию некой украинской нации можно сравнить разве что с советским экспериментом по созданию нации советской на основании таких же мифов, фейков и откровенного бреда. И маниакальное желание снести все памятники выродку Ленину (Бланку) вас не должно обнадёживать. На смену ему устанавливают памятники такого же левацкого дегенерата-кошкодава Бандеры, чьи руки по локоть в славянской (прежде всего, польской) крови. Заместо совковой лжи про Великую революцию Октября пришла точно такая же наглая ложь про Великую революц ю Г дност абстрагируйтесь от фигуры блогера и посмотрите видео Чем в итоге завершился советский эксперимент, мы все знаем. Ждём закономерного итога эксперимента эльфийского (простите, укр инского ). Разумеется, зомбированные люди будут цепляться до последнего за свои мифы про отельный народ и чужих московитов , но всё это наваждение рано или поздно сгинет, как сгинул Совок со своей мощной идеологией, мифами и фейками.",1.0
"90 не будет этим заниматься. Хохлов отрезают от базы знаний, блокировки, запрет физической литературы, издателй, всё это совмещено с запретом русского ирл, и это прекрасно. Ибо хохлам ничего взамен не предлагают, тк никто в салоине не занимается укромовным книгоизданием всерьез, а читать литературу на английском там могут в единицы.",1.0
"Ему похуй, Путин приемник ЕНБ, лично им рекомендованный вассал США. Как только запахнет жареным, США эвакуируют его и всю верхушку. Сейчас они готовят почву для безбедной жизни своей и своих детей за границей ресурсодобывающего лагеря РФ . Все что крутят по телеку про типо противостояние пыни и запада , все это ширма, чтобы мы в шахтах ебашили под страхом войны.
",1.0
"ты долбоеб чтоле, под кроватью куколдов ищи
",1.0
"Чего будет, лол? Эти страны.уа 4 года хрукали впустую, а движуха началась перед выборами и от других журналистов, а потом удивляются уровню говна, потому что власть имущие чувствуют безнаказанность и охуевают ещё больше. Ок, в 2015 ситуация была накалённая, но в 2017 и в 2018 уже нет, а движа не было. Мэйби, не стоит терпеть беспредел, чтоб потом устраивать майданы и ввергать страну в ещё больший беспредел, что однако устраивает все эти страны.уа и шариёв с навальными, они же паразиты, живут на этом беспределе, будет порядок не понадобятся нахрюки со стороны якобы недовольных, проживающих за бугром на иностранные гранды, патриотов
",0.0
"ну он даже концерты проводит на нихуя человек, но контент был топовый
",0.0
"ХОХОЛ, ПОКАЙСЯ ПЕРЕД ВЯЧЕСЛАВОМ ВИКТОРОВИЧЕМ ЗА КРЫМ, ПОКА НЕ ПОЗДНО
",1.0
"Блять, как ты доебал, мы уж поняли, что ты люто хейтишь нестеренко, настолько, что готов высирать целые простыни, даже не особо разбираясь в вопросе. Ну не является для нестерова ютуб основным занятием, как для какого-нибудь хованского. Есл бы ты следил за этой аутичной тусовочкой, знал бы что нестеров айтишник на удаленке.
",1.0
"я хуесошу жидов кого ты там хуесосишь? ты стрелки на хохлов переводишь, перекрываешь тему... пидорилло
",1.0
"Я ебал вас и вашу гугло капчу, пидоры
",1.0
"НЕЖНЕЙШЕ ВКУСНЕЙШЕ СОЧНАЯ ЧТОБЫ НЕ ПРИГОРЕЛО ОЛИВЫЧ ПАРУ ЩЕПОТОК СОЛИ ТИМЬЯН И РОЗМАРИН МОЙ НОЖЕВОЙ СПОНСОР ЧЕСНОЧОК
",1.0
"Вот яндекс капча норм
",0.0
"тебе платят хорошо? сколько стоит твоя совесть и самоуважение, шлюха??
",1.0
"рря соловей достоин нет, пропагондон, пилит бабки налогоплательщиков, монополия тв а у вас негров линчуют а у вас фанаты малолетние долбоёбы но вообще я аполитичен, но соловьёв молодец и деньги ему платят напрямую рекламодатели
",1.0
"граждане России Хохлы какие-нибудь.
",1.0
"Пиздец он поехавший. Сейчас кусок Голландии евреям отдал, да ещё и высоты, там и так с холмами напряженка. А дальше что? Французские или немецкие?
",1.0
"Shining фрагменты сцен я в 3D даже видал в кинце (очень визуально охуенном кстати, сплошной eye candy) Ready Player One
",0.0
"только зумерки долбоебы
",1.0
"Сегодня в Волгоградском областном суде состоялось рассмотрение апелляционной жалобы адвоката 34-летнего маршрутчика. Мужчина подозревается в тяжком преступлении изнасиловании 13-летней школьницы. В начале февраля сразу же после задержания районный суд заключил подозреваемого под стражу. Однако выяснилось, что насильник - уроженец Азербайджана плохо владеет русским языком, и ему было необходимо предоставить переводчика. Сегодня именно этот аргумент стал основным доводом защиты во время рассмотрения апелляционной жалобы. Естественно, судья не мог пойти на нарушение закона и отклонить жалобу адвоката, а поскольку отсутствие переводчика является серьезным процессуальным нарушением, то арест был отменен. Эту информацию корреспонденту издания НовостиВолгограда.ру подтвердили в пресс-службе Волгоградского областного суда. Возник настоящий юридический казус, поскольку для нового ходатайства следствия об аресте нужно время, и рассмотрено оно будет только в рамках следующего заседания. Таким образом подозреваемый в тяжком преступлении, который к тому же является приезжим, оказался на свободе. По неофициальной информации, он уже отпущен из-под стражи. Остается надеяться, что правоохранители не допустят, чтобы насильник 13-летней школьницы из Городище скрылся и не ответил за свой мерзкое злодеяние.
",0.0
"регулярно игнорировались После чего орда приходила и давала пизды русские разоряли Пираты, а не русские, они и русские города разоряли
",1.0
"Какой-то куколдский чемпионал. Русян русню отхлестала по защекам
",1.0
"Т.е. если объяснять общепринятую гипотезу используя мат, то гипотеза говно? одет в дорогой костюм Не понял зачем тут это. Дорогой костюм говорит только о наличии денег. Деньгами владеют не только умные люди. когда это бывает уместно. А как понять, когда уместно, а когда нет? Кто определяет какое количество уместно? А у Ларина как раз-таки лексика на уровне обычного подпиваса, сдобренная умными словами Согласен, но тут проблема в самом Ларине, потому что в его случае это попытка выебнуться. Убери мат из его речи и ничего не поменяется, умнее он не станет от этого. Особенно доставляет, когда они их употребляет в неверном контексте Так проблема в мате или в том, что Ларин не понимает куда и какие слова нужно вставить, чтобы все оценили?
",0.0
"НУ И КАКАЯ МРАЗЬ КИДАЕТ ССЫЛКИ? ОХУЕЛИ ТАМ В КРАЙ УЖЕ?
",1.0
"И такое чудовище либерташки хотят видеть президентом России?
",1.0
"Мы в те годы сбрасывали отработанные ступени-носители в безлюдные районы Северного Урала , - сообщил Соргин. Это как?! Типа вышел в подъезд, открыл мусорный люк для мусора и выбросил ступень ракеты? Чтобы скинуть ступень ракеты нужно рядом (50-100 км) космодром иметь как минимум, но расстояние от ближайшего космодрома на Байконуре до Дятлова 3000 км
",0.0
"Хм, спасибо за наводку.
",0.0
"Это домыслы маневрового левака с реддит и они совпадают с заголовком т.к. как не требуют ничего другого кроме referring to her as male
",0.0
"один из подозреваемых насиловал подругу в извращенной форме. В жеппу шоли?)
",1.0
"Блять какой же жырный сука старый! Сороковник ему небось...
",1.0
"А челик от NASA вот говорит, что НЕ МОГУТ: Для любителей отечественного есть Леонов, который всю жизнь отстаивал, что американцы на Луне были, с таким же заявлением,:
",0.0
"вражеский снайпер убил медика-трансплантолога 24-ой бригады нихуя , у хохлов даже штатный специалист по хирургическим отходам что-ле имеется в каждой бригаде? не удивлюсь, если его свои же и завалили, кому охота, чтоб его ливер потрошили после смерти для отправки европейским панам за большие бабки
",1.0
"Я вообще мимопроходил, но аватарок и вниманиеблядей надо щемить и гнать на форумы с кармочкой.
",1.0
"Говорящие лошади на месте?
",1.0
"какое уёбищное выражение, блядь. ну и -- вот это называется не спалитбся ? нихуя себе пытаясь не спалиться
",1.0
"Двачные дурачки под свободой слово понимают свободу испаржняться ртом и тралить быдл . На то они и двачные дурачки, собственно.
",1.0
"Есть у кого инфа о том, что сабж употребляет ? На счет пиваса и машки понятно, данных уже предостаточно. А как на счет чего-то более серьезного? Что знаю сам: На одном из стримов он, якобы в шутку, говорил о покупке спидов вместе с Лаской. Почему якобы? Потому что сразу после сказанного добавил, что это шутка. Что как бы намекает на то что это нихуя не шутка, и чувак слишком расслабился, перестал следить за словами. Хотя, по сути, ему особо и не нужно за ними следить, любые его факапы будут оправдывать постиронией. Так же ходят слухи о кокосе. Но откуда они пошли, хуй знает. Думаю, его лютый спад активности связан именно со злоупотреблением веществ. Взгляните на старые видосы, насколько же более энергичным и живым он был раньше. Слишком большой контраст.
",0.0
"орет с дегенератов постит Сартра Самокритично
",1.0
"Верни скрывалку, обезьяна!!!
",1.0
"Вот уж кого не жалко, так это спасибоевного хуесоса, созданного в рамках пиара путина вместе со всеми другими кликбейтными говновидосами типа путин облапал тысячу сисек .
",1.0
"Лол, пидораха обязательно пририсовывает триколор к свинье, чтобы никто не дай бог не подумал, что это украинец.
",1.0
"Это все клевета, но даже если не клевета, то Гуру делает это все лулзовее и экспрессивнее других, поэтому все равно велик
",0.0
"Бля, я перданул и обосрал шорты.
",1.0
"нам При чем твой Барнаул к хохлам?
",1.0
"идея хорошая, но никто так делать не будет хохлы
",1.0
"А Его Свинейшество побрезговал: ручку-то отряхнул. И потом ещё об штанину вытер.
",1.0
"Пиздец, эта хуйня заебала, так что подпишусь.
",1.0
"Назови мне страну, которая никого не убила за всю историю, хуйло. Башкиркостан
",1.0
"Нахуй иди, я тебе весь тред что ли читать буду? Пидор, бешбармак тебе в хычин!
",1.0
"та шо там хаварить, скатился пожилая скумбрия. маска все чаще слетает. раньше был нормальным а сейчас стал натуралом. ой то есть хеем.
",1.0
"Полон тред хохлят и окатышей Леши Пынькина. А теперь давайте хором ХРЯ ПИДАРАХА ЛАХТАДЫРКА ОЛЬКА ПЛЮС-ПЯТНАЦАТЬ ХРЮ ХРЮ ХВИИИИИИИИИ
",1.0
"Ролики - кал с убогой актерской игрой, стримы - заебись.
",1.0
"Казимирка странный. Сдеанонили и похуй. Надо было за языком следить просто, не пиздеть про пьютина и подобные вещи. И бояться деанона не стоило бы. В итоге всё проебал. Книжки его говном будут. Никто не будет читать про Морровинд. Тем более уже все разобрали, например было несколько эфиров на zigafolk.fm. там с точки зрения концепций разобрали лор этой игры. Жаль что записи нет нигде. Казимирка, если ты читаешь этот пост, то задумайся на секунду. Лучше заработать 170 за месяц на патреоне, чем 0 за год написания книги.
",0.0
"Ну так пустое здание (!!!) и два китайца - это и есть весь офис Трансформатора Только пруфов не завезли.
",0.0
"Скотопоносным скрепоублюдкам опять неприятна, ахаха
",1.0
"Дима, если кому-то здесь и ссут в лицо, так это твоей мамаше-шлюхе.
",1.0
"Когда тред прощания с хохлами будет?
",1.0
"Вольнова же повесили на параше, ты про что?
",1.0
"Блядь Егор это 25 или сколько там летний геймер, которому писечка впервые перепала только недавно. Свершений нет, образования нет, популярен среди люмпенов и школьников. Почему он не учитывает экономический фактор. Действительно - почему?
",1.0
"Умысла на уничтожение чужого имущества у них не было. Опять таки спорно. Лично я считаю что понятие умысла надо убрать вообще, по дефолту считать что все что делается, делается умышлено. Оставить разве что аффектное состояние, потому что его можно определить в четких медицинских терминах, а не думал не думал.
",0.0
"Прекрасный пример того, как успех и деньги лишают креатива.
",0.0
"Этот расеянин уплатит за всё. Проблема не выбить дерьма из макак, а получить прибыль. С абхазии никаких профитов, с сирии тоже, с драмнбаса тоже. Говна выбили и путин хуй забил посадив на гум иглу.
",1.0
"Ну окей, парламент пусть будет, но как пыня будет влиять на ту кучу долбоебов в парламенте если он будет всего лишь одним из членов оного?
",1.0
"Фейк это всё. И уже уходящая мода. Как когда-то была волна хиппи. Мейнстримом всегда было и будет традиционное общество.
",0.0
"Что ты этим болдом хотел сказать, дебил?
",1.0
"Если пользователь нарушает правила, его нужно банить. Если модератор легитимный тред с обычной нейтральной шапкой превращает в флейм-тред, его нужно лишать модераторских полномочий.
",0.0
"нах разговаривать публично со своим же агентом????
",1.0
"Собаки ебаные твари нахуй они нужны где отлов бродячих псов
",1.0
"Это ШВЯТАЯ лужа, русня ебучая! И грязь в ней лечебная. Знаменитые Канзасские источники.
",1.0
"В путин - крошка цахес, мелкий клоп, вонючка ленградская. Он мне не государь и не царь. Я терплю его сущствование только благодаря насилию государства. А так для меня, убежденного сторонника республики, этот прохиндей никто. просто мерзавец, подлец и мелкий хуебес. ты же можешь вылизываьб яйки своему хозяину сколько хочешь. Холоп, лакей и хам. Вот кто ты, лахтопидар на самом деле.
",1.0
"Просто модер такой же куколд
",1.0
"Если бы сьемки сделали полгода назад, то и опубликовали бы полгода назад. Логично.
",0.0
"Пиздешь подпиндоссной либерасни. Благодаря полезным санкциям, Россия вырвалась в лидеры в сфере высокотехнологичного производства.
",1.0
"Зачем эти продажные, жирнолысые хуемрази, когда есть такая фапабельная милфочка? Будет лучший президент за всю историю.
",1.0
"Меня так умиляет, как в его паблике называют своих подписчков - чидакеры . Маленькие милые чидакеры.
",1.0
"ОП хуй такой неравнодушный, что это становится подозрительно. Что, чмош, уже стал объектом травли? Так нехуй было своим ебалом светить на весь харкач. В стародавние времена это называлось деанон, и многие сознательно скрывали свои данные в беседах или замыливали фотки, на которых засветились. Мода сорить фактами из своей личной жизн пошла из социалок, уверен на все сто процентов. Так что страдай, уёбина, или пиздуй нахой отсюдова в свои быдлоглазники или откуда ты там выползло.
",1.0
"Кстати, тупая шутка про коран Кому как. Мне зашла соседка за солью, товарищ майор , хоть и подача была быдловата.
",1.0
"Кукарек кукарек Как я понимаю, по делу сказать нечего?)
",1.0
"Петро Пидорошенко уже выступил со срочным заявлением, что это москали взорвали, чтобы его главсвином пидорашки не выбрали?
",1.0
"А почему его так хейтят? Объясните, может я просто тупой.
",1.0
"Естественный отбор в действии. Очередной рыцарь отправился по реке Рейн на вечные игры.
",1.0
"РРЯЯЯЯ, КУБАНОИДЫ НЕ РУССКИЕ, НАХУЙ ВЫ НУЖНЫ КАК ЭТО ОТДЕЛЯТЬСЯ, ЭТО ЖЕ ИСКОННО РУССКИЕ ЗЕМЛИ, ВЫХОД К ЧЕРНОМУ МОРЮ, ПЕТР ПЕРВЫЙ, РОССИЮШКА, ИМПЕРИЯ!
",1.0
"чаю. Давно заметил, вот эта вся петушиная хуета с запретить!!11 обычно исходит либо от малолетних даунов, либо вообще от даунов, которые мир видят либо белым, либо черным.
",1.0
"Я вообще иногда удивляюсь, как наши родители выросли в то жуткое и ужасное время и вообще завели детей.
",0.0
"Сдохла тварь да и хуй с ней. На её руках кровь русских людей.
",1.0
"Да похуй вообще. У хохлов видел что?
",1.0
"Гуру будет презиком Почему будет ? Он и так ещё тот гондон.
",1.0
"Этим писюном переебали столько тян, сколько ты за 10 жизней не переебёшь.
",1.0
"Это типичный белый мужчина. Запомни, чурки Кавказа это однорасцы с хохлами и русскими. Ориентация у них тоже пидорашкинская.
",1.0
"Вот так власть борется с настоящим инакомыслием.
",0.0
"Пиздец дёшево все равно. 1000 рублей час за симпатичную и чистую оксанку. В России хохлухи только за отсос от 500 рублей берут, да и то - крокодилы на трассе.
",1.0
"Ты просто шизик. Скройся.
",1.0
"Сука, как же я обосрался с этого шерлока, до слёз блять
",1.0
"Почему в спидорашке так много красножопых? У русни как и у латиносов какое-то странное влечение к грязным штанам и сапогу в жопе.
",1.0
"Если что-то выглядит как лахта, гавкает как лахта и дергает себе анус как лахта, зачем искать под кроватью шизиков, это по факту лахта и есть.
",1.0
"Проверим Ватоадмина хамство Чек, постоянно перебивает гостей стримов чсв Чек, просто в каждой бочке затычка любовь ходить в гости без приглашения Наверняка любит, но из-за вежливости не ходит. ватность в терминальной стадии Ну тут и говорить не о чем. Всё сходится.
",1.0
"А вот и шизики из зогача протекли
",1.0
"Тито на них нет! Усташей, албанцев - косоваров, босняков - ублюдков, они не судят, курвы!
",1.0
"Какие же хохлы незалежные дегенераты, пиздец просто.
",1.0
"САМ ЖЕ НАНЯЛ САМ ЖЕ ПОЖАЛОВАЛСЯ СМОТРИТЕ, Я НЕ ПОЛИТИЧЕСКИЙ ПЕДОФИЛ! ТЕПЕРЬ ВЫ ВИДИТЕ?! ВИДИТЕ?!?!
",1.0
"И добавлю, что важно понимать отличие монополии от абсолютной монополии , ибо последняя крайне мало вероятна в природе, как и абсолютная конкуренция которая вообще по своей сути представляет коммунизм в чистом виде .
",0.0
"С начала года свыше 40 тысяч россиян объявили себя самозанятыми, однако вскоре столкнулись с блокировками своих счетов со стороны банков, которые запрещают физическим лицам использовать личные счета для ведения бизнеса. Об этом пишет портал Banki.Ru. По словам налоговых экспертов, кредитные организации не всегда знают, как квалифицировать деятельность самозанятых. Они получают доход на свои личные карты, хотя использование счета физлица для предпринимательской деятельности обычно прямо запрещается в договоре обслуживания. В итоге самозанятые россияне столкнулись с блокировками счетов. Человек открыл счет, и в итоге ему счет заблокировали и карту тоже. При этом ему не могут открыть счет как индивидуальному предпринимателю (ИП), потому что для этого необходимо предоставить свидетельство о регистрации в качестве ИП. А самозанятый в ЕГРИП Единый государственный реестр индивидуальных предпринимателей не регистрируется, там уведомительный порядок , - рассказал глава комитета по налогам московского отделения Опоры России Сергей Зеленов. По его словам, с такими сложностями недавно столкнулся клиент Сбербанка из Рязани. Еще один бизнесмен из Красноярска рассказал, что его личные счета оказались заблокированы из-за подозрений в нарушении антиотмывочного законодательства. В судебном споре со Сбербанком он пытается доказать, что переводил деньги на свои карты из-за специфики бизнеса. Вчитавшись в условия обслуживания счетов физлиц, мужчина обнаружил странное противоречие: самозанятый гражданин может принимать деньги от физических и юридических лиц на счет физического лица, используя его в предпринимательских целях, что прямо запрещено законодательством. Согласно определению Минюста, самозанятые граждане ведут предпринимательскую деятельность на личном участии . Они не зарегистрированы в качестве ИП, но сообщили о своем бизнесе в налоговую службу. При этом в федеральном законе не указано, что операции самозанятых являются предпринимательской деятельностью, в отличие от индивидуальных предпринимателей. В то же время множественные переводы от других физлиц или компаний, характерные для самозанятых, могут настораживать руководство банков, а тарифы на обслуживание для физлиц ниже, чем для предпринимателей. По данным Федеральной налоговой службы (ФНС), к середине марта число самозанятых в России превысило 40 тысяч человек. Глава ведомства Михаил Мишустин связал успех с появлением налога на профессиональный доход. С 2019 года россияне, работающие на себя, могут перейти на новый режим налогообложения при соблюдении ряда условий. Среди них, например, доход до 2,4 млн рублей в год и ведение деятельности в четырех экспериментальных регионах. Этот налоговый режим могут выбрать и индивидуальные предприниматели, которые, впрочем, должны будут по-прежнему проводить операции по счетам, открытым для ИП. Новый сбор можно уплачивать с помощью специального мобильного приложения Мой налог . В пресс-службе ФНС пояснили, что по закону самозанятые не обязаны уведомлять банк о своем статусе и не ограничены в том, как получать доход: наличными, переводами на счет или на карты. Юристы отмечают, что под контроль банков не попадают операции на сумму выше 2,4 миллиона рублей в год, или 200 тысяч рублей в месяц, однако в дальнейшем ситуация может измениться. По словам экспертов, кредитные организации формально не требуют от самозанятых сообщать о своей деятельности, но советуют сделать это, чтобы снять риски, связанные с непроведением операций по счету клиента. Для этого физическому лицу стоит направить в банк уведомление о работе со счетом в режиме самозанятого. Кроме того, банки могут в любой момент потребовать у клиента объяснить характер финансовых операций в рамках 115-ФЗ. Если самозанятый не сообщил в кредитную организацию о своем статусе, банк не узнает, для каких целей будет в дальнейшем использоваться счет, и нетипичные операции сразу вызовут подозрение, что может стать основанием для блокировки транзакций, дистанционных сервисов, карт и счетов. В дальнейшем клиенту может грозить расторжение договора о банковском обслуживании и занесение в черный список. Представители Альфа-банка , Тинькофф банка , Совкомбанка и Росбанка заявляют, что риск блокировок невелик, а российское законодательство распространяется на всех клиентов, в том числе на самозанятых. Альфа-банк и Тинькофф банк уже внесли в свои договоры изменения, согласно которым операции клиентов, связанные с осуществлением предпринимательской деятельности с применением налога на профессиональный доход, разрешены как для физических лиц, так и для индивидуальных предпринимателей. Однако для подстраховки специалисты советуют открыть отдельный счет, на который будут поступать только доходы, связанные с бизнесом: все поступления на выбранную карту будут учтены как средства от профессиональной деятельности и на основании этой суммы будет рассчитан налог. Не исключено, что в дальнейшем старые договоры обслуживания перезаключаться не будут, а новым клиентам - самозанятым предложат усовершенствованные соглашения. Напомним, закон о налоге на самозанятых был подписан в ноябре прошлого года. Под самозанятыми понимаются граждане, не имеющие работодателя и наемных работников, но предоставляющие услуги или создающие некий продукт, доход от которых составляет не более 2,4 миллиона рублей в год, то есть не более 200 тысяч рублей в месяц. Закон вступил в силу с 1 января 2019 года в Москве, Подмосковье, Калужской области и Татарстане. Если эксперимент пройдет успешно, его распространят на всю Россию. Эксперимент продлится до 2029 года. Закон предполагает, что работающие на себя граждане будут платить налог в 4 от дохода. Если же заказчиками самозанятого выступают юрлица или индивидуальные предприниматели, то ставка налога составит 6 . С нарушителей нового налогового режима в первый раз будет взыскиваться штраф в размере 20 от суммы, на которую не был выставлен чек (но не менее 1000 рублей). В случае рецидива будет отниматься 100 дохода, который не был официально учтен. При этом штрафовать будут только зарегистрированных самозанятых граждан. Ряд исключений, прописанных в законе, не дадут перейти на новый налоговый режим лицам, торгующим подакцизными товарами и товарами, подлежащими обязательной маркировке. Не подпадают под закон также лица, осуществляющие перепродажу товаров, имущественных прав , а также те, кто занимается добычей или продажей полезных ископаемых. Кроме того, на эксперимент не смогут перейти арбитражные управляющие, медиаторы, оценщики, нотариусы и адвокаты частной практики. Участники эксперимента освобождаются от уплаты налога на доходы физических лиц (НДФЛ) в отношении доходов, полученных от профессиональной деятельности. Также они не уплачивают НДС, за исключением ситуации при ввозе товаров на территорию РФ. Ожидается, что 63 от введенного налога будет направлено в региональные бюджеты, оставшиеся 37 - в бюджет Федерального фонда ОМС. Налоговый режим для самозанятых может распространиться по всей России не ранее 2020 года. К тому времени особый режим налогообложения обретет статус отдельной статьи в Налоговом кодексе и уже не будет считаться экспериментом. Согласно Налоговому кодексу, к услугам самозанятых относятся, например, уход за детьми, уборка, ремонт одежды, репетиторство, парикмахерские услуги, педикюр и маникюр на дому, проведение экскурсий. По оценкам Минтруда, в России 12 млн самозанятых, эксперты называют цифру в 20 млн. Подробнее:
",0.0
"Вот с этого На видосе другой чел, просто похож
",0.0
"Пыня тоже геноцидил чеченцев во вторую кампанию, потом геноцидил грузин, сейчас геноцидит украинцев. Где бомбардировщики НАТО?
",1.0
"Блять, с посадкой на бутылку и Чечнёй это уже пиздец какой-то. В чём прикол, объясните? Тверк или усы гитлера это ещё можно понять, а эта хуйня какие эмоции должна вызывать???
",1.0
"А Аргентина не дно разве как и остальная латинопиндосская параша? Там в отличие от расейской параши хотя бы климат норм. Ну а вообще, с её деньгами, в любой дыре жизнь будет раем казаться.
",1.0
"Про элегантные и релевантные похороны было куда лучше.
",0.0
"руссошвайне искренне верит в мечтающих прихода хрюске мира русских людей истребляется самими этническими русскими и русскоязычными на республиках экс-совка продолжает искренне верить в мечтающих прихода хрюске мира русских людей
",1.0
"Похрюкай мне тут, животное немытое.
",1.0
"Вау, да сегодня годовщина же! Самобился таки, так еще так хитро, со связанными за спиной руками.
",1.0
"Даёт в жёппу хачам и прочим ниграм
",1.0
"Казимирко вроде писал книжечку, про дегенеративные и маргинальные идеологии, интересно он себя вместе с Егоркой, Каминцом и прочими внесет? Если не внесет будет непорядок.
",1.0
"Россия изменяет систему экономической отчетности. Результаты улучшаются После нескольких лет снижения показателей, свидетельствующих о падении уровня жизни в России, российская служба государственной статистики приостановила выпуск своих ежемесячных отчетов о реальных доходах населения или доходах, скорректированных с учетом инфляции , - сообщает The New York Times. Экономисты уже настороженно следили за службой, которая называется Росстат, после того, как в декабре был назначен новый директор - вскоре после того, как президент Владимир Путин раскритиковал то, что он назвал плохим качеством государственной статистики. Последовал поток новых, оптимистичных экономических данных. Новый директор Павел Малков пересмотрел данные по валовому внутреннему продукту за последние годы, чтобы показать, например, что на самом деле 2016 год не был годом рецессии в России, но продемонстрировал умеренный рост , - сообщается в статье. В прошлом месяце агентство обнародовало свою оценку роста в 2018 году, согласно которой экономические результаты оказались лучшими за шесть лет: рост на 2,3 процента, что намного выше единодушной оценки независимых аналитиков в 1,7 процента. Даже экономисты российских государственных банков были настроены скептически. Служба объяснила значительную часть неожиданного роста случайным бумом строительства в декабре , - пишет газета. Росстат преподнес много сюрпризов , - сказал в телефонном интервью Владимир Тихомиров, главный экономист BCS Global Markets. Пересмотренные версии и отчеты с показателями, превышающими независимые оценки, ставят под сомнение то, является ли это чисто статистическим событием или приукрашиванием статистики, чтобы показать немного лучшую картину . Как пишет издание, прекращение ежемесячных обновлений информации о реальных доходах стало новым намеком на манипулирование статистикой . Реальные доходы снижались каждый год с 2014 года, хотя в 2018 году был бы отмечен незначительный рост, если бы не разовый бонус, выплаченный пенсионерам в предыдущем году. В среду служба опубликовала свой первый ежемесячный отчет без данных о реальных доходах , - указывает издание. - Игорь Ваган, представитель статистического агентства, отрицает, что за изменением методологии кроется какая-либо политическая мотивация. Теперь агентство предлагает публиковать данные о доходах ежеквартально или ежегодно .
",0.0
"Решил сразу реабилитироваться и залил видос с Александром. Но уже поздно, канал хрюкана зашкварен навсегда.
",1.0
"любой пидораха Они и сейчас так делают же, без всякой конопли. Хрюкают, что сало уронили и вот это вот все.
",1.0
"ко ко ко как это экономически не выгодно? почитайте сколько денег получает регион от нологов, и соклько тратит на их ремонт. Там максимум процентов 20 натекает. и посмотрите какой бюжет у городов при пыняэкономике. На средний город в 500к народу где то 10-15 ккк рублей. Причем 50-70 это обязательные социальные расходы.
",0.0
"БЫСТРО ПИКЧУ С ЖИРИНОВСКИМ! Вахта, хуле спим, блять!
",1.0
"НУ ВСЕ, сука говго щас модераторам пишу твою тему удалят нахуй к хуям говняным
",1.0
"1. Старбакс понижает цены 2. Старбакс скупает точки обанкротившихся кофеен 3. Старбакс повышает цены. 4. Никто не может с этим ничего сделать, потому что выбора нет. старбакс диктует свои цены и правила. В этом задача анти-монопольной службы в том, чтобы не давать скупать монополиям критичные ресурсы.
",0.0
"Двачую 127 Не думал, что на дваче СТОЛЬКО дегенератов
",1.0
"Шинка, ты чего без аватарки сегодня?
",1.0
"Двачую, заебал сил нет. Нахуй изгнать обоссаными тряпками
",1.0
"ЕМЕЛЬЯНЕНКО БЭЙДЕР ПРОГНОЗ СТАРЫЙ МЕРИН ПРОТИВ МОЛОДОГО АМЕРИАНЦА 26 ЯНВАРЯ 2019 ГОДА
",1.0
"Со второй проиграно кто вас изнасиловал арабы вы расистка!
",1.0
"Суть: Росстат политизирован на 200 и выдаёт новости какие надо первому каналу А какие ты новости то хотел ? Независимых сми здесь нет...Что скажут -то и вещают .Демократия епт
",0.0
"Лучше бы натаху пырнула чем няшную азиаточку-богиню, ведь мерзких натах никому не жалко
",1.0
"Да там русачков достаточно живёт и они временами совершают преступления, но чёт не слышно про митинги и погромы русни. Наверно, потому что из 1000 русских и 1000 якутов будет 1 преступник, а из 1000 киргизов будет 400 преступников, не?
",1.0
"Двачую, непонятно откуда столько хохлов в последнее время набежало. После деанона активизировались или из соседних раковых тредов на этой доске?
",1.0
"а ты откуда Только что из пезды твоей мамки.
",1.0
"Как же обоссаная путинская власть всего боится.
",1.0
"Ебать злые москали кожу на его лице испортили
",1.0
"Эти существа - максимум на трансветитов тянут, вот что я хотел сказать. И то крайне жалких
",1.0
"Перед барином выслуживаешься холоп?
",1.0
"Правильно, у рузке особый путь с духовностью и спидом как у негров, к черту этих белых идиотов, предлагаю всем русским обмазать себя углем чтобы не ассоциироваться с белыми. И правда, мы граничим, торгуем и путешествуем по белым странам, без которых бы эта страна превратилась в нищую помойку с технологиями уровня 19 века. Какие же ебаные дегенераты иногда открывают свой рот, уверен что ни у немцев, ни у поляков с французами даже и в мыслях нет зачем нам эти белые, мы не белые, особый путь кукареку , брысь отсюда дугинистское червеобразное.
",1.0
"Зачем Толик посылает Ньюс Ван отстаивать свои права в гейропейские организации, почему сам этим не займётся, за гонорар конечно, он все ходы знает, и вообще там живёт, они сейчас пошлют какого-нить рохлю, он там будет пыкаться-мыкаться.
",1.0
"Ебать даун. Ментам звони и вcе. Такие выходки обычно заканчиваютcя твоей инвалидноcть, а пизда о тебе забывает в ту же минуту, как вcе для нее заканчиваетcя c благоприятным иcходом. Еcли захотят, аноны, то накидают тебе таких геров хуеву кучу, поcмотришь и подумаешь над cвоим поведением, опущенец. Так что никому твой петушиный героизм не нужен. Оcобенно твоей мамаше, которая потом будет тебе вcю жизнь жопу подтирать.
",1.0
"Бля такой очевидный маня мир хохло, пиздец прям клюква какая та.
",1.0
"Абсолютно нет. Я все это видел и читал тысячу раз с намного более приятной подачей. И знаю про историю серии, игры, их разработку и фандом намного больше какого-то хуя с горы да ещё и без харизмы.
",0.0
"Такой себе Антихрист для русских
",1.0
"Он и про деньги ноет, хотя получает невероятные для большинства россиян 150-200к в месяц
",0.0
"Но это же объективно хуита. Вторичностью так и веет, эта песня как и все остальные его песни не дали ничего нового для музыки.
",0.0
"никто не говорит что порвана смысл новости в том что росстат генерирует ложь
",0.0
"Ты какой-то ебанутый. Назначил автора неприятного тебе поста жидом и перенесся в свой манямирок с жидами под кроватью, Рэмбо комнатный рыночный. Узбагойся, не все думающие как ОП - жиды.
",1.0
"адекватную критику ряяяяяяяяяяяяяя, нипакниге, совок был раем, сценаристы наркоманы и извращенцы, монтажеры криворукие.
",1.0
"Вместо того, чтобы гнать мюслей и пидоров нахуй, русня, как обычно не видя никаких иных вариантов, стала копротивляется за муслимского барина. Похоже кое у кого любовь к бутылке в крови.
",1.0
"Ну да. Да он всегда русским и красивым был, как и весь Юго-Восток 404-ой.
",1.0
"Найти новость о посадке с двача вряд ли можно (хотя я не пробовал), а вот о посадке с ВК можно, и много.
",0.0
"Капитализм не может без рекламы, то есть обмана и одурачивания. Против любых сомнений разворачивается лютая бешеная истерия. Страны социализма жили вполне нормально. Все замайданившие ничего хорошего не получили, светлое капиталистическое будущее оказалось фейком.
",0.0
"Штаб Коммандера Это ты где такое животное нашел?
",1.0
"80 миллиардов долларов США В 40 раз больше бюджета на науку в пидорахии.
",0.0
"Свиногитлер пишет, как обиженная любовница ночь с которой променяли на пивко с друзьями.
",1.0
"Эдвард Билл вас в жопу бил? Ыыыыы мазафакка сука
",1.0
"А ты думал белый хлебушек, сахар, пельмешки с майанезиком, сигаретки и сиська пиваса вечерком проходит бесследно? Ну тащемта да. Питание никак не влияет на внешность. Там только гены и немного гормонов. Так что твой беби фейс это не более чем следствие низкого тестостерона.
",1.0
"Сисянофилы и хрюканы рвутся с оглушительным треском.
",1.0
"Нормальное рыночное поведение - поиск минимальной цены. Нет. Алсо теорию рационального выбора давно никто не котирует, почитай что-нибудь современное, а не маркса что ли.
",0.0
"А какое отношение Россия имеет к хохлотреду? И какое отношение новости из твиттера имеют к кукареканью опа?
",1.0
"Первая заявка на победу в треде! Кемерово теперь славный город Пыня. Если появится другой претендендент - Кемерово станет Пыня-1, закрытое территориальное образование по типу Челябинска-40.
",0.0
"Ну на ютюбе же по запросу светов Я посмотрел. Спасибо, что подсказал. Какие-то они странные.
",0.0
"Зато не бесхребетными подстилками мусульман. Быть толерантным - не значит быть подстилкой. Быть расистом еще хуже.
",1.0
"просто выражено будет это в обозначенном тобой превосходить конкурентов И это как раз является монополией здорового человека. Можем даже обратиться к истории - рынок, ясное дело, не совсем свободен, но в какой-то момент айфон завоевал 90 рынка. От этого андроид охуел и начал подтягиваться. Сейчас, ЕМНИП, айфон - лишь 60 рынка. И это, в отличие от исключительного права , не является инструментом насилия, посему не противоречит ни либертарианству, ни рыночной экономике. Да и вред от такой монополии является временным - до момента, пока конкуренты не перетянут к себе долю рынка. Так что такую монополию рыночек порешает. А вот монополия с исключительным правом - это уже удел государства, и ее рыночек порешать уже не может, так как вмешательство и анальные регуляции. Давайте тогда уж договариваться о значении терминов заранее, чтобы не происходило такой путаницы.
",0.0
"Петушарий проплатил создание раздела для пиара? Иначе какого хуя его еблет в бэ и первый пост в этом разделе?
",1.0
"А что ей написать? ХИККАНУ ДАЛА ПИСКУ ЕБАТ?
",1.0
"Жечь живьём вас скоро блядей антироссийских будет, рвать на куски.
",1.0
"У норм людей как минимум два туалета, на первом и втормо этаже дома.
",0.0
"Ты что, умственноотсталый долбоёб? Россия тратит государственные деньги на всякую КУЛЬТУРУ, создание ФИЛЬМОВ, СЕРИАЛОВ, МУЛЬТФИЛЬМОВ, НОВОСТИ и прочее. Соловьёв ведёт ТВ-Шоу, во время ТВ-Шоу показывают рекламу, 1 минута такой рекламы оплачивает зарплату Соловьёва. Потому что именно благодаря Соловьёву у передачи высокие рейтинги, а значит количество заказов рекламы и её цена зашкаливает в космос. 24 миллиарда рублей телеканал получает с рекламы. Так что Галкин прав, Соловьёва оплачивает ПРОДАННАЯ ИМЖЕ реклама, а не налогоплательщики.
",1.0
"Хуйлан, который пеарился на ПарашаТудей за деньги. Такая же диванная отбраковка, как Осташко и прочая пездобратия. Тупой, нихуя не понимает, умеет только темники из какогонить калограм канала перечитывать, конъюнктурщик.
",1.0
"Про рыбу с головы - ни слова Значит в другом видосе, в ютубе ищутся, точно есть такое
",0.0
"Хули ты до него доебался ?
",1.0
"Жесть, этой биомусорке еще кто то донатит?
",1.0
"И откуда ты высрал про нулевой постинг? С дойкодибилом у тебя заебатый постинг? Может вы на пару эту хуету пишите? Два хуесоса, блять, больных на голову.
",1.0
"Соколовский У этого татарчонка комплексы? Стыдится своей фамилии Сайбабталов?
",1.0
"А потом получить лет 20 за такой уход от налогов, ну например в США, да?
",0.0
"Да пусть уже конфликт назреет, хоть будет повод выпизднуть всех чурок из рашки. Давно нужна расовая война белых с небелыми.
",1.0
"Зачем тогда такому иррациональному человеку добиваться власти? Иронично, что если у Егора все получится, сработает тейк Казимирко что в демократии к власти приходят не самые квалифицированные люди.
",0.0
"Ну ты блядь и тупой. неудивительно что ты его смотришь По твоему умереть можно только физически? А вариант творческой ментальной смерти не рассматривается? Когда человек, когда то делавший позитивный контент (в смысле то, чего не было), переходит исключительно на негатив и просто из раза в раз гадит и больше ничего не делает. Становится антиподом предыдущего своего образа. Это чем является? До того как нарисовался ваш внук, все было гораздо лучше. Оставалась надежда, что у него все хорошо и когда нибудь он вернется. Но теперь понятно, он умер, и надеяться не на что. Помянем, Аншабдуль.
",1.0
"Звонишь в полицию, говоришь адрес заведения, хули ты как пидорашка? И ничего не будет.
",1.0
"Мать дизайнер, родственник пластический хирург, а брательник моряк дальнего плаванья.
",0.0
"Предлагаю вашему вниманию поэтические страницы маестра. До тридцати сиянье чуда В тебе, быть может, будет жить Улыбки нежность неоткуда Тебя заставит не забыть Потом морская синь, дороги И быт усталый и глухой Тебя доедут до берлоги И в старость уведут рукой Останутся со мной мгновенья Недокасанья юных рук Недосознанье упоенья Былой любви к тебе, мой друг. 6.03.07. АПОЛОГИЯ ДВИЖЕНИЯ. Среди чернеющих небес Себя найдешь на улице Бредущим по городу Где только снег идет Как ты Другое все иного направленья И сотни тысяч стен домов Тебя встречают В ужасе Ты страшен Поскольку ты идешь Они стоят Тот кто идет всегда опасен И одинок Как этот снег Как эта ночь Огромная удача Что ты не видишь Как ты одинок Но ты уснешь Как это небо станешь Великой темнотой Луна звенит И звезды опадают Как снег, как листопад Куда-то вниз Туда где ты Страниц не различая Запишешь их Листву и звон от звезд И песни стон и лунное дыханье На маятник повяжешь низ Чтоб верх по стрелке шел вперед И только так достигнешь ты себя Своих богов, своих детей Своих последствий И выбор сделаешь на пользу лишь себе 8.03.09. ЧЕЛОВЕК. Такое длинное мгновенье: А дальше эхо и забвенье Что надо нам успеть За этот срок недолгий? Спросить себя: Ты кто? - И дать ответ; Но главное влюбиться: Чтобы ответ мог подтвердиться. 9.01.10. ЮНОСТЬ ПОЭТОВ. Я срезал стебель для своих утех Я гений Значит правом данным от начала Я выбираю жребий тех Кто нужен мне для счастья и причала А, может, для страдания Как агнец богу на закланье На пир души и хищной, и прекрасной Веду я за руку фантомы красоты И каждый ты живешь лишь в мере той Что под руку со мной ведет тебя судьба слепая Ты значим лишь в моих глазах Ты существуешь только как моя болезнь Как озеро испившее нарцисс Как призрак сна настигнувший меня На кромке заколдованного лета Знайте, юность саван воскрешенного поэта 10.02.09.
",1.0
"ага, только вот тогда не было омеганов и ноулайферов. Да бля, даже 10 лет назад, когда еще инет не стал массовым, все были социально-активными, ноулайферов вообще не было. А с этим сраным инетом (дадада я сам в нем сижу, взаимоисключающие параграфы), появилось огромное количество затворников. Ну и инет в целом плохо на моральные качества влияет.
",0.0
"для Нато что казахи что какелы это говно с которым всерьез никто из уважаемых белых людей дела иметь не будет. Максимум - выразят озабоченность. а сам понимаешь обезьянка - без белых людей вы просто стадо и никакой угрозы не представляете
",1.0
"Говно-в-Моче.jpg Впрочем, от хуяндуксодебилов, другого и не ожидалось.
",1.0
"Я же говорил, что не сижу на дваче. Это не я писал.
",1.0
"страна-пидор в своём репертуаре
",1.0
"ТРЕД РУССКОГО НАУЧПОП КОНТЕНТА УБЕРИ НАХУЙ СВОИХ ПЕТУХОВ ОТСЮДА, ШКОЛЬНИК ЕБАНЫЙ
",1.0
"Навальный русский Батя еврей, мать хохлуша. Внатуре русский.
",1.0
"В селе Кобцы Киевской области правоохранители обнаружили и ликвидировали подпольный цех по производству поддельного алкоголя. Об этом в четверг, 21 марта, сообщает пресс-служба прокуратуры Киевской области. Суррогат изготавливали путем смешивания спирта с водой. Полученную смесь злоумышленники фасовали в упаковку по типу Bag-in-Box и картонные коробки с надписью одной из известных торговых марок , - говорится в сообщении. Во время обыска было обнаружено оборудование для изготовления, розлива и фильтрования фальсификата, 15 бочек со спиртом весом 1650 кг каждая, ящики с готовой к реализации продукцией, пустую тару, подготовленную для заполнения контрафактным алкоголем, товарно-транспортные накладные и грузовое авто. По данным правоохранителей, поддельный алкоголь распространялся на территории Киевской области. Продолжаются следственные действия и устанавливается стоимость обнаруженной продукции. Ранее также сообщалось, что в Киеве обнаружили крупнейшую нарколабораторию психотропов. А на прошлой неделе в пригороде Харькова правоохранители выявили подпольные цеха по изготовлению ликеро-водочных изделий, на которых изъяли более двух тысяч литров фальсификата.
",0.0
"Оправдываешь снова, Дешёвку Соколова? Лжеца и проходимца, Правительства любимца? Маэстре не завидуй, Ты вша, букашка, гнида. Ты можешь долго злиться, Но Женя извинится. Он не отвертится, когда Придёт решение суда. Придётся Жене зачитать, Что он любитель много врать И Соколов - красавец, А Женичка - засранец. извинится Маэстро не сломаешь, Судом не запугаешь. Не на того нарвался, Ты Сокол-петушок. Вы скоро ужаснетесь, И жидко обосрётесь, Олега Соколова, Увидев без порток. Не на того нарвался, Ты Сокол-петушок. А ты в конец заврался И с рифмой обосрался. К тому же ты совсем забыл, Что гуру ролик удалил. И в дальние он страны Готовит чемоданы. И в дальние он страны Готовит чемоданы. Не может быть двух мнений, Не будет извинений. Уйдёт не ждя ареста, Ебал вас в рот маэстро.
",1.0
"БЛЯ РЖАЛ КАК ЕБАНУТЫЙ ЭТО ЧЕ ЗА ХУГЙ?
",1.0
"Год обучения в среднем стоит 40к.
",0.0
"Михаил Ходорковский - патриот России!
",1.0
"Забанил тебе за щеку Мимо-Абу
",1.0
"Возможно он и подлил масло в огонь Это неприемлемо для модератора, это абсолютная неадекватность менять обычную шапку на откровенный флейм. Он трет всё обсуждение текущего фильма марвел к тому же. Это абсолютно ангажированный неадекват, если того факта, что он подобным образом отредактировал шапку недостаточно, чтобы лишить его полномочий, то я даже не знаю насколько эта борда уже пробила дно.
",1.0
"Эти пидорасы не видят разницу между реальной агрессией и иронией. Комментаторы с раша тудей, одноглазников или пикабу фору любому порашнику из крымозагона дадут.
",1.0
"В который раз убеждаюсь, что с идиотами нельзя разговаривать как с нормальными людьми. который обосрал их игру Я её ни разу не запускал.
",1.0
"Принципиально не плачу за контент. Все, что ушло в Сеть - должно быть бесплатным. Это нематериальная херня, ее нельзя съесть или обогреться, менять бабло на иллюзии зашкварно
",0.0
"Вопрос в том, почему капитан не предположил такой вариант использования торпеды, весьма очевидный даже для меня-гражданского.
",0.0
"советского выпуска пожилое быдлецо На Усраине совкопенсионеры давно передохли
",1.0
"Как будто не может человек пошутить. Тем более, доебываться до рекламы странно, он же не делает это как большинство блогеров, пытаясь в естественность, а честно говорит: сейчас будет реклама, да и старается её сделать необычной, это ведь тоже искусство своего рода. А не будет рекламы - не будет остального, потому что работать без денег так себе удовольствие
",0.0
"реквестирую видео марго где он кричит Я НЕ ЧМО Я НЕ ЧМО с меня сотни нефти
",1.0
"Так у того анана небось бабка хохлуха или с Ростовской области. Там леса нет толком, поэтому топят всякой лузгой от семечек и кукурузными кочерыжками.
",1.0
"ВЕСЬ МИР С НАМИ - прохрюкала нищая пидорашка, но никто не обратил внимания
",1.0
"Ну он по делу говорит, что такого? хохлоайтишник с ФОП
",1.0
"Что за Лахта? Этот шизофреник опять бредит. Думаешь, если ты, скот, РАБ отаешь на своём ёбаном заводе, то и все такие же рабы? Я лишь получаю проценты с твоего труда , лол.
",1.0
"ты ему про аномалии, а он тебе ПРО ХАБАР Ей, а она тебе про хабар. Тут в тред очевидно залетела фемка или куколд-кун, у которого только половые признаки мужские. И в лучших традициях рунет-войн феминизма, они даже в интернете не могут в борьбу, только в своих закрытых фем-помойках. Я ей про то что не хуй говно вбрасывать про ВЫРАВНИВАНИЕ ЗП , и пытаться выставить их блядо-цирк адекватным движем, а она видетели до конца мою пасту не прочла, весь тред прочла а пасту не прочла, там не больше 20 сек. читать и улавливать суть этого т.н. феминизма , а оно Дальше не читал. Попробуй еще раз Аргументный аргумент хуле
",1.0
"Привет, политач. Пять месяцев назад я был юристом и подскакивал кабанчиком в арбитражные суды. Бывали очень успешные по деньгам периоды, но в целом надоело. Теперь я пишу на C , комфортный коллектив, интересные задачи. Даже если в России наступит очередной полярный лис, программисты не пропадут, потому что в отличие от юристов не привязаны к локальному рынку. Может быть, найдётся работа за рубежом. Может быть, жизнь в России станет лучше. В любом случае, у меня есть план на будущее, чего и вам желаю.
",0.0
"что генетически русские ебать даун
",1.0
"смотрите, националистов, хачей, у меня, честно, свою страну, ололо, по щщам. Когда европейца, мусульман, нет, здоровая человека - араба за прав, поправьте. Поправил.
",1.0
"А как же глянуть звонок, если стрима нет? Извините, я дурачок
",1.0
"А теперь покажите семью которая приняла хохла беженца бегущего от зверства путина на драмнбасе.
",1.0
"Найдем Пошел нахуй. Не твоя личная армия (специально старой фразой ответил, чтобы вскукарекнул кое-кто про Лурку) .
",1.0
"Егор это медиакорм, а не какое-то лицо русского народа. Есть же НДП !
",1.0
"Вдруг бумажного пакета будет недостаточно.
",0.0
"Началось все, когда он уехал в Тайланд на довольно длительный срок, на месяц или больше, по-моему в 14 году. В тайланде скетчи не выпускал почти. Да и ему просто перерыв нужен был, на тот момент где-то 1-1.5 к видосов было. Альсо некоторые скетчи были действительно забавны. Помянем.
",0.0
"Не знаю, я читал только электронную. Бумажная у меня как предмет искусства, артефакт эпохи.
",0.0
"престарелый доцентик-завистник, таскающий чужие идеи Женичка после судов, похоже, уже ссытся называть фамилии. постепенно будут оформлены веселые ролики
",1.0
"Можешь ты заднеприводный, доебывать человека еще будешь, чертила
",1.0
"Этот прав. Какой-то однобокий скрипт получился, хохловатый даже.
",1.0
"А что она сделала? Просто стоять рядом - за это в Рашке не сажают. Пока.
",1.0
"Коммунисты и либертарианцы братушки, а Светов проплаченный пидарас.
",1.0
"Почему он перестал делать звонки? Можно ли сейчас заказать звонок?
",0.0
"Напомните почему все арабские страны пытаются пидорнуть евреев аж с самого их создания? Жиды там говно заливают арабам или просто у мюслей случился бомбаж от появления нового игрока на поле?
",1.0
"Первый раз воспользовался этой конченой кнопкой. Двачую этого
",1.0
"Вороватый барыга решил напарить бабок, голосующих за Барина, и спиздить бесплатный хавчик, пока никто не видит. Но не тут-то было, бдительные Стражи Роспотребнадзора вовремя схватили негодяя за руку!
",1.0
"Ну в стриме по ранним славянам он достаточно много подъебывал вышиватников и древних укров.
",1.0
"Сука, заебали. Хватит это говно писать, каждый раз ору с него.
",1.0
"А у тебя в башке кал. Во Фрашке протестуют не рабочие, а всякое отребье сидящее на пособиях.
",1.0
"Откуда инфа, что это хохлы?
",1.0
"Канада пристанище куколдов хохлов, не удивительно что они рашку хейтят.
",1.0
"А чо с заглотуном? Потух?
",1.0
"Как же много бушных лад за 100 тысяч то, прям ваще.
",0.0
"АХАХАХАХЪХААХА Благодарю, а то так бы и не узнал, кто же там крыса, крышующая мелкие ларьки.
",1.0
"Вангую это пишет сам хуесос модер.
",1.0
"Лучше ввести в спам лист или добавить автозамену бордо-терминами типа: лизочка, полизать выебать в жопу лизочку, обидка, шизоид, скумбричка, рапунцель
",1.0
"Хохлы, плез! Один только пикрил - 8 393 005 просмотров на одном только ютубе, не считая ящика.
",1.0
"Порошенко - путинский подлиза поэтому он никогда не сделает ничего , что было бы хорошо для Украины.
",1.0
"Сурдин вещает как для малолетних дебилов Ну хз, для вката самое то. А дальше и научпоп особо не нужен а Попов как для студентов физтеха. И норм.
",1.0
"Это тральская картинка, довнич. Почитай иностранную порашу, там визгов на тему заливающих говна в жопу либерах даже больше, чем у нас.
",1.0
"И сразу же заорал с этого РАБотника.
",1.0
"нахуй ты про масквуу пишешь, напиши что построили в ростове или омске
",1.0
"Если это единственный источник дохода, то это очень мало для юэсэй.
",0.0
"вата как всегда врет все, суки! мне 55 лет?!!! я в Европпе живу а вы в мордаре!
",1.0
"Я его не смотрел последние месяца 3, так что не знаю. Тоже интересно
",0.0
"хуле они столько жрут и срут? Там ведь всего 8 километров пройти надо. С учётом, что там все же снег, то часов 8 дорога займёт плюс чуть меньше на спуск. Альпинисты-профессионалы поднимаются в день не более чем на километр, потому что более скоростной подъём для человека может стать фатальным от безумного перепада атмосферного давления и горной болезни.
",0.0
"Евгений Николаевич. Бросьте эту старую проститутку и записывайте нормальное виднюео уже
",1.0
"Куча пруфов на сайте Антропогенез.ру Их мимокрокодил-музыкант почти все опроверг, что показывает уровень выдвинувших эти пруфы
",0.0
"Сюда особо никто не пришел, анонам видимо нравится сидеть с шизофрениками.
",1.0
"Ох, лол. Это действительно странно. Так не называют. Если хохол то уже Дмытро. И то в случае если он украиноязычный. Русскоязычные хохлы имена не коверкают.
",1.0
"этот дебил до сих пор думает, что кто-то верит в его пиздёж, про то какой он бедный на самом деле? у него явно уже минимум 20 лямов рублей есть
",1.0
"Есть видео где его баба сосет?
",1.0
"Вкину свою хуиту, буду рад критике и подписчикам :3
",1.0
"Чому она хохлов так ненавидит?
",1.0
"не там чмошники сидят тока
",1.0
"Чсвышный хуесос, визжащая свинота.
",1.0
"Проблема в том, что треды удаляют без объяснения причин. И да, это проблема.
",1.0
"Батя -- хохол, мать -- русская.
",1.0
"Ты хуй, никого не волнует, что ты там имел ввиду. Дядя слишком сильно рванул вперед и надорвался. Что дальше: самолет, ракета?
",1.0
"Итого: ватники - это все, кто не окатыши. Потому что только окатыши борются с плохой властью, а остальные - не борются, либо борются не так, не достаточно или не правильно. Так?
",1.0
"Справедливо переехал мразоту, с такими прическами только так и поступать.
",1.0
"Батиков коммунисты, топят за советский союз, Ты там головой ударился, по дороге? Где он говорит, что он коммунист? Где он топит совок? В лучшем случае, за советский кинематограф. То, что он бугуртит из-за того, что совок не правильно показывают, вообще не показатель, ему и от Викинга бомбило.
",1.0
"Ваша агрессия и что мы видим. 1 буханку какого-то колхозника, а может она вообще казенная. Ну и где нищие регионы.
",1.0
"Хуй с руснявой рожей, одетый во всё чёрное крадётся ночью к мечети. Как ты считаешь, будут к тебе ещё вопросы, нет?
",1.0
"амое забавное что этого дегенерата нельзя оскорблять, иначе сгуха.. Это начало конца любого режима когда он начинает затыкать рты После этого надо проводить массовые репрессии чтобы кюудерживать авторитет как большевики но у мафии кишка тонка
",1.0
"Пидорах это украинская фамилия всего-навсего. Еще есть Пидорашко.
",1.0
"диды ебаная свиночурка типа не видна
",1.0
"Казимирко и сам как дерьмовая система.
",1.0
"Пидорашка у своего носа хуя не замечает, кек лол.
",1.0
"У пидараса понасенко плохо все таки с самооценкой. Это же надо было на Шульман наехать. Дебил возомнил себя фигурой, когда он обычный, приятный пидарас, не более.
",1.0
"амазонские выдры охуенные
",1.0
"А вот если бы дала, то осталась бы жива. Вывод: у баб мозгов как у хлебушка.
",1.0
"Лiл, хеккан тупа байтит маргинала на совместный стрим с донатами. Учитывая что у этого самого маргинала в сохраненках была сигна от этого самого хеккана - вероятность не нулевая
",1.0
"Последние среды были весьма годные!
",0.0
"та що ты им пидорам ок шным объясняешь это метать бисетр перед свинями
",1.0
"Сегодня он отдыхает, завтра подрубит стрим казино и пое, потом сразу же на следующий день микрострим казино и пое, потом два дня отдыза, не, ну а хуле, стримил же два дня подряд. Потом Ведьмака, пройдется по сайдам, окажется, что там еще много, а надо ведь и знаки вопросов зачистить, потом еще казино, потом отдых, и только потом, может быть, добьет.
",0.0
"Соснуть - это идти на поводу у быдла. (неэффективная позиция)
",1.0
"Китай построил в Казахстане дороги разве что, там где их раньше не было, чтобы по этим дорогам к Европу гнать товары.
",0.0
"Праваки же говна залили.
",1.0
"Очередная баба любит ебаться, имеет пизду и сиьки. Вот ето новости
",1.0
"Вообще очень странный капитан получается. Он думал, что торпеда неуправляемая и всё время хуячит на полной скорости? Ой как странно.
",0.0
"Очень много живет в частном секторе домах и в большинстве это не покосившиеся развалюхи, а вполне добротные кирпичные дома со всеми Так-то говно на твоем пике мало того, что нихуя не стоит, если самому делать, так еще и было собрано совками из спизженных с работы стройматериалов
",0.0
"Конечно, влияет. То, какие теории были выбраны, предопределило то, как человечество видит мир. Субъективный фактор заложен уже на урове аксиом. Не воспринимаешь эти тезисы от меня, тогда Хокинг в помощь, он об этом часто размышлял в своих статьях.
",0.0
"По моему мочух тесача один из немногих действительно модерирующих раздел мочераторов, другой в wm. Чтобы залетная порашная вегешная свинота с отца твоего выебать не руинила треды. Все мы видим во что превратилась po-раша и v-свинарня, полная безнаказанность школодегродантов и отсутствие человеческого языка.
",1.0
"Чет даже как то стыдно за хохлов. Уже даже лднр-совок стал культурно продвинутее. Скоро порох переизберется и из феодального скакнут в родоплеменной строй нахуй.
",1.0
"Че ты там мямлишь, утырок? Сопли подотри
",1.0
"А все просто, посмотрел раз, посмотрел два, а потом тебя заебывает смотреть на поделии школия. Но даже это не главная проблема, главный рак, которым изначально был заражено нефедовское поделие - это собственно сам Нифедов. Что может быть тупее того, что взрослый мужик обозревает видосик с названием Почему я не люблю школу на канале с 20 подписчиками? И ладно бы школьники несли какую-нибудь лютую смешную хуйню, нет, обычные школьные проблемы, что Марьиванна ругается, а Светка гулять не идет, но Нифедов при этом начинал кривляться, чем становился хуже этих самых школьников.
",0.0
"Более половины россиян не исключают задержки (56 ) или снижения (58 ) заработной платы у себя или у членов своей семьи в ближайшие два-три месяца, при этом 8 опрошенных уже столкнулись с реальной задержкой выплат, а 6 со снижением оклада. Об этом свидетельствуют данные опроса Аналитического центра НАФИ, опубликованные в четверг, 21 марта. Вероятность задержки или снижения зарплаты оценивается россиянами по-разному в зависимости от типа населенного пункта, в котором они живут. Так, с невыплатой зарплаты чаще всего сталкиваются жители сел: среди них примерно каждый десятый (11 ) отметил, что их работодатель уже задерживал оплату труда. Жители Москвы и Санкт-Петербурга чаще других говорят о возможности снижения размера оклада (66 ). Треть россиян (34 ) отметили, что за последние три месяца их знакомые или родственники теряли работу. Как и в случае с задержками зарплат, чаще других об увольнениях друзей или близких говорили жители сел (41 ). Мнения россиян о сложности трудоустройства в случае увольнения разделились. Каждый пятый работающий (19 ) считает, что в случае потери текущей занятости легко найдет себе равноценную позицию. Примерно каждый четвертый (27 ) полагает, что найдет похожую работу с небольшими усилиями, а каждый третий (32 ) указал, что если это и удастся сделать, то с большим трудом. Еще 20 отметили, что отыскать равноценное место работы будет практически невозможно. Наиболее пессимистично настроены работающие жители Москвы и Санкт-Петербурга: 64 полагают, что при потере работы им будет сложно или практически невозможно найти аналогичную позицию. Уверенность россиян в возможности найти работу в случае увольнения зависит от возраста. Большинство опрошенных в возрасте от 18 до 24 лет считают, что смогут трудоустроиться без проблем или с небольшими усилиями (63 ). При этом почти три четверти россиян старше 55 лет (71 ) невысоко оценивают свои шансы на равноценное трудоустройство. Репрезентативный всероссийский опрос НАФИ проведен в декабре 2018 года. Опрошено 1,6 тыс. человек в 140 населенных пунктах 42 регионов России в возрасте 18 лет и старше.
",0.0
"Вообще-то Миша потом отлизал и отсасал всем за свое правильно сделал
",1.0
"У Пердогана бомбануло
",1.0
"залетуха плиз, если ты так любишь покой, то ты бы вспомнил лето и осень, когда даун на модере тер АБСОЛЮТНО все, а так ты просто даун который очередной раз разжигаешь срач и тебе похуй на реакшены, главное просто повыебываться и посрать.
",1.0
"Несправедливый раздел Русские себе почти всё забрали АХАХАХ ТУПАЯ РУСНЯ МЫ ОБЪЯВЛЯЕМ НЕЗАВИСИМОСТЬ, А ЗА ДОЛГИ И ОБЯЗАТЕЛЬСТВА БУДЕТЕ ОТВЕЧАТЬ САМИ ЛАДНО, ТОГДА МЫ ЗАБИРАЕМ И ПРАВА ПО ЭТИМ ОБЯЗАТЕЛЬСТВАМ. АХАХА ТУПАЯ РУСНЯ БЕР Т ДОЛГИ, А МЫ БУДЕМ СВОБОДНЫМИ И ЧИСТЫМИ РУСНЯ НАС ОБОБРАЛА! РУСНЯ ВС ЗАБРАЛА! Какие же нацмены дегенераты, пиздец просто. Лживый урод, все ядерное оружие из республик свезли в квазигосударство рф .И почему такие границы, зачем к рф пристегнули столько нерусских земель? Вывезли всё ядерное оружие Что такое Беловежский Договор и зачем Украина отказалась от ядерного оружия Это так теперь называется принудительное изъятие ядерного арсенала? Настолько принудительное, что на Незалежной получали деньги от США за распил самолётов Белый Лебедь с записью на камеру. Нацмен, ты прежде чем срать, попробовал хотя бы изучить историю.
",1.0
"Я азер-кун из Кубани, здесь полно деревенского быдла, но кавказцев они боятся. Как-то мы отпиздил толпу русских кубанцев, так они убегали от нас, бросая своих тянок лол
",1.0
"я не ебаная русня Ну, либо ты пиздишь в том, что по открытому пиздабольству детектятся именно русские, либо ты пиздишь про то, что ты не руссачок. В любом случае, ты обоссаный пиздобол, не могущий в дискуссию и аргументы.
",1.0
"блядь, фу. конце он свой хуй облизывает
",1.0
"по вам будут всю нацию судить. Это удел дегенератов. Сам себя научился вести, русиш швайн?
",1.0
"ГЫЫЫЫЫ ТУПЫЕ ДЕТИ ПАДПИНДОСНЕКИ ЛИШ БЫ НА ХУИ И ЖОПЫ СМОТРЕТЬ НЕ ТО ШТО У НАС ГЛУБОКЕЙ СМЫСАЛ ДимЮрич, уебывай-кв на свой тупичок и желательно не возвращайся
",1.0
"Хохол для битья, классика. И кто это говно смотрит вообще, вопрос хохлов пукин должен был решать, а не пиздоболы.
",1.0
"За то что ты дерейлаешь такой выгодный для вас тред в сторону хохлов, тебя куратор без смазки выебет. Вон он уже идёт.
",1.0
"жид ы захватили власть в россии, уничтожили рускость... русские даже бояться говорить что они русские, боле того они считают нормальным что все олигархи жид ы, вся финансово-экономическая политика под жид ами всё сми и телевидение под жид ами у русских нет ничего, они всё отдали без боя и не желают ничего себе возвращать...
",1.0
"Внезапно двачую этого похряка.
",1.0
"А хули ты свиносотенный хрюн здесь прохлаждаешься? у тебя жеж вiборы на носу, тебе працувать надо вна пораше, скачи туда, пока 5хрювен вместо твоего пятака не заработал более старательный пидорашко
",1.0
"Познакомил меня с индустриальным майном.
",0.0
"Ну так это проблема исключительно ДС и Парижа. В 30км этническая ситуация серьезно не поменялась за 30 лет. И еще за 30 лет не поменяется. Столицы конечно самые богатые города и центры власти в европейских странах но я не думаю что в приемушественно белой Франции или России небелое меньшинство сможет оказать серьезное влияние на политику всего государства.
",0.0
"Проигрываю от того как он хуесосит постсовок. Брызжущая слюной русофобия.
",1.0
"Парфен всегда очень тонко макает хохлов в помои, да так тонко что они аплодируют и просят еще.
",1.0
"Я хочу майдан на Украине и люстрации по всей стране
",1.0
"Почему от тебя так смердит впарашей?
",1.0
"внезапно стас слил маргинала сегодня ваш день ребята
",1.0
"Просто напоминаю, что весь топ рунета был создан вот этими двумя людьми: Владиславом Сурковым и Кристиной Потупчик. До сих пор, все из топа ютуба кормятся в АП.
",0.0
"я как заметил, 99 антикоммунистов - малолетние долбоёбы-мамоёбы, без аргументации, с гринтекстом, прямиком из каналов Свнтова, Варламова и прочих невежд и хуесосов
",1.0
"Сказочный дегенерат просто.
",1.0
"Какое мерзкое у нее выражение лица.
",1.0
"Правила и модераторы отсутствуют. А какого тогда хуя посты трут и банят? А вот и горелая скотоублюдина прибежала.
",1.0
"А че хазарские чернявые цээуропейцы не взяли, а сколько нахрюков переможных было и картиночек?
",1.0
"Сразу видно, славянка или мамкины нацики во время побед перестают тявкать?
",1.0
"Вместо того, чтобы усилить бепзопасность и вооружиться Ну давай ЕЩ усилим безопасность - разрешим полностью автоматические винтовки, а еще пулеметы Гатлинга. А там и до разрешения гранатометов недалеко. Вправду, как тебе обороняться от небольшой (10 тел) группы преступников, вооруженных многоствольными пулеметами? Только гранатой ебануть.
",1.0
"Поступил как мразь, тут двачую.
",1.0
"На видео, долбоёб слепошарый. От постоянной дрочки совсем шары вытекли уже походу.
",1.0
"После 05.11.17, этого ебаната будет смотреть только анацефалоид с врождённой патологией развития. И если какая нибудь обезьяна сейчас возразит. Я уже выразился, кем она является
",1.0
"Как и ожидалось заднеприводные грантоежки, пиляшие бабло на b сразу активизировались.
",1.0
"А нахуй ты тут персональный чатик устроил, дегенерат? Или ты сейчас каждому работяге, который зайдет в твой обоссаный тред будешь бежать доказывать в чем он не прав и как нужно сделать шоб было всё нормально ? Проблема травлятредов была озвучена ещё задолго до того, как ты и тебе подобные, кукарекающие про школьников, срыватели покровов засунул на этот сайт свой немытый ебальник. Правда для этого люди не разводили шитпостинг на овер 100 постов с переливанием из пустого в порожнее. b для этого подходит идеально - вот там со своими братьями по разуму и разводи драму, хоть на несколько тредов. Я кончил и закурил, можешь теперь маршировать нахуй.
",1.0
"оследние пару недель у него веселые стримы были в принципе Я лично стримы целиком не могу осилить из за нехватки времени, но вот хайлайты его офигенные, даже годичной давности.
",0.0
"У-ух, ненавижу, блядь, хохлов.
",1.0
"А что с ним не так? Заводы мы вывезли к себе, за счет домбассян получили прирост к росстату, хохлы в жопе, осталось только территорию захватить чтобы выкачивать сланцевый газ. Ну можно и не сейчас захватывать, газ от этого не испортится, лет через 10-15-20 напасть под предлогом социальной помощи. Еще одно Приднестровье, пойдет, главное чтобы не выебывались.
",1.0
"Это же пизда будет объебосы сразу вмякие повылазят, будут шастать по улицам, повысится криминал, дтп и всякая другая хуйня
",1.0
"если создашь тут тред посвященный ей, то я скину.
",1.0
"Заебали, вам смешно, а мне из за этого долбоеба придется своего друга бить. Он теперь постоянно ко всем лезет и пока по ебальнику не выхватит, не успокоится.
",1.0
"левые радикалы нацисты
",1.0
"И до хохлов добралось?
",1.0
"Хз если честно, как по мне он очень много воды льёт, очень мало конкретики и очень большие скачки во времени. Как историки мне больше нравится Жуков, Соколовский, Фурсов. Это из профессиональных. Из науч-поперов ютубовских тот же Нестор поинтереснее будет ибо делает ставку на содержание и суть, а не на объяснение каких-то культурных особенностей отдельно взятого региона.
",0.0
"d никто не читает, тем более админы модеры абу иди нахуй, не можешь борду привести в нормальное состояние педалик был лучше
",1.0
"Но дебил это ты, по тому что это фантазии. Вывод нужно обосновывать, а ты этого не сможешь сделать, чушок.
",1.0
"Очередной тупой дегенерат, хайпанувший на шлюрыгине и засравшийся на хейте колумбайн-шутанов. Несет редкостную хуйню, но при этом в комментах его облизывают его друзья с фейсбука (5-10). Скорее всего, трет комменты . Имхо - заслуживает гораздо больше дизов, чем у него есть.
",1.0
"у меня треха с рождения и 12 см член я победитель по жизни живу на 9к рублей в месяц
",0.0
"Пиздеж все это. Реальный уровень у пыни не более 10 . Я вообще доверяю не очень ВЦИОМу всяким Росстатам. В любой очереди в Пятёрочке или у подъезда достовернее сведения кроют пыню хуями, не замечают роста зарплат, и не живут больше 65
",0.0
"Microsoft Office, продукты Adobe и 1С. С чем из этого не совместим Линух?
",0.0
"А мразота продолжает устанавливать свои тоталитарные порядки
",1.0
"А зачем тогда ДС эта обуза? Зачем ему регионы, если бы без них он только выиграл? Потому что жители ДС ответственные люди и не могут бросить на произвол судьбы жителей провинции. Люди в регионах банально погибнут без дотаций Москвы.
",0.0
"дали тред про аниме нихачу обсуждать аниме, хачу другую хуйню Сасуга, долбоеб с нерелейтедом.
",1.0
"олигарх коломойский мне нравится больше, чем олигарх порошенко или олигарх ахметов Я смотрю хохлов нормально так задрочили, что они уже выбор между олигархами считают нормой. И даже властью народа, лол
",1.0
"Хохлы слишком измучены войной и тарифами, даже скакать не будут.
",1.0
"Им смешно, как этот членосос доебывается до омежек Не смешно, не поняли? Это Россия!
",1.0
"Белую мразь давили как говно, погоны вбивали гвоздями царским шлюхам. Смылись во Франции и Германии, а позже воевали против свтего же народа. Краснова поймалии повесли, старую шлюху таракана.
",1.0
"лахтадырые и ольгинцы (Лахта, Ольгино) это которые провластные комменты пишут, мол у пендосов еще хуже, в европе пидоры. В рунете дохуя еще киберсотенцев - это хохляцкие ципсо, у них несколько этих самых ципсо, 72-е и 74-е в основном на дваче. Пишут по-русски, как правило от лица русских, создают вбросы, фейкньюс и так далее. Пишут какие же хохлы молодцы, их уже в европу взяли, нам надо им Крым отдать вместе с Кубанью и покаяться. Им американцы еще денежкой помогают, они работают в их интересах и сходят за русских. Хотя часто палятся, пишут через дефис, буква е вместо э , и т.д. Ну есть еще редакторы соцсетей из ФБК - это самые дно, тупые малолетние студентики мечтающие о борьбе против системы, они, как првило, даже забесплатно работают, волонтеры, короче. Пишут как в рашке хуево жить, банду путина долой, и т.д. Их называют окатышами.
",1.0
"там принципиально невозможно запрещать транзакции. Я к тому, что если всё прозрачно, при законодательном запрете транзакций разве нельзя будет посадить Васю с Петей на бутылку? Некоторые страны уже позволяют платить налоги с выручки в битках. Так это ж уже получается, что государство признаёт их за деньги. Не значит ли это, что оно обязывает принимать их, как и фиатные деньги?
",0.0
"Який жахливо тотал тарною кра ною укра нцям здасться США, якщо х туди пустять! Н пол цейського не можна нахуй послати, податки там платити треба, швидк сть дотримуватися багато ншого... Американськ дикуни н коли не зможуть зрозум ти дух свободи незалежност славного укра нського народу!!!! Ось тому не пускають в льних козацьким духом в США
",1.0
"Ну и ебало у него, как такого имбицила можно смотреть?
",1.0
"Мне вообще похуй кто этот хохол в оп посте и на ваши хохло-ожидания от него, суть в том что это обычная разговорная речь взятая из обсуждения и обыкновенно опирающаяся на контекст этого самого обсуждения.
",1.0
"У нас тоже толпы чернильниц по улицам ходят с обезьянами, но всем насрать
",1.0
"Еще в Укропию воевать ездил. Пиздец. Я бы ему ебло сломал.
",1.0
"чем если террористы исламисты будут контролировать. Ты о тех ИГиловцах, которых Беня лечил в лучших израильских клиниках или о тех, что перекидывали через границу из которых в итоге вышел южный анклав ИГ? Я просто напоминаю, что 70 лет назад, на Голанах не было ни одного еврейского поселения. Даже исторически кроме нескольких станов больше еврейских поселений там за тысячалетие не было И отжали их у светской Сирии... это я так, напоминаю
",1.0
"СМЕРТЬ ЖИДАМ И ЧУРКАМ!
",1.0
"хохлов Т.е. его за спонсирование ЛДНР против хохлов хотели посадить? Вот только вместо реального оружия он выложил отфотошопленное, а про бтр сказал что он ненастоящий.
",1.0
"Какая оригинальная шутка.
",0.0
"Судя по -всему, дебилы, которые готовы отдать за этот таз 1млн. руб закончились, а бабки как то осваивать надо
",1.0
"Ты охуела, мразь? Я же тебя найду блять. Гридин не свинья, ты понял, петух? НЕ СМЕЙ НАЗЫВАТЬ КУЗЬМУ СВИНЬЕЙ ДЭБИЛ ГОРОХОВЫЙ!
",1.0
"Блядь вот бы дожить до момента когда азиаты будут хуярить этих бабуинов с пальм. А европейские политики а нас то за что!!!11
",1.0
"Откуда угодно может быть. Раша - спидозный рассадник.
",1.0
"Если серьезно, то не так уж все и плохо в этом треке. С атакой и тембром все отлично, нужно над акцентами поработать (стаккато, маркато, легато и вот это вот все), ну и звук Р еще нежней. Если Евген каждую песню позадрачивает по дня три с акцентологом, то критикам нечего будет вякнуть. Но тут к сожалению мешает его самоуверенность. В общем если будет петь какую-то одну и туже программу, то сам подтянет себя через полгодика. А если будет менять репертуар, как перчатки, то и останется крепким любителем-среднячком.
",0.0
"ну ты не понимаешь экономику в экономике главное чтобы движуха была, мост дал заказы большому количеству компаний и создал много рабочих мест на какое-то время санкции на импорт и экспорт по сути ничем не отличаются от защитных пошлин, это неприятная и непопулярная штука но она баффает собственное производство. санкции на инвестиции конечно строго негативные. санкции из-за которых создалили систему мир и аналог свифта - ок. уменьшение госдолга делает экономику более устойчивой но замедляет ее развитие есть и плюсы и минусы
",0.0
"И те и те долбоёбы, а из-за неуклюжей драмы в Одессе долбоёбы типа жигорки подбили на убийство и смерть тысячи васек. Вот с таких чмонек наибольший спрос. То всратое убожество в полтора часа на канале до сих пор весит? Даже ПыняТв себе такой толстоты не позволяет.
",1.0
"Ебать, двачеры уже так отупели, что ОП-глиномес скормил говном джва десятка двачера. Там и половины того, что высрал ОП-глиномес не было в пруфе.
",1.0
"РНГ-Движение закончилось?
",0.0
"У ТЕБЯ ЕСТЬ ПРАВА НА ЗАРПЛАТУ ПО УКАЗАМ ПУТИНА, НО Т ТЯ СРАКА ТЕБЯ ОБМАНЫВАЕТ, НЕ ВЫПОЛНЯЯ УКАЗЫ САМОГО ПУТИНА!
",1.0
"Сам ты долбоеб. Посмотри последний обзор-он его на даче Клэп снимал. Сначала кумекай,а потом кукарекай.
",1.0
"Кроме этого Пушкин еще шедевров настрогал, порашник же настругал только мата.
",1.0
"ебать у вас там мозги моют
",1.0
"Этот шизик никогда и не был известным.
",1.0
"Об этом сообщает Информатор . Какие же хохлы мастера нейминга, пиздец просто! ИНФОРМАЦИОННОЕ АГЕНТСТВО ИНФОРМАТОР ВОЛОНТЕРСКАЯ ОРГАНИЗАЦИЯ КОЛЛАБОРАЦИОНИСТ ЧАСТНОЕ ОХРАННОЕ ПРЕДПРИЯТИЕ КАРАТЕЛЬ РЕКРУТИНГОВОЕ АГЕНТСТВО ГАСТАРБАЙТЕР ШКОЛА МЕНЕДЖМЕНТА ГАУЛЯЙТЕР
",1.0
"Опять гоблядь за свое. Моего там - только два последних слова. Остальное - угадай чья цитата?
",1.0
"Тостота то какая! ХОХЛОТА!
",1.0
"уахаха, сук. чел, ты гений.
",1.0
"Причем тут хорошо плохо, дебил? У них там много денег, ну заебись. Тем, кто к ним имеет доступ. Он же сам пишет. Сан-Франциско стал самым дорогим для жизни городом США, поэтому позволить себе платить аренду могут только пресловутые гики А ты поинтересуйся, как там дела у не-гиков, которые не могут позволить платить аренду, мудло. Про палаточные лагеря по всей Калифорнии погугли.
",1.0
"Действительно, 1,75х в ютуб завезли 13 дней назад
",0.0
"Еще вспомнил, цыган у иисуса гвоздь один спиздил, поэтому все цыгане воры в рай теперь попадают. Остальные не успел наверное
",1.0
"Что эта параша делает в ньюсаче?
",1.0
"Ну а как же? Только с разрешением в письменном виде хохлы ебутся. А ещё они там снегирей распинают. Не верь всему что тебе по телевизору говорят, даун.
",1.0
"наконец-то новое видео
",0.0
"МАЛЕНЬКИЙ ЗАТО УДАЛЕНЬКИЙ, ЭЭХХХХ...
",1.0
"Внимание, анекдот: Приехал Путин в Тыву, залез на гору. Жарко, решил позагорать. Снял одежды, прилег в шезлонг. Мимо шел бродячий енот. Видит, у Путина яичко из плавок вылезло. Начал лизать. Путин, не снимая темных очков: - Владимир Рудольфович, ну это уж слишком....
",1.0
"Кроме того что он педофил
",1.0
"хорош пиздить фотки с багини
",1.0
"Какая убогая банда, гуляет на просторах YouTube и соцсетей. Итак мы имеем: Александр Соколов- так называемый популяризатор науки, с сайта антропогенез.ру, устроивший накрутку при голосовании на премию ВРаЛ, после чего просто слился и не отвечает на поставленные перед ним вопросы ; Олег Соколов или как его прозвали утюг - доцент Санкт-Петербургского университета, особо опасный тип, показал себя не с лучшей стороны: украл концепции из серьёзного научного труда, попал в газету как истязатель молодых студенток и в грубой форме, прогнал студентов с открытой лекции, за заданный вопрос. Далее: Гоблин- прокремлевский лысый пучок , любитель обвинить во всем всех, кроме своих кремлевских хозяев( канал с подписчиками надо же отрабатывать); ну и гоблиновская жучка, которая в одном из видео, сказала что она быдло из хрущёвки, да и нечего больше о ней сказать... Вся эта шобла ,не может претендовать, на приличное место в обществе( которого просто нет), но среди нормальных людей, нужно называть это гопническое образование и его участников правильно! ОлегСоколов соколов антропогенез СПбГУ Гоблин
",1.0
"Шапочку из фольги надень Я без неё в тред и не хожу. Постер выглядел искренним) Таким же, как цыганка-нищенка с золотыми зубами или ещё искренней? Нынешний вайп -ещё тупее прошлого.
",1.0
"да,, да так все и было на самом деле - охотно верю
",0.0
"Это же тоже талант надо иметь, Смешно. Но если по-честному, надо иметь не талант , а аудиторию,которая, как говорил классик, обманываться рада . но здание целиком не разрушилось Вот такой вот левацкий дом.
",0.0
"не узнать его ебанутый говор - это ещё уметь надо
",1.0
"Доске пойдет на пользу если этот свинарник нахуй закрыть и удалить
",1.0
"мы тупо вторглись и хапнули кусок другой страны Пыне нужен был его флот, а хохлы грозили разорвать договор аренды. Крым целиком забрали просто заодно. Так что это была защита стратегических интересов страны.
",1.0
"Ты в глаза долбишься? Я об этом и написал. Нахуя ты свой пост задвачевал?
",1.0
"Ушел назар, а харкачерские животные все на Путина проецируют. Поссал на вас.
",1.0
"Нужен массовый продукт. Зайди в тренды, посмотри что делают каналы у которых на неделе 2ляма просмотров. Желательно что-то для аудитории 16-28 лет. Можно ради прикола быть мразотой, можно обсуждать темы, изобретать или творить дичь. Всё сейчас настолько уныло и однообразно, что самому уже захотелось идти туда. Но так лень... А если стесняешься или не умеешь, то отдай материал на фриланс монтаж и пиши сценарий чтоб был какой нибудь оплачиваемый ведущий. Сейчас на ютубе наступило время продюсеров.
",0.0
"Лольнул ебаная кончита, когда ты сдохнешь уже?
",1.0
"Да Евген просто шлюшка без мнения - то блядь пиндосы ему плохие КОКОКО НА КРОВИ ВТОРОЙ МИРОВОЙ ПОДНЯЛИСЬ (намекая на поставки оружия совкам за бабки, только если бы не муриканское вооружение - сосали бы мы все сейчас длинный болт товарища фюрера) То блядь совки ему плохие - сплошная гебня и гулаги, то сука СОВКИ ХОРОШИЕ КОКОКО - НЕПРАВДА НЕ ВСЯ СТРАНА ГУЛАГ. СУКА АЖ ТРЯСЕТ. А споледний обзор - это вообще КРУЖКА - ЛУКЪЯНЕНКО КОКОКО ВЕЛИЧАЙШИЙ ФАНТАСТ СОВРЕМЕННОСТИ Я ЕЩЕ В 2005 НА НЕГО ДРОЧИЛ ПОКА ЭТО НЕ БЫЛО МЭЙНСТРИМОМ КАК ВАМ НЕ СТЫДНО ЗЛОСТНЫЕ КИНОДЕЛЫ ОБСИРАТЬ И ПОГАНИТЬ ТВОРЧЕСТВО ЭТОГО ВЕЛИКОГО ЧЕЛОВЕКА О ЛУКЪЯНЕНКО КОКОКО КОКОКО ДАЙТЕ Я ЕМУ ОТСОСУ и сука тутже через 15 минут АЙ АЙ АЙ АВТОР САМ ОДОБРИЛ ВСЕ ОТКЛОНЕНИЯ ОТ СУЖЕТА КНИГИ КАК НИХОРОШО АЙ АЙ АЙ - но даже тут побоялся сказать прямо - Лукъяненко продался - нет он увиливает и юлит как змея, ак червь, как червь ПИДОР. БЭДКОМЕДИАН - хуже червя ПИДОРА
",1.0
"В мов творится какая-то дичь, был создан обычный тред, в шапке была стандартная инфа. Модератор удалил всю инфу и написал вместо неё буквально Репортим брипидора, игнорируем его посты. Кого вы назначили модератором? Что это за пиздец вообще творится? Вот скрин треда до и после редактирование Он собственноручно создал флейм-тред вместо нормального.
",1.0
"Россия - государство-террорист.
",1.0
"Вот в америке дохуя оружия. И где чаще всего случаются стрельбища? Где постоянные расстрелы в школах?
",0.0
"Может ты не в курсе, но в обеих половинках кореи правила одинаковая гебнявая мразь. Просто в южной она отвалила от власти в 80-х
",1.0
"Ну что, десяткобляди, какого это с анальным зондом сидеть?
",1.0
"притащил фотожоп с яплакаль Три четверти украинцев живут за чертой бедности по данным Госстата, по уровню среднедушевых доходов население страны распределяется следующим образом: до 1920,0 грн - 6,9 1920,1 2280,03 грн - 7,7 2280,1 2640,0 грн - 11,0 2640,1 3000,0 грн - 11,0 3000,1 3360,0 грн - 10,7 3360,1 3720,0 грн - 10,8 3720,1 4080,03 грн - 9,3 4080,1 4440,0 грн - 6,3 4440,1 4800,0 грн - 6,4 4800,1 5160,0 грн - 5,1 более 5160,0 грн - 14,8
",0.0
"Отправить ты можешь только хуй в свою жопу, лахтодырка.
",1.0
"Двач. Ну это пиздец, конечно. Раньше я его уважал, но теперь пошел он в пизду. На дваче такой зашквар сидеть и что самое смешное многие популярные конченные блогеры сидят на дваче, но я уж надеялся, что хотя бы Гуфен не такой, но раз он сидит на этой параше, то похуй.
",1.0
"Но люди просто хотят пить, и цена их, очевидно, устраивает. Мало альтернатив. Это и есть власть корпораций - олигархия и монополии. Рыночек не может сам бороться с монополиями что доказала история США с её трестами и тем моментом когда металлурги даже президента на хуе крутили. Рынок должен быть жестко ограничен, а лучше вообще рынка быть не должно и экономика обязана быть плановой. Так чтобы на каждого гражданина было распределено равное количество необходимых вещей. А что действительно необходимо гражданину - государству видней.
",0.0
"Ох ебать,не думал,что КОБовцы еще живы. Я думал,что они вымерли в конце 2000ых
",1.0
"постоянно Вот да. Либо реагировать на репорты в течении 10 минут, либо бесконечный тред. Собственно, учитывая, что мод последние месяцы появлялся крайне редко (раз в сутки), то бесконечный тред вполне оправдан для него, но не для нас конечно.
",0.0
"фотографии президента РФ в фашистской форме Если Путин целенаправленно уничтожает русский народ, делает из него народ второго сорта, то кто он?
",1.0
"в два раза больше чем у хохлов
",1.0
"на адроиде поставил без рекламы от ZanrZam там тоже самое На афоне тоже можно из TweakBox такое накатить, тоже такие скорости
",0.0
"Ну и где 100 баксов, когда 135. Алсо, это Колпино, т.е. не совсем Питер. В Питере цены около 10к, это минимум.
",0.0
"В рамках 226 слайдов, представленных комиссии по ценным бумагам и биржам, мы( BitwiseInvest ) провели первый в своем роде анализ данных со всех из 81 бирж, сообщающих об объеме BTC 1M на CoinMarketCap TLDR: 95 обозначенного объема является фейком, но есть и хорошие новости! Ключевые моменты 95 сообщенного объема BTC является поддельным Вероятный мотив листинговые сборы (может быть 1-3M) Реальный ежедневный объём 270M 10 из 81 бирж предоставляют реальные данные Большинство из них(из 10) регулируются ...
",0.0
"Ебать он тупка, турки и арабы оФФициально белые, причем тут негры, антрополог хуев. А вообще качалочка, хуи негров, мужское государство Ясно-понятно
",1.0
"В принципе можно восполнить убытки, усилив налоговую нагрузку на граждан, но при этом честно и нормально объяснить, что это вынужденная мера по переделке Крыма. Неприятно, но вопрос о возвращении исторических земель стоит выше личных интересов.
",0.0
"он же обчный чмоха, которого травили в шкалке за тянолицо, почему никто его еще не отпиздил?
",1.0
"Неработающий дефиблилятор и врачи которые с неработающим оборудованием приезжают на вызов. Типичная рашка хуле. Пукен наш перзидент епта
",1.0
"Если бы отсосала Штейну.
",1.0
"Шовинистические пидораны
",1.0
"я просто выебал слишком много толстых ёбнутых баб и это наполнило мою душу скорбью. как вкатиться в нормис-тян с норам фигурой теперь
",1.0
"...мы изъяли деньги, кредитные карты, мобильные телефоны и черновики с записями, которые привлекли к уголовному производству. которые привлекли к уголовному производству. которые Так кто кого привлек-то?
",0.0
"Хохлам надо Бузову в президенты.
",1.0
"Обязательно запихают в 3 часть негра, лезбиянку, фемку и трансов и прочий скам а главный герой будет баба мужик на половину азиат на половину негр
",1.0
"Только хотел спросить, что за завалы. Ебать хреновые в Рашке плотники
",1.0
"ЕБАНЫЕ ПИДОРЫ, КОГДА ПОРТИРУЕТЕ ТЕНИ КОЛОССОВ?
",1.0
"Чо еще за адмирал Колчак? Певец какой-то что-ли, типа маршала Александра?
",1.0
"Шарий о кремлеботах стал упоминать, хех.
",1.0
"Совкорусичи, именующие себя в честь модифицированного американского грузовика и публикующиеся с американского компьютера в американском же интернете этапять. Главный редактор этой помойки: Наслаждаемся, господа физиономисты.
",1.0
"Майдауны ебучие.Их че хохлы там чтоли покусали? Пидары блядь
",1.0
"Я ебу твои принципы в принципе
",1.0
"Тур пой долбоёб даже пентатонику нормально сыграть не может
",1.0
"Терпеть, свиньи обоссаные.
",1.0
"Пусть страдает, мало того, что убервсратая, так ещё и выёбывается! Совсем охуела, пусть нахуй идёт!
",1.0
"А программки, музыку, фильмы можно невозбранно пиздить, это же просто пиксели . Я например купил программу и становлюсь владельцем и могу распоряжаться на свое усмотрение
",0.0
"Ага, тред тоже был потерт без объяснений.
",0.0
"Так ведь он то же самое делает, да ещё и больше всех кричит о том, какой качественный контент он делает, сколько усилий к этому прикладывает. А качественность его контента заключается только в картинке и том, что он харизматичный, такого ссателя в уши будут слушать, о чем бы он там не рассказывал. Но именно контента он никакого не делает, одни только филлеры.
",0.0
"Старпёр, плиз. Иди на свой совок дрочи.
",1.0
"И шо? Свое ебало засвети теперь
",1.0
"Не понаехами, а просто политическим влиянием пидорахии. Как хохлы, грубо говоря.
",1.0
"Уважаю Сталика Хакегншиев, особенно когда он своих подписчиков называет козладаразина и ссыт им в рот.
",1.0
"Лол. Он сам к жирному пришел. Он в удаленном видосе сделал подсос СиПу, то есть - Жирному.
",1.0
"В какой-то мере да, но на деле ещё более дикая хуйня, чем в задрищенских и запомоенных БОУ СОШ по РФ. Разница лишь во внешней эстетике. Что там изверги со спермой на волосах и калом на губах, что тут. Да... нахуй... гадюшник он и есть гадюшник.
",1.0
"Красавчик, надеюсь свалит за бугор и продолжит шатать пидорашкку изнутри и ставить Ванек на путь истинный.
",1.0
"Ларин был очень хорош, когда был известен только среди питурдов и узкого круга подписчиков. Потом погнался за популярностью и потерял свое лицо, в результате теперь никому не нужен - ни своей первоначальной аудитории, ни хайповым школьникам.
",0.0
"Почему на богомерзком западе ты можешь сделать себе любой меч, а в пидорашке ты даже казацкую шашку не можешь нормальную купить? а если ты сделаешь что-то подобное, то сразу сядешь на бутылку для сравнения
",1.0
"На Украине с начала года корью заболели 30 794 человека, из них 11 умерли. Об этом сообщает пресс-служба Минздрав. В период с 28 декабря 2018 года до 14 марта 2019 года корью на Украине заболели 30794 человека - 13 825 взрослых и 16 969 детей. Одиннадцать человек скончались. В течение 11-й недели 2019 года корью заболели 2146 человек 1044 взрослых и 1102 ребенка , говорится в сообщении. Отмечается, что впервые Львовская область потеряла свое лидерство по показателям заболеваемости корью. С 1 февраля уровень заболеваемости в области еженедельно уменьшается в среднем на 10 . В Винницкой области за 11-ю неделю зарегистрировали почти в 2 раза меньше новых случаев кори, чем в предыдущую. Именно в этих двух областях продолжаются спецоперации по повышению уровня охвата прививками и остановлению распространения кори. Ранее Вести разбирались, почему на Украине не победить корь. Кроме того, и. о. главы Минздрава Ульяна Супрун развеяла мифы о кори.
",0.0
"Дураки обожают собираться в стаю Про политкорректность везде кричать А умный в одиночестве гуляет кругами Ничего не стоит его задержать. У природы на устах коварное пророчество Партия рабочества победит везде У ослов традиция типа инквизиции У ослов всех наций традиция есть: Если кто болеет, то лечат не причину А только лишь последствия сажают в печь Жалкая дешека украл у Окуджавы. одно слово -Порось
",1.0
"Зеленый хоблин больший краснопуз, чем этот колхозник
",1.0
"пидорашка это не фамилия, а состояние души, распространено только в россиюшке
",1.0
"Забыл опиздюливание хохлов
",1.0
"Стример The Happy Hob совершил поистине ВЕЛИЧАЙШЕЕ достижение в истории - прошёл псевдохаркорные части игр Souls не получив при этом урона от удара боссов мобов. Сначала он прошёл Bloodborne, затем уже основную линейку Souls-игр: Dark Souls 2, Dark Souls, Demon s Souls и Dark Souls 3. На это у него ушло порядка 12 часов.
",0.0
"володя, иди обратно в кремль, экспертная оценка лунопопости тут никому не нужна.
",1.0
"Он с бухлом мешал, наверное.
",1.0
"Что вы тут устроили блядь? 1 Быков-унылый педераст на зарплате.Готовый продавать свою жирную жопу кому угодно. Таких- полно.Тот же Глебыч, только если Глебыч честно признается что ему похуй за кого топить лишь бы бабки были, Быков хочет своей сракой занять оба стула с пиками и не только... Вобщем, одного поля с Поросём ягоды. Как тут не вспомнить знаменитое: Антисоветчик, всегда пидарас,( и это как вы понимаете не ориентация)
",1.0
"Апельсин действительно хуета. Я когда смотрел все ждал когда же интересное начнется (не зря же такие рейтинги) и тут титры пошли. А вот клуб более-менее затягивает.
",0.0
"ИНТЕРМАРИУМ МАРИУМ Хохол,прекращай писать на русском,у тебя плохо получается.
",1.0
"Что например? Делать обзор по хронометражу больше чем обозреваемый фильм - это значит напрочь забыть про лаконичность. Это блять не документалка, в которой нужно каждое предложение под микроскопом разглядывать и аргументированно опровергать, который априори не может быть исторически достоверным. Выдели главное, второстепенные придирки либо выскажи сугубо тезисно, либо вообще оставь за скобками, если видишь, что и так хронометраж конский, а обзор превращается в унылое ррряя на несколько часов
",0.0
"Меня не за гомофорс банили, а за то, что я шизика, которого моча не мог нормально забанить - на хуях прокатил. А ты гомофобная пидораха, если имеешь что-то против забавного форса, то это лично твои проблемы. Понял?
",1.0
"Когда чмо начинает кукарекать про отсутствие прогресса - он тупо занимается софистикой ради софистики. Здесь же он по сути зачитал верту лекцию о том что такое интерсекциональность
",1.0
"Русня рождена сосать.
",1.0
"Сука, по монитору стекает, опять за тряпкой идти
",1.0
"Сыш, мразь, ты охуела в Мухосранске жить и пиздеть на нормальных людей?
",1.0
"Всех же так волнует,что там у хохлов?
",1.0
"Кхе-кхе, глупые гои срутся на пораше, а мы пишем историю!
",1.0
"Ариец Долихоцефал расстреливает унтерменшей из снайперки.
",1.0
"НОСАТАЯ ЛУПАГЛАЗИНА БОМБИТ ИТТ
",1.0
"Этот месседж не для лахтадебилов, так что иди на хуй со своим сисяном.
",1.0
"Беда в том, что полиции почему-то похуй на это быдлана Он сам по себе довольно таки темный в плане дел с законом. Не знаю, правда правое дело делает или там огромная крыша, но полиция так и не будет его трогать.
",1.0
"Чернильницу ебнули, найс
",1.0
"только Вазгены своих дочерей в шлюшьи танцы вах слющай да не отдают То-то всякие Загитовы на олимпиадках цацки получают.
",1.0
"Что этот няшный пупс забыл в скотозагоне пропахшем мочой и вареной морковью? Я не верю что можно за идею пахать где-то тут подвох.
",1.0
"Зачем же ты добралась до двача, скотина безрогая?
",1.0
"Тупая пидораха, хватит мыслить шаблонами и приписывать левакам свои фантазии в стиле ыыыы атнять и паделить .
",1.0
"Короче геймергейт: СВЖ и глобально ориентированный игропром наступили на уютную резервацию американских геймеров-задротов-4chan-аутистов, что способствовало их радикализации в противоположную сторону. Как-то так.
",1.0
"ПИДАРАШИЙ МИР ГЛЬОДОВЫХ СВИНЕЙ И тут уже свинотетушиной сотне не отвертеться: мол, в Харькове или Одессе за стакан водки убивают русскоязычные. тут Винницкая область - колыбель украинского стада, родина Президента.
",1.0
"Обладать исключительным правом на осуществление определенной экономической деятельности Даже исходя из этого определения - ничто не мешает образоваться монополии на рынке, в котором нет влияния государства, просто выражено будет это в обозначенном тобой превосходить конкурентов . Например на рынке продукта a определенная компания при помощи инвестиций в НИОКР создала нечто, что позволяет их вариации продукта a крайне сильно превосходить все аналоги, тем самым данная компания в состоянии подмять под себя рынок. Возьмем за факт, что рано или поздно некоторые компании, которые действовали на рынке и не закрылись из-за трудности в конкуренции смогли узнать что же там такого изобрели конкуренты и внедрили это в свое производство, но изначальный автор исследования уже успел отхватить весомый кусок рынка. И даже в случае, если компания-подражатель удержится, вероятность того, что она отберет эту доминирующую долю крайне мала но есть . Отсюда следует, что монополия вполне себе способна появится и без наличия государства, и более того - естественное желание и стремление любой компании - стать монополистом на своем рынке, и именно это желание и порождает в каком-то роде конкуренцию между участниками рынка.
",0.0
"Нет, ты просто пидор постящий скримеры и считающий это смешным. Борда 18 , дауненок.
",1.0
"Дак вот именно, потому и псевдоинтеллектуал
",1.0
"СМЕРТЬ РАСИСТАМ И НЕГРАМ!
",1.0
"Спасибо за развернутый ответ, действительно было интересно узнать От себя скажу сейчас мой знакомый варится в кругу родных людей 2,5 друга. Подумой, когда останавливаться, а когда быть настойчивым. Если бы мой друг не был таким односторонним, он был бы охуенным парнем, тем более, со внешкой ему повезло
",0.0
"Либерахи-русофобы уже заебали гореть по любому упоминанию нашей истории. 28 панфиловцев были хорошим фильмом, реалистичным. Единственное, что мне не понравилось - герои совершенно не запоминающиеся. Единственное, что мне не нравится - заебали с ВОВ, как будто больше войн не было. Сняли бы про русско-турецкие, северную войну или борьбу с монголами.
",1.0
"ты чо дурачочек чтоле
",1.0
"Разрyшение кyльтyры. Хотя для местнх либерашек yничтожение народа не является проблемой.
",1.0
"Конечно неподходящие, неприятно русакам признавать что тупорылые ляхи и раскосые чурки обошли стальных русских по всем параметрам от продолжительности жизни до зарплаты и положения в мире.
",1.0
"выходит из сообщества и после выплачивает все свои долги А если он должен за то, что в других сообществах не считается законным, например штраф за появление в общественном месте в зелёных брюках? гарантийный взнос А подробнее об этом взносе можно рассказать: когда вносится, на каких условиях?
",0.0
"Ахаха, ну да, ну да, на ньюсаче нет лахты, вы нас слышите ?? Лахты нет на ньюсаче, ебать ты конч
",1.0
"бамп элитным девайсом огнеблядки-курильщики соснули
",1.0
"мамку ебал хрюкни хахл
",1.0
"Статистика по РФ палёная, тут муслимов с большим натягом 10 наберётся. Это они сами регулярно вкидывают хуиту про десятки процентов - как жаба, бывает, себя надувает. Прирост у них небольшой, масса атеистов или индифферентных, даже азиатцев не хватает, чтобы численность бустить. Так что не надо эту муйню сувать - самообман никому ещё не помогал.
",1.0
"преступления делают не снежки, а чурбаны и черномазые, это статистика и факты. Напомню, что в Торонто, к примеру , 40 процентов населения рождены за пределами города и страны, порядка половины из них нигры, азияты и арабесы. При этом Торонто неоднократно возглавлял список самых благополучных городов мира, и входил в пятерку самых безопасных. Чудеса, да и только. Наверное, неправильные небелые там живут. А теперь выборочно сравним уровень криминала по штатам США с самым белым и самым небелым населением . Инфа в открытом доступе, любезно предоставлена F.B.I. и мусорами. Так вот, начнем с самого цветного: The State of California reported 445.3 violent crimes and 2,553.0 property crimes per 100,000 inhabitants А теперь по штатам с преобладающим белым населением пройдемся. Например, Индиана с 86 белого населения The State of Indiana reported 404.7 violent crimes and 2,589.4 property crimes per 100,000 inhabitants Как видим, недалеко убежали от самого цветного и самого населенного штата. The State of Michigan reported 459.0 violent crimes and 1,909.9 property crimes per 100,000 inhabitants Как видим, переплюнули даже коммифорнию, несмотря на 80 белого населения. Видать, Детройт говна в жопу залил.. но ведь при этом у кали есть LA, заселеный латиносами и ниграми, да и вообще столицей уличных банд являющийся Далее - самый черный штат США, с 40 черного населения The State of Mississippi reported 280.5 violent crimes and 2,768.1 property crimes per 100,000 inhabitants Чудеса какие, наравне с самым белым штатом Небраской The State of Nebraska reported 291.0 violent crimes and 2,263.3 property crimes per 100,000 inhabitants
",1.0
"Это отблески вечного. Люди всегда нападали друг на друга.ю Либертарианская этика предлагает способы их уменьшить, но не исключить.
",0.0
"мозги обезьян В какой-то части Китая - деликатес. Типа живой обезьяне срезают верхнюю часть черепушки и жрут мозги.
",1.0
"там пару человек явно пытали. самая непротиворечивая версия - контролируемая поставка
",0.0
"тоже три однокурсника из швитой съебали в ужасе через год-два. в испахе из знакомых русскоязычных домой поехали почти все через 2-6 лет. осталась парочка с норм условиями (своя хата норм работа) и парочка на хуевых условиях (съем конуры в ебенях калым какой-нибудь типа мыть полы или ложить плитку). остальные все вернулись домой, работают, квартиры купили, женятся и все такое, в европку наезжают просто отдохнуть. собсно, я тоже.
",0.0
"Лучше чем последний полет Валеры и прощальный монолог с Мишей треч контент ещё не выдавал.
",0.0
"Всем похуй на блеяния и воззвания пидорахомаспожоров.
",1.0
"Нахуй ты высрался тогда тут? МНЕ НИНРАВИЦА ЯСКОЗАЛ ХРЯ
",1.0
"хз я не тот холопошизик его и спрашивай макака только зовется макакой это на самом деле довольно мозгоебная штука
",1.0
"Чтобы пойти в мужскую пизду, нажмите три, чтобы пойти на хуй трапа нажмите 4
",1.0
"ну у хохлов еще хуже а мне-то что?
",1.0
"мб что-то произошло Секс конечно, очевидно же.
",0.0
"Пидарашка нашла чем хвастаться, российской архитектурой. ЛОЛ.
",1.0
"Ромка и сейчас вполне популярен и просмотры свои имеет. летсплеи кстати годные, сборки интересные. Лазуритных Гномов жалко, в детстве не понимал почему, но всегда смотрел их летсплеи, но до конца осилил только Радугу. Жалко это конечно, хорошие были ребята.
",0.0
"Чем меньше на эту парашу обращать внимания - тем лучше. Золотые слова.
",1.0
"ну так и задайся вопросом, петух ты ущербный, почему он стримит и ему за это донатят, а ты сидишь на шеи своей пизды матери и не зарабатываешь ни копейки? может как раз-таки потому, что ты, хуй уебищный, максимально скучное никому не всравшееся мурло? просто пиздец логика у двущеров, я в ахуе
",1.0
"Это колхозы. Которые в некоторых регионах привели к голоду а по всему союзу к закрепошению сельского населения. Активное развитие сельского хозяйства (особенно в среднеазиатских республиках), переход с конских плугов на тракторные, освоение целины и полей, сталинские трактористки - это могло привести к голоду?
",0.0
"Так попбедим пендосов!
",1.0
"Няшная жидовочка на третьем. Сел бы ей на лицо.
",1.0
"Что ты там пукнула, дешевка?
",1.0
"Там математика уровня 11 класса школы. Двумя словами: чем больше респондентов, тем менее мы отклоняемся от среднего реального значения.
",0.0
"Расскажите про то, как его откачивали на концерте
",0.0
"Порашные навальнобляди порвались, лол. Может быть когда-нибудь вы осознаете что всем похуй на мнение людей которые находятся на более низкой социальной ступени.
",1.0
"У них феминизм в порядке вещей? Их пичкают толерастией, шизонутыми сжв идеями, политкоррекностью 24 7? У них все это есть. К ним еще понаезжают всякие пиндосские нигры и мексы, оттянутсья с их доступные европейскими тнями, в Праге лично наблюдал такую картину
",1.0
"Я просто общаюсь Пидораха пидораха Скотоублюдии пидорашки народ такой дранный Я просто общаюсь HOHLYATUS VULGARIS
",1.0
"Да, но без эмоций, информация как-то плотнее была. Что-то с ним произошло тогда, слова стал подолгу подбирать, срываться.
",0.0
"То есть что напустили дохера аллах-бабахов желающих только получать пособие, курить дурь и опиздюливать трахать местных - это ладно, а вот что трудолюбивые китайские бизнесмены им сетевую аппаратуру приличную поставят - это азазаз, трагедь и нидапустим.
",1.0
"даун сидит хихикает над каждым словом уничтожил
",1.0
"это жалобное поскуливание хохла-куколда
",1.0
"Хохлушка же даже бесплатно Возьмет в рот твой хуй, отсосёт, И негру даст в жопку, ей это приятно, Ты можешь поссать в ее рот
",1.0
"Мамке твоей на вайбер
",1.0
"Как же хочется упасть ебалом в это хрючево.
",1.0
"Была же информацию что пиндосы собирают генетические материалы россиян... задумайтесь...
",1.0
"Ну так белые вырожденцы, нахуй их защищать. Буквально генетический мусор, все больные тупые и слабые.
",1.0
"красножопый петух порвался и орет
",1.0
"Где такие, как хотя бы пан Марцинкевич? Блядь, эта строка перчеркнула всё выше написанное.
",1.0
"если ты сам не гей, то как ты можешь определить степень натуралистичности? по степени отдалённости от поведения негея.
",1.0
"Какой же ты пидор, оп, взял и перед сном настроени блять испортил, уу, сука.
",1.0
"Да жидяра это, что тут думать
",1.0
"Класс. Кинуть хохлов.
",1.0
"Такая же фигня. Более того, игры начинаю качать, когда их обкатают простые пользователи и к этим играм хотя бы пару патчей выйдет.
",0.0
"Бля, как же стыдно было смотреть на уберчмо. Это все девственники такие зашуганые? Т.е. если я к любому даже самому чсвшному феласафу с усиками подойду и спрошу, есть ли у тебя девушка, то вместо того чтобы задавить меня своим интеллектом, он тупо глазки в пол опустит и засмущается? Есть тут девственники в треде? Поясните.
",1.0
"Может на войну поедешь в Сирию подыхать У русни хотя бы выбор есть. Рабских oкраинных людей (украинцев) туда плётками загоняют.
",1.0
"sos mi vida Сос, бггггггг! Сос мивина ыхыхыхыхыхы
",1.0
"Как это похуй. Русня уже тебя унизила и обоссала и Крым отобрала.
",1.0
"Плюс вставок в последнее время стало больше, чем самого обзора и контента.
",0.0
"доменах юношеской возрастной категории 2ch.hk, yaplakal.com, pikabu.ru Думеры, гопники 90х и 40летние пидорашки это юноши?
",1.0
"РЯ ЛАХТА ВЕЗДЕ ЛАХТА ПОД КРОВАТЬЮ У МЕНЯ ЛАХТА ААААААААААААА
",1.0
"Ля чоурт, брикнувсь на почве передоза валаксом. каво
",1.0
"ну еб твою мать, залить горячую сковородку водой это так по обломовски
",1.0
"Блядь как же бомбит с этих татух на полноги. Пиздец просто, вот нахуя так делать.
",1.0
"За рашку не топит, на пиздеже его уже ловили.
",1.0
"И леваки этого Александра грохнули. Ебанутые.
",1.0
"ЭТО ВСЕ ВРАКИ! ЭТО ВСЕ СНЯТО КИСЕЛЕВЫМ НА МОСФИЛЬМЕ! Таблеточку прими.
",1.0
"Потому что это поселок в Калужской области с многоквартирными домами, где почему то есть огороды. В Барышево они тоже есть, кстати, но там еще есть и река, в которой местные жители обильно ловят рыбу.
",0.0
"Это нижний интернет. Взлетел он только сейчас, из-за Мэддисона того что к нему на стримы стали приходить более менее известные люди. Раньше его контент был на более высоком уровне, там было и про философию, и про лингвистику, и про все остальное. Ща он разжирел и ничего интересного не производит. Как телевизор.
",0.0
"Это многонациональная Россиюшка, понял, хохол??? Надо будет - сосать будем, своих жён под них подложим что уже сделали , а земли свои не отдадим!!!!11!!!!
",1.0
"И кстати, про игроки очень хуево стримят. В основном сопят в микрофон или говорят как все хуево в пабе играют. Они не поясняют игровые моменты, механику, макро. Хуйня а не стримы.
",0.0
"Анус себе дискредитируй, либераш :3
",1.0
"Канал, где так же нет ведущего по сути, никто ничего не комментирует, показывают рынки и готовку в азии, от Кореи, до святой Японии, чаще всего морепродукты, рыба и так далее.
",0.0
"Люля-кебаб в блендере забыл
",1.0
"Хуямп. Принимай струю на свой пятачок, лахтодырый.
",1.0
"В Японии такие панельки, ебанько.
",0.0
"Сидим с другом в летней кафешке. На этом всё.
",0.0
"Когда французкий Арбуз парашютировал с эшелона в океан над Атлантикой, пилоты усердно листали мануал. Нет. Один срал в нужнике, а другой - в проходе со стюардессами. В кабине вообще никого не было.
",0.0
"Сажечмо забаньте плиз
",1.0
"Да. Говорят они с панчиным долбятся а ся смотрит на это и теребит свой шершавый вареник
",1.0
"дебил блдядь тоже дебил блядь 1 ступень ракеты это вывод в стратосферу на орбиту Земли, то есть актуальна в пределах атмосферы, а это даже не 100 км, а 20-50 км, так как баллистическая ракета стартует не по ологой траектории, а в зенит задача 1 ступени не паровоз по рельсам гнать до Читы, а оторвать ракету вместе со 2 ступенью от земного притяжения на высоту 80-100 км
",1.0
"как же забавно читать ваши высеры по интернетам,дырки фбкашные. У вас, сука, даже ошибки в словах одинаковые встречаются, не то что формулировки
",1.0
"Что тут у нас, снова перевод стрелок? переводит стрелки Чёт в голос с русачка
",1.0
"Отсосать Шмарию готовы вы, а пидор я? Что-то здесь не так.
",1.0
"Если лицо прыщавое, то думаю и жопа тоже будет прыщавой, фу блять
",1.0
"Суть: Росстат политизирован на 200 и выдаёт новости какие надо первому каналу ведь ВШЭ провела свои исследования и выяснила что инфа о росте экономки не соответствует действительности. Будет ли он наказан по статье о фейках в сми неизвестно. паста по ссылке: Росстат сообщил о рекордных за почти два года темпах промышленного роста в России по его данным, выпуск промышленных предприятий резко ускорился с 1 процента в январе до 4,1 процента в феврале 2019 года. Расчеты Росстата удивили экономистов, поскольку три предшествующих месяца в экономике наблюдалось поступательное замедление темпов промпроизводства. Об этом пишет газета Коммерсантъ . Как поясняет издание, данные Росстата не соответствуют ни ожиданиям экономистов, ни даже опросным опережающим индикаторам самого статистического ведомства. Аналитики же отмечают, что если принять во внимание сезонный и календарный эффекты, то роста темпов промышленного производства с начала года вообще не наблюдается. МАТЕРИАЛЫ ПО ТЕМЕ 00:01 11 марта Здоровое падение Почему экономические кризисы спасают миллионы жизней, но из-за них умирает так много людей В Высшей школе экономики (ВШЭ) провели собственные расчеты на основании сырой статистики, учли сезонные факторы и пришли к выводу, что в феврале 2019 года никакого роста темпов промышленного производства в экономике России вообще не наблюдается. Во ВШЭ пояснили, что в феврале 2019-го было на один рабочий день больше, чем в феврале 2018-го отсюда видимость роста производства. При этом во ВШЭ отметили, что если при расчетах все же учесть сезонный эффект и календарность, то тогда получается, что промпроизводство два месяца не только не растет, но заметно снижается. Росстат неоднократно подвергался критике за неточные подсчеты. Так, по итогам 2018 года ведомство заявило о росте строительной отрасли России на 5,3 процента, хотя еще в ноябре годовые темпы роста оценивались всего лишь в 0,5 процента. Эти высокие показатели затем позволили Минэкономразвитию оценить рост ВВП по итогам года не на 1,8 процента, как прогнозировалось, а на 2. Аналитики раскритиковали эти цифры и сочли их фиктивными. Методологию Росстата также критиковал первый вице-премьер, министр финансов Антон Силуанов, сказав, что качество расчетов агентства ужасное , а метод непрозрачный . Росстат с 2017 года находится в подчинении у министерства экономического развития, которое возглавляет Максим Орешкин. Ведомством с 2009 по 2018 год руководил Александр Суринов. В декабре 2018-го он подал в отставку, ему на смену пришел бывший чиновник Минэкономразвития Павел Малков.
",0.0
"рельсоблядка Рельсоблядка нет уже больше четырех лет, он туда не заходит, я гарантирую.
",0.0
"только дебил пойдет регаться как самозанятый. Всем же понятно что эти 4-6 подрастут, когда норм кол-во баранов зарегистрируется. А остальных вычислят при помощи ML. а хули, норм выборка есть, по ней можно обучить ML-модель и запалить остальных далбоебов. Не хотите так запалиться? меняйте схемы получения бабла или устраиваетесь на низкооплачиваемую(или высокооплачиваемую тогда и не надо быть самозанятым) халявную работу официально, для того чтоб не вызывать подозрений. Кстати, вангую что появятся конторки которые за бабло в месяц будут устривать на халявную работу официально. для прикрытия.
",1.0
"эти фантазии хохла-опущенца
",1.0
"Уже есть Владимир. Отсоси, либераха.
",1.0
"НУ ЧТО, МЕДЛОХИ КАНАВСКИЕ, КАК СОСЕТСЯ, А? АЗАЗАХАХАХАХ!
",1.0
"удачи жирным старым бабам пёздов выделения язычком подмывать. суки вороватые.. надеюсь вы это читаете
",1.0
"Петя смог только напиздеть, реально взорвать как Пынька зассал?
",1.0
"Когда Москва вернёт себе русский Киев и почистит его от хрю-хрю, я специально съезжу и пописию на Монумент залежалости перед его сносом.
",1.0
"Пук шлюхи Видел я в интернете полно таких шлюшар которые ноют что им типа одиноко и фоточку свою напомазанную прикрепляют. Ты охуеешь сколько этим шалашовкам пишут.
",1.0
"Руццкэ мир во всей красе, страна-террорист
",1.0
"это новый пик? откуда? капец он изменился....
",0.0
"ХЕЙТЕРЫ, ЧТО С ЕБАЛОМ?
",1.0
"ЕБАНЫЕ ПИНДОССКИЕ ПИДАРАСЫ!!!! ВОТ В ВК НИКТО НЕ ЗНАЕТ МОЙ ПАРОЛЬ!!! УБЛЮДКИ ШПИОНСКИЕ!
",1.0
"Это когда спрос равен предложению. Если повышать спрос, не повышая предложения (а повышать его дорого), то ты будешь терпеть убытки, так как покупатели просто уйдут в другие кофейни, даже если цена там чуть выше. Опять же возвращаемся к тому, что либертарианцы живут в 19 веке где работают законы спроса и предложения. В реальном мире всё уже не так и мегакорпорации могут САМИ создавать спрос на свой товар. Изи пример - кока кола и фейсбук. Производство шипучки для колы встаёт в копейки, это маркетинговкая компания. 80 всех расходов идут на маркетинг и продвижение идеи что людям НУЖНА шипучка, когда довольно большое количество людей цепанулось на крючок, то шипучка начала замещать простую воду в бутылках. То есть потребность людей в воде КОНВЕРТИРОВАЛАСЬ в потребность людей в шипучке. Сейчас зачастую люди покупают колу не потому что хотят именно колу, а потому что хотят пить и всё заставлено колой. Фейсбук, о фейсбук, Цекерберг реально гений. Его идея заключается в том, чтобы нищим, но густонаселённым странам проводить интернет с фейсбуком. Если конкретно, то речь про Индию. На 2018 год количество юзеров из Индии в фейсбуке превышает количество юзеров из США. Почему так? Потому что Цукерберг берёт и ведёт линию нищим индусам, но ограничивает трафик ТОЛЬКО фейсбуком. То есть для индусов фейсбук интернет. Цукерберг КОНВЕРТИРОВАЛИ потребность огромного количества людей в интернете в потребность в фейсбук таким образом создав себе новых клиентов которые, по итогу, принесут куда больше денег чем на них было потрачено. В современном мире не спрос рождает предложение, всё куда сложнее и есть много зависимостей спросов и предложений. Однако тот факт, что многомиллиардные компании могут рождать спрос на свой товар сами говорит о бессмысленности всей той хуйни что ты предлагаешь.
",0.0
"Челябинская область замечательный регион и я счастлив, что имел возможность вложить свой труд на благо нашего края. Сделано многое, но впереди новые цели и задачи. Мира и добра вам, дорогие земляки, процветания нашему опорному краю Державы!
",0.0
"все оформлено Почему вместо фигуристов приклеил ксенофобский пикрил?! Бан нахуй! И даже не вякай!
",1.0
"А что еще отвечать на подобные долбоебские вопросы? Ну то есть, Павук нормально ответил, но Стасян зачем-то начел спрашивать то же самое, только другими словами
",1.0
"Че ты паришься? Они ща хлебало сделают, что это не они и будут кукарекать, как последние дырявые, что начни с себя.
",1.0
"даже твоей мамаше-шлюхе? или она продолжит до 60 на панели стоять? Серьёзно, как твоя мамаша отнеслась к повышению возраста выхода на пенсию?
",1.0
"Это же ШВЯТАЯ, по идее этот челик мог встать, отряхнуться, достать ствол и устроить нигерам трипл килл?
",1.0
"Ну таки в нормальном детсаде могут и 40 тыр в мес платить на руки. Плюс стаж и опыт - потом можно в частную школу и репетитором, по Москве это от 100 тыр в мес (сестра до 200 тыр в мес на репетиторстве имеет около 100 тыр в мес школа платит) Плюс может хочет сеять разумное, доброе, вечное.
",0.0
"Папка Монография Маэстро переполнена (4400 файлов, прямо как ссылок!), создаю Новая Монография Маэстро .
",0.0
"Нууу, не удивительно. Нажрался небось и нес хуйню всякую..
",1.0
"Мне нужны новости с раша тудей а не пук.хрю.уа.сом
",1.0
"Сука, ненавижу тебя. Ты заставил меня плакать
",1.0
"Махоун это не до блогер, потлатый говнарь из какой то дыры, типа латвии или эстонии, несет полную хуйню в своих высерах.
",1.0
"Можно. Ничего интересного. Серьёзно.
",0.0
"Германия никогда не будет покупать у США. Я знаю о чем говорю. Если к России допустим 30 немцев испытывают негатив, то к США - 60-70 .
",0.0
"В общем-то, на семейном канале есть довольно ламповые видосы. Есть видосы где они отдыхают - выезжают в лес или просто жарят шашлыки во дворе. Там чувствуется та самая атмосфера русского отдыха, а самое главное - приходит осознание - это то, к чему Нифёдов стремился эти годы. Никаких высших целей, никаких подростковых максималистских планов, приземленные и понятные цели. Нахожусь в состоянии транса смотря его видео. Умиротворение и спокойствие.
",0.0
"интересно, почему сейчас не обсуждают
",0.0
"Начальник ЦИПсО! Этого первохрюкана замените! Порвался.
",1.0
"Как же хочется мамку лизы
",1.0
"Дурачок даже сам себе лайкнул как дебил.
",1.0
"Щас бы всяких червей-клоунов на мемах деанонить, кому он нахуй нужен?
",1.0
"фотографии президента РФ в фашистской форме Когда не нужна даже фамилия. Царь он и есть царь.
",1.0
"Обычная баба. Пацан - лох.
",1.0
"Тебе и собака няшная, клоун
",1.0
"бля пацаны дико извиняюсь, вкладки с тредами перепутал.
",1.0
"э русна на бутылку садис да мимо татарин
",1.0
"Правильно. Айда хохлов обсуждать.
",1.0
"щас бы сайтам с русским именем доверять
",1.0
"пиздец как же я ненавижу женщин
",1.0
"Почему этот пидор не хочет играть Муцураева?
",1.0
"этот побогаче просто будет. ну и ебальник у него приятнее. а так шлюхе все равно кому продаваться
",1.0
"Если с бадуняки залить в себя с утра литр айрана, все плохое настроение выйдет мощной коричневой струёй через пару часов, это кому похмеляться не вариант, на заметку
",1.0
"два чая, как раз недавно тошнольгию пересматривал. Местами конкретный испанский стыд, но все равно лампово, вспоминается молодость...
",0.0
"Слышал там, большинство проституток это хохлушки. Друг рассказывал
",1.0
"Почему их импортируют? Тут нет технологий?
",0.0
"Естественно, не забываем про бесплатную медицину, отдых, копеечные кино, книги, театры, нихуя не стоящая еда, общественный транспорт Няш, ну ты же понимаешь, что ничего бесплатного не бывает. Да, еда была дешевая, только ее в магазине нужно было доставать . Не как сейчас, пришел в супермаркет, выбрал, что нужно, и пошел на кассу (но спасибо контрсанкциям - выбора теперь меньше), а что есть, то и бери. В Москве или Ленинграде проблем с выбором было меньше, а где-нибудь в райцентре Калининской области была жопа. Колбасные электрички не просто так появились - колбасы в магазине не было. Деньги вроде как есть, но купить нихуя нельзя. И то же и с одеждой, и с мебелью, и с автомобилями. Вот сейчас автомобили дорого стоят. А тогда они тоже дорого стоили, да только ты не мог их просто купить - в очереди нужно было стоять. И жилье было бесплатное, это правда. Но ты не мог это самое бесплатное жилье получить там, где тебе хочется. Отучился в ВУЗе или ПТУ, получил направление на работу , и работай. И не в Москве. как ты понимаешь, а в какой-нибудь залупе. И там же и жилье дадут, да. А хочешь в Москву или Ленинград - хуй тебе. Ну, для Москвы, правда, было понятие лимита. И все это бесплатное жилье, образование, медицина - оно не было бесплатным. И когда СССР доходами от нефти не смог покрывать свои потребности, то в ход пошел золотой запас. Натурально за золото, накопленное от сверхдоходов, покупали зерно. А когда золото подошло к концу, то тут и жилье бесплатное, и медицина, и наука пиздой накрылись.
",0.0
"АВСИЕВВСТЬИЫФЦВФФСОАЬ! АЛЕКС! ПЫНЯ! СИСЯН! ХОХЛЫ! РРРЯЯЯЯ!!!
",1.0
"Какую, какую, хохлячью, своей у них нет.
",1.0
"И как бонусом регулярная реклама яндекс обрыгаловки.
",0.0
"технический проход в хохлы Даже хохлы могут в сплоченность и бунт (это еще до событий на донбасее кстати 2013 год) какие же пидорахи куколды
",1.0
"НАКОНЕЦ-ТО! ГОРИ В АДУ, СУКА!
",1.0
"А скиньте аватарку дедушки со стрима, где он в парике и накрашенный
",1.0
"Что за телефон в кармане? И проговаривался ли Гуфик про то какой у него телефон?
",0.0
"СРОЧНА!!!!!!!!!!!!!!!!!!!!!!!!!! ИЗБИЕНИЕ И!З!Б!И!Е!Н!И!Е БЕСПЛАТНА И БЕЗ СМС ПОДПИСЫВАЙТЕСЬ НА КОНАЛ СТАВЬТЕ ЛАЙК ДОНАТЬТЕ ПРОДАЙТЕ ПОЧКУ СДЕЛАЙТЕ БОЧКУ ПОСМОТРИТЕ ВИДЕО Я КАПСОМ НАПИСАЛ ЧТОБЫ ВЫ ПОСМОТРЕЛИ СМОТРИТЕ ЕЩЕ ЕБУЧИХ ВОСКЛИЦАТЕЛЬНЫХ ЗНАКОВ НАСТАВИЛ БЕСПЛАТНО БЕЗ СМС СЛЫШИТЕ БЕСПЛАТНА И БЕЗ С М С СМОТРЕТЬ ОНЛАЙН ОФЛАЙН ХУЙЛАЙН
",1.0
"Ты думаешь, что у феминисток есть мужья? Какой дебил будет с ними жить? Пизда ты ограниченный ебик...Серьезно считаешь феминистки ебанутые бодипозитивщицы повернутые на притеснении кунцов? То что ты считаешь фемиками, это обычные фрики-маргиналы, норм феминистки топят против феминицида, и за выравнивание зарплат. К кунью ненависти не испытывают, сосут хуйцы, моют посуду.
",1.0
"Уверен, что эта мразота которая делает скримеры тоже сейчас сюда прибежит, начнет гадить и оправдывать свою деятельность.
",1.0
"умных людей игродауны
",1.0
"Хохлы-объебосы порвались, лол
",1.0
"Тебя это ебать не должно, пидарюга
",1.0
"Бесплатный долбоеб, ты? Выйди нахуй из треда
",1.0
"продают машины рашка не может! не может я говорю!
",1.0
"Мальчик сразу же ушел в глину по пояс Сука, эти журнашлюхи когда свое говно высирают на фото хоть смотрят?
",1.0
"Червепидорские страны парашной конфедерации -Казахстан. Президент Нурсултан Назарбаев правит с 89 года (30 лет, рекорд) и до наших дней, совершив многоходвочку и передав власть от президента к своей новой должности Отца Нации. Превратил одну из самых перспективных стран региона в гулаг с репрессиями и нищетой. Превратил сталицу Астану в Нур-султан. -Азербайджан. Отец Гейдар Алиев передал трон сыну Ильхаму Алиеву, в общей сложности правят с 93 года (26 лет), наследственная династия правителей, восточная деспотия. -Беларусь. Красный кгбшник Александр Лукашенко правит с 94 года ( 25 лет). Превратил европейское государство в гулаг, а европейское население в рабов и животных. -Таджикистан. Президент Рахмон Эмомали правит с 94 года (25 лет), носит титул Основатель мира и национального единства Лидер нации . Превратил свою страну в нечто похожее на смесь Нигерии и Северной Кореи. -Российская Федерация. Кгбшник Владимир Пыня правит с 99 года(20 лет). Принял страну с миллиардами ресурсов, нефтью, образованным населением и безграничными возможностями для сотрудничества и развития, сейчас правит руинами в прямом смысле этого слова.
",1.0
"украинцам не нравится, когда их называют пидорашками. поэтому украинцы обзываются, как дети малые, мол сам такой, сам такой! пидорашки же)
",1.0
"В очередной раз убеждаюсь, что идиотам источник не помогает, идиоты будут читать писюльки с фантазиями журнашлюх.
",1.0
"Хуякбы. Старый хуй просто нихера не видит уже вот и пользуется лупой. У меня бабка такая же близорукая пизда и хватается залупу мою , когда влом очки искать. А ты просто окатышь обсанный.
",1.0
"Обратите внимание, какой он ультрабыдлан, в конце говорит: Умываться - для педиков. Для педиков. Все пидоры.
",1.0
"Татаре больше русские чем весь этот хохло-бульбаший унтерскам.
",1.0
"Те же самые интонации, тот же самый потешный обличительный апломб 2ую. маргинал интонации мэда всегда копировал. ибо считал его крутым
",0.0
"Я укорочу свою простыню текста. ...Когда срешь на ПОраше как пидорашка якобы случайно серешь себе в шаровары. Скрипт пидорашек тригиртся и скрывает тебя как пидорашку. По этому ты меняешь обсранные шаровары и все равно срешь не снимая.
",1.0
"У нас в России нет чувства налогоплательщика, то есть вас почему-то мало интересует, куда тратят деньги Пара тредов ниже Отток капитала из России по итогам 2019 года заметно превысит изначальный прогноз, сообщила глава ЦБ РФ
",0.0
"Объясните , что теперь, когда клоуны разосрались между собой, будет?
",1.0
"поймал А теперь становись на колени, Тарас. Будем тебе в пятак письками тыкать.
",1.0
"Чмони, чмохи и просто пидоры, я вам в очередной раз напоминаю, что чмоэстро проиграл суд первой инстанции Олеже Ссаколову.
",1.0
"Я не знаю, как написана эта инструкция, но неужели авторы не предусмотрели случай, что ассистент откажет датчики сбойнут и система будет ухудшать качество пилотирования? Тогда всё очень плохо и катастрофа была лишь вопросом времени.
",0.0
"Ой герой нашелся! Да ты бы сам на все замки закрылся. У этого уебана и нож мог быть, полез бы ты в драку? Получил бы пару шрамов на лице. Кукарекнуть в интернате просто, а в жизни всё происходит очень быстро и с последствиями.
",1.0
"АНАЛитики жизни ютюба подоспели
",0.0
"Пидор, ты предлагаешь в интернете телевизор устроить, те кто лайкнул пидарасы сдохните от рака жопы.
",1.0
"После всего случившегося Нурсултан Назарбаев подал в отставку.
",0.0
"Женечка-няшенька истинная чемпионка, зоофилы сосатьь
",1.0
"ЧЕТВЕРГ РЫБНЫЙ ДЕНЬ ПРИШ Л В СТОЛОВУЮ ПУСТЫЕ ПРИЛАВКИ Не понял, можно поподробней?
",1.0
"Путен не вечен. ДНР и ЛНР его переживут. У русских будет шанс решить эту проблему. Если бы поддержки со стороны националистов (а на самом деле не только их, но и коммунистов, монархистов, анархистов, нацболов и кого угодно) не было, то украинская проблема стояла бы еще острее.
",1.0
"Ебать, безумие какое. Может чувак набухался и решил суициднуться, сделав доброе дело?
",1.0
"Сам факт, что фильм, снятый в этом веке нельзя найти даже на торрентах, говорит о том, что фильм этот никому особо не нужен. А какой фильм никому особо не нужен? Правильно, говённый фильм.
",0.0
"Да не жирный же Ну ок как тебе нравится: пухлый, рыхлый, толстый, обоготельный?
",1.0
"Хотя мы не знаем точно частоту экспириенса, но по многочисленным намекам Маэстро можем и об этом дошадываться
",0.0
"Слишком много хочешь. Руснявая пидораха не стоит и пальца казаха. Вы и должны быть рабами, вам не привыкать.
",1.0
"В комментах на спортсе пидораны горят и обличают Глебыча
",1.0
"Топорно работаешь - здесь твои порашные заклинания не действуют.
",1.0
"Нет , ты просто жидко обосрался и с криками ВР ТТТИИИ начал жрать свое дерьмо под звонкий смех олдов
",1.0
"НЗ-менты: Здравствуйте, админ пиндосского форума. У вас на форуме Брендон писал всякое про шутинг, мы бы хотели всё это скачать себе на флэшку. Расскажите, как и что для этого нужно. Имейте ввиду, что это письмо под нашим законом номер 50, короч низя его никому показывать и вообще кококо. Админ: Вы че, охуели пидоры, нихуя я вам не дам. Я вообще у себя тут сам это все постил, видосы там, и всякое. Ебнулись там совсем со своей цензурой. Нахуй двигайте. Меня зовут Джошуа, мой адрес - Пиндосия, такая-то улица такой-то дом, пишите письма мелким почерком. И в очко себе суньте свой закон номер 50. Нахуй и вас и вашу говнострану. НЗ-менты: Спасибо за быстрый ответ. Мы подумаем.
",1.0
"Руснявые бесвкусные додики даже до уровня лил пипа не дорасли. Быстрее сдохнут уебаны - быстрее нормальная музыка в ру сегменте появится.
",1.0
"Удвою опа. Заебало, смотришь видос, а там ебля обрывается видосом по химии.
",1.0
"(...)Вот например метод гнилой селедки . Работает так. Подбирается ложное обвинение. Важно, чтобы оно было максимально грязным и скандальным. Хорошо работает, например, мелкое воровство, или, скажем, растление детей, или убийство, желательно из жадности. Цель гнилой селедки вовсе не в том, чтобы обвинение доказать. А в том, чтобы вызвать широкое, публичное обсуждение его НЕсправедливости и НЕоправданности. Человеческая психика устроена так, что, как только обвинение становится предметом публичного обсуждения, неизбежно возникают его сторонники и противники , знатоки и эксперты , оголтелые обвинители и ярые защитники обвиняемого. Но вне зависимости от своих взглядов все участники дискуссии снова и снова произносят имя обвиняемого в связке с грязным и скандальным обвинением, втирая таким образом все больше гнилой селедки в его одежду , пока наконец этот запах не начинает следовать за ним везде. А вопрос убил-украл-совратил или все-таки нет становится главным при упоминании его имени(...)
",0.0
"Охуеть ты олд Сразу вспомнил ту группу в вк, со смешными мемами
",1.0
"Очевидно вагоны разгружать, с этим режимом нормальной работы нет
",0.0
"Другие питерские такой хуйней не занимаются. У академега на втором контент часто даже лучше основного бывает. Помню как все порвались с этого видео
",0.0
"В Рашке не надо работать, из Рашки надо валить.
",1.0
"Ну вот посмотрел его видео, Япония хоть и не рай, который рисуют себе виабушники, но всё же не самая худшая страна. По сравнению с адом уныния и безысходности, который в США, в Японии местами даже весело.
",0.0
"стало быть и форм движения - две. Капиталистическая и социалистическая. На то, что первой нужно 5 лет, второй достаточно 3 лет.
",0.0
"Сильное выступление, теперь я за Навального нет
",0.0
"Ну есть её фото? Мне голос её всегда напоминает ту ведущую с россии1 на которую дрочат крым-политачеры.
",1.0
"Хуйло, почему ты считаешь что постить с аватарой - это нормально?
",1.0
"высказался КХЕ КХЕ КХЕ КХХХХ КХА КХА КХЕ КХХХХХХ
",1.0
"Макака специально такие имена дает всем с ЛГБТ флажком?
",1.0
"Что за лошак? Его мнение важно?
",1.0
"кукарекнула то, о чем на харкаче последний сосницкий уже докторскую защитил и тысячи тредов высрал ЕБАТЬ ФУРОР НАХУЙ. ВОТ ЭТА ДА? ДА КАК МЫ СРАЗУ НЕ ДАГАДАЛИСЬ ТО ЕБАТЬ. АЙДА НА ПЕРЕДАЧУ РАССКАЖЕШЬ ЧЕ ТАМ ДА КАК Больные пиндосы. Еврокуколды рили создают впечатление какого то умственно отсталого народа имбецила.
",1.0
"На днях купил какому-то школьнику-студенту (выглядящему не младше меня) энергетик в магните, потому что он не мог. Нихуя себе ребенок, ему было лет 16-18, разве это не пик здоровья? Зато деду легко можно продать, а потом его ошметки будут по всему городу собирать.
",0.0
"У руццких давняя тема влечения к жопам полных говен, просто не могут устоять, педерасты одним словом.
",1.0
"Помню, о нем весь интернет говорили в году 12-13. Сейчас уже несколько лет, как о нем нечего не слыхано только канал дай пять вспомнили о нем . Как говорил сам Желудь, сам захотел уйти из славы, ибо его это заебыло.
",0.0
"Все, едем в пендостан ебать тупых пендосских шлюх.
",1.0
"Монголокацап детектед.
",1.0
"всех подписавших запишут в экстримитсы террористы. жалкая рабская блеющая овечка против локомотива дьявола.
",1.0
"у неё клитор больше твоего члена Отсосал бы ей клитор и дал кончить сквиртом на лицо. Но суть не в этом, а в том, что таких - единицы, и для конкуренции слишком мало.
",1.0
"бродяжной собаке штраф, за разведение антисанитарии, зоошизу(говноОПа и блохера) усыпыить, хозяина расстрелять...
",1.0
"Но от Сидоровича не уносят мусор
",1.0
"Вчера увидел знакомый ебальник в новостях, это Паша Колемесин, мы с ним до 5 класса вместе учились, потом его перевели в другой класс, потом в другой, а потом и вовсе в другую школу, видимо заебал всех. Хотя был омежкой даже большим чем я, так что сейчас я удивлён
",0.0
"при очевидных потерях и расходах хуя се манямирок и свинособаки....
",1.0
"Какое отношение твой лахтодырский сайт имеет к этой теме? Иди нахуй.
",1.0
"Аргументировал это тем что православие мертво и вообще РПЦ это гебешный цирк, а Опус Деи это нечто живое и развивающееся.
",1.0
"жена ушла Надо было ее сжечь, катался бы сейчас по миру
",1.0
"У тебя на него встал значит он пидор?
",1.0
"ты не у себя в школьном дотатреде и не на переменке, петушонок малолетний.
",1.0
"Цена на золото почти всегда одинаково. Плюс его можно возить в самолёте
",0.0
"Как же хочется её абьюзивно насильно мачнискти суперматистки трахнуть в ональную дупу своим крохотусиком...
",1.0
"Ну ты же понимаешь, что у хохлов и денег то нет?
",1.0
"Было уже всё это, пусть что-нибудб новое придумают.
",0.0
"А ведь о чём-то подобном предупреждали ещё в треде 2.
",0.0
"А вертолеты подняли? В спортлото обратились? Конечно серьезное дело, не то что горящий автобус с 50 пассажирами куда приехал один наряд.
",0.0
"Светов изначально был поддержан уважаемыми у кряклов эмигрантами вроде Дурова и Чичваркина. А Свин уже давно сделать самое грязное что можно представить - призывал могилизироваться на домбабве. А в медийном поле и дальше пропагандировать домбабве это очень стремно. Там с одной стороны все сомневающиеся и симпатизирующие руским креаклы отвалятся навсегда, а останутся реальные любители прямого действия в стиле бонов из нулевых. И от такой хуйни можно много до чего договориться. А все эти антилевацкие интернет воины это конечно никем не уважаемая, но на деле никак не дискридитирующая тусовка. Об того же Понаса испачкались и дожди и федеральные сми, и радио свободы и навалы и демшизоидные блогеры. А он и по стилистике и по сути говорит вещи пожестче.
",1.0
"И вот, разве это не аватарка?
",1.0
"Да не буду я твоего сисяна трогать, успокойся, хуйлан.
",1.0
"На острове Кунашир продолжается создание современного предприятия по производству рыбной муки и рыбьего жира. В Южно-Курильске строители завершили закладку фундамента будущего здания, заливку полов и приступают к монтажу несущих металлоконструкций. Финансовую поддержку проекту оказал региональный институт развития созданная островными властями Корпорация развития Сахалинской области . Акционерное общество на льготных условиях профинансировало изготовление в Таиланде высокотехнологичного оборудования двух производственных линий будущего цеха. В пиковый период они способны перерабатывать до 504 тонн сырья в сутки. В конце ноября прошлого года груз прибыл на остров. Дальнейшее строительство здания цеха будет вестись параллельно с монтажом и наладкой производственного оборудования, рассказал генеральный директор ООО ПКФ Южно-Курильский рыбокомбинат Константин Коробков. Запуск должен состояться до конца 2019 года. С выходом нового производства на полную мощность в 2021 году ежегодный вклад ООО ПКФ Южно-Курильский рыбокомбинат в валовый региональный продукт вырастет до 1,7 миллиарда рублей. Поступление налогов в региональный бюджет увеличится до 92 миллионов рублей. На производстве будет создано 46 новых рабочих мест.
",0.0
"70 лет промытых мозгов.
",1.0
"ПАЦАНЫ КАК СЕГОДНЯ ПРИКОЛЬНЕМСЯ НАД СЫЧЕВЫМ, ДАВАЙТЕ В ОЧКО ОКУНЕМ ИЛИ КЛЕЕМ СПИНУ НАМАЖЕМ У МЕНЯ ИДЕЯ ПОЛУЧШЕ, РАСКАЖЕМ СМИ ЧТО ОН ТЕРАКТ ГОТОВИТ, ОН СТРАНЫЙ И НЕЛЮДИМЫЙ НАМ ПО ЛЮБАС ПОВЕРЯТ
",1.0
"Лахтобляди совсем ебанулись. Скоро все подряд страны будут перефорсивать на Пидорашку.
",1.0
"Модератор, может почистите скопившиеся репорты?
",1.0
"Я же не мразь, лжец, приспособленец и просто негодяй.
",1.0
"Какая же ты мразота, надеюсь, ты как можно быстрее сдохнешь от спидорака. Такие в принципе не должны доживать до 25. Излишне этичным он стал, не ссать людям в напитки, не насиловать женщин, никого не бить - это теперь излишняя этичность. Блядь, каких же лучей поноса я тебе шлю, уебок.
",1.0
"У тебя Порошенко массовые вбросы на выборах готовит, а ты о москолях думаешь. Беги на майдан скакать.
",1.0
"Меня больше всего прикалывает когда Егор в очередной раз несмешно шутит и смеется потом как свинья на кокаине а его телка такая Кхм и что-то читает серьезным голосом чтобы не было заметно какой ее парень мудак.
",1.0
"Ага. Ради интереса глянул Анального, думал скажет он об этом или нет? Сказал, тоже в стиле ололо глядите лох пидар в лупу смотрит Думал, может это траллинг такой, ан нет, вон окатыши также думают и не парятся.
",1.0
"Это даже хорошо, больше хохлов можно порвать за один заход.
",1.0
"Теперь понятно почему у него жирная страшная баба и почему он сошелся с Просвирниным. Я как физиогномист говорю, он дешёвка
",1.0
"Сколько же мелкобукв в треде, ненавижу вас уебища .
",1.0
"Сратый петух с вырвиглазными превьюхами и 256 подписонами сам про себя создал тред и себя в шапку сунул, ну конечно же пойду ему бампать тред. Зарепортил.
",1.0
"Не сказал бы, что засунуть пять книг в один фильм было хорошей идеей К сожалению пока не читал, но обязательно прочту, исторические романы- лучшее
",0.0
"в новокузнецком Пусть радуется, что не заточкой получил в этой криминальной наркопараше.
",1.0
"Кто-же тогда спонсирует бунты в США?
",0.0
"респекты за эти выдержки. Каждое написанное слово в них - правда. Милошевич у вас фашист, военный преступник, кровопийца, чего ж вы тогда с этим негодяем ручкались за 3,5 года до агрессии, чего это Холбрук из Белграда не вылезал? Туджман был сербофобом и ярым антисемитом, но военный преступник и просто извращенец Клинтон ему до сих пор подлизывает, говоря, что он никогда бы не поехал в Гаагу, Если бы не отдал концы в конце 1999 года. История воздаст должное президенту Милошевичу за борьбу и сохранение своей страны, это не няшные куколды, кто целый полуостров без единого выстрела отдали, а потом кукарекают.
",1.0
"зоофилофобная страна Ох уж эта пидорашка со своей зоофилофобией...
",1.0
"После его жалких просьб поцеловаться ещё послал бы его нахуй.
",1.0
"не только с внешки горит, но и с его шутеек уровня чуь ниже петросяна, с ебанутой подачей и необоснованными вставками при монтаже и с того что этот питерский педераст видео раз в 5 лет высирает, хотя у него там целый гомо-отряд на монтаже
",1.0
"Какая медицина, пидоран? Че несешь вообще?
",1.0
"За это же время империя почему-то скатилась вообще в говно. Странно, да?
",0.0
"Предлагаю пять тыщь и ебу тебя в жопу на стриме
",1.0
"Хуйня этот ваш дэбиль. Я думал, он всех будет хуесосить и избивать направо и налево.
",1.0
"БЛЯЯЯЯЯ!!!! Я искренне надеюсь, что на нынешний дедовоевалий пидораны натянут это говно на головы и будут ходить гордые. Я хочу это увидеть.
",1.0
"молодые топят Пенсионеров на гигантских кораблях
",0.0
"Какие же ватники наивные и тупые.
",1.0
"русня снимает видосики и бугуртит. Русский бунт. Рашковане as is.
",1.0
"Будешь орать когда тебя десять хачей в жопу ебать начнут, сжв-хуесос. Хотя наверняка тебе понравится.
",1.0
"Утер мочу с ебла и МАААААМ! Я ВСЕХ ЗОТРОЛЛЕЛ! Каникулы начались, блядь.
",1.0
"Порашники прифотошопили Путину сиськи что-бы доказать что Алекс Пыня не Сисян? Или в чем смысл?
",1.0
"Напоминаю, что легализация во всех странах лоббируется Соросом, который создаёт рынки для картелей.
",0.0
"Полгода-год назад где-то. Никто не знает.
",0.0
"Соснули либерахи, верящие фантазиям очередного шизика.
",1.0
"Скоро вместо клоун у пидарасов будем говорить пидарас у клоунов
",1.0
"Шевцов,гений!Как он разбирается во всех областях науки?Как он делает так чтобы малолетние дебилы ему поклонялись?Просто он говорит школьникам что они хотят услышать.Вот вам и про то что СНГ страны загнивают,пора валить срочна РРРЯЯЯ
",1.0
"русня не умеет в готовку ... ведь поджарить хохла может только хохол
",1.0
"А ты думаешь почему к власти нацисты пришли? Глядя на все зверства на востоке, учиненные евреями, немцы готовы были допустить к управлению самых рьяных радикалов, лишь бы не было того, что происходит сейчас. Горе побежденным - знаешь такую максиму? Русские проиграли в 1921, немцы проиграли в 1945. Теперь же пожинают плоды. К слову, немцы сами виноваты в этом, ибо использовали подлый прием против РИ в войне - запустили туда еврейских радикалов и щедро профинансировали. В итоге уже через год получили ноябрьскую революцию. Или вспомни немецкого канцлера, который посадил под собой Меркель, боясь конкуренции мужчин. Чем она ему отплатила и что сейчас делает с Германией ради сохранения власти? Или вспомни политиков, которые давали женщинам права ради дополнительных голосов и сохранения власти в краткосроке. Во что это теперь вылилось? Подлые приемы в политике сгубили этот мир. Гниды у власти его сгубили, разрушив фундамент. Каждый подобный подлый прием скатывает мир в говно, вне зависимости от масштаба деяния.
",1.0
"Неблохо, неблохо. А как у него с обеспечением? Я правильно понимаю, что у него есть некая себестоимость: в него были вложены машиночасы и электроэнергия?
",0.0
"А как же женское тепло? Все, уже не нужно?
",0.0
"Два чая. Русский значит стыдно, и лжец
",1.0
"Ты у бомжей и алкашей тоже лизал и сосал что ли?
",1.0
"Я весьма поверхностно знаком с творчеством сего пациента, но из пары его недавних видео могу сделать однозначный вывод, что абсолютное большинство его тезисов находятся где-то посредине двуемыслия и пиздобольства. Это довольно сложный вопрос. Довольно часто иностранцев принимают куда лучше, чем самих японцев. Не потому что японцы плохие, а потому что иностранцы, они как дети того и глядишь расшибут себе лоб без присмотра. Но вообще стоит этим не злоупотреблять и поскорей ассимилироваться. Не рай, конечно, просто очень зажиточная, а главное комфортная для жизни, страна. Я бы даже позволил себе заявить, что по всей совокупности параметров лучше в мире попросту нет. Швейцария, возможно, но это не точно. Виабушники, к слову, не так уж далеки от реальности, рандомное аниме про повседневность практически идеально описывает, собственно, здешнюю повседневность. мимо-живу-в-японии-5-лет
",0.0
"Он был маньяк и кровавый палач душегуб
",1.0
"В масштабах одной страны оно также нереализуемо. 300 миллионов человек пересрутся еще на стадии определения понятия либертарианства, ведь оно весьма расплывчато. Кроме того, огромному проценту жителей любой страны нужно государство-нянька, им комфортно платить налоги в обмен на контроль. Чтобы впихнуть им либертарианство, придется поступиться демократией, что в свою очередь порождает вопрос а с какого, собственно, хуя? .
",0.0
"Ты боишься даже криво посмотреть на этих ерох, ведь они набьют тебе ебальник сразу. Жиза? Жиза
",1.0
"и ебаной бритвой Ебаной электробритвой, офк. Идеально аналог One Blade, тот вообще идеально точный, легкий и неощутимый. Но даже ебаным Харьковом бриться в 10 раз комфортнее чем лезвием.
",0.0
"А я напоминаю малолетним дэбилам ИТТ о том, что антисоветчик всегда русофоб
",1.0
"Не, про засекречивание имущества нармас новость
",0.0
"Тут был видос и новость как в каком-то из штатов чувак пристрелил толкнувшего его агрессивного быдлана на парковке у молла. Безоружного. И ему ничего за это не было. Такие законы в том штате. Можно пристрелить даже замахнувшееся на тебя быдло.
",1.0
"Дайте в рот этому хуесосу и сфоткайте
",1.0
"Ублюдки растекаются по всей доске. Измазывают раздел своим говном. Им очевидно не место среди людей.
",1.0
"Аааааа, почему они не дают мне убивать инакомыслящих, отрезать головы неверным, почему?!
",1.0
"Хохловский умный, хорошо образован, но, к сожалению, у него не особо мужской склад сознания, он далеко в деле не пойдет. Может, причиной тому его вялотекущая шиза.
",1.0
"Странно что еще не было, или был но я проебал, помню нравились его старые видео еще без вебки и в соло, ну и коопы DayZ мода крутые были а щас как то и просмотров мало да и в принципе уже не то
",0.0
"Иностранца точно продают у них ещё сезон
",0.0
"Самые лютые бандеривци тоже почему-то Канаду украинушке предпочитают.
",1.0
"Да ну нахуй. Чем такая свиноматка с прицепом, лучше инцелом быть!
",1.0
"ПОДПИСЫВАЙСЯ НА ПЕВДСА!!11
",1.0
"Жидам нельзя доверять. Жид всегда будет думать о благополучии своей диаспоры, но жиды хитрые они будут делать вид что любят русских и русскую культуру, что они беспокоятся о русских и хотят им всего хорошего и.т.д. Но это всего-лишь маскировка приведу сравнение с паразитами, забота паразита о теле хозяина вызвана желанием и дальше успешно на нем паразитировать, а не из истинного желания добра ему.
",1.0
"ТРЕД ДЛЯ ТЕХ У КОГО НЕТ СВОЕГО МНЕНИЯ
",1.0
"этого пидора в Химках видал недавно на гик-конвенте видал, жирный что твой кабан. Ходил меж рядами и опускал арты и комиксоту. канал с гик-обзорами по Marvel и DC ХУNТА, таких 10-12 фактов про superheroname в интернетах overдохуя, а больше ничего он не умеет. Да и факты ебанутые (типа первый факт: Железный человек - Тони Старк. Второй факт: Он гений, миллиардер, плейбой, филантроп. Третий факт: Он сын Говарда Старка )
",1.0
"Какие же французы терпилы, пиздец просто. Стоит пернуть неподалеку, они уже натренировались поднимать панику, теракт каждые два дня.
",1.0
"Алсо двачую за политику ужесточения, наберите моар модеров в тред и сметите весь этот мусор с их кирюхами, заводами, чумоходами и прочей не имеющей к треду отношения поеботой в 2д, пусть там в жопы долбятся.
",1.0
"полизал бы ей ножки , холоп?
",1.0
"Тупа сеги трэнду бездарного хуйсоса, а так жи насрал на ебала его зрителям, десу.
",1.0
"Стыд ебаный Кстати я заметил, что американцы очень любят совать русских и русский язык в разные фильмы последнее время. Почему так?
",1.0
"А что ты лучше сделаешь, цены у всех трёх АБСОЛЮТНО одинаковые. Может в других городах по-другому, не знаю.
",0.0
"Няшная тян. Кун всратый и слабохарактерный мудак. Пиздить тян и сливать фотки может только самая забыченная и пресмыкающаяся чмоха. Все кто с ним согласен вы тупа мерзкие животные.
",1.0
"21-й век закидывают противника топориками
",0.0
"Забавно наблюдать за стадией отрицания Это может быть фейковая новость
",0.0
"Во всем прав. До сих пор он приносит ТОННЫ АНАЛЬНОЙ БОЛИ всем сортам срынкоскота, от нацидауна до либералошвали. Особенно сильно с него горят различные лживые творческие илитки, изрыгая тонны пиздежа про миллиарда расстрелянных, т.к. они не могли при нем поплевывать в холопов. Полыхания этих животных наблюдать приятнее всего.
",1.0
"Может банально потерял доступ к акку. В любом случае о съебе где-то прямым текстом было сказано.
",0.0
"Не исключено, но с фактами которые он озвучивает кто-то будет критику производить?
",0.0
"Модератор, он всё ещё не в бане. Уже почти два дня прошло! совсем блять расслабились, не модеры, а пидорасы хуями фаршированные
",1.0
"Толика - убердолбоебика
",1.0
"Передайте своему пидарасу понасенко, что он спалился как кремлевский пидар, когда на Шульман наехал. у меня всё
",1.0
"Блять 20 тредов новостей про Украину на ньюсаче Лахта тружится в поте лица выравнивая политическую повестку с федеральными СМИ Хоть один понял для чего создаются хохлотреды.
",1.0
"Поясните, что смотреть на ютубе и как, чтобы не зря тратить время смотря всякую рандомную хуйню а как-то развиваться
",0.0
"Тебе Егор, блядь, все мозги засрал, идиот? Путин устроил войну, выгодную только ему,блядь, они её поддержали(действия Путина), что ты втираешь мне? Свой народ?! Ахуенный народ, блядь - орда новиопов всех мастей со всей России, а не местных, у меня сосед по дому туда ездил - он тот ещё аутист и полудурок, а не русский националист. Вы изгадили Русский национализм, кретины!
",1.0
"Я вот предлагаю выбирать всех должностных лиц по жребию
",1.0
"Да клоун он для тупого быдла. Что тут ещё обсуждать? Хотя бы одну умную мысль из его рассуждений вынесли? Хотя бы один неповерхностный анализ на хороший фильм от него видели? Попкорновый обзорщик для попкорновой аудитории.
",1.0
"В Москве на 94-м году жизни скончалась российская и советская актриса театра и кино Маргарита Жарова. Об этом сообщили на сайте Союза кинематографистов РФ. Артистка ушла из жизни 21 марта. Причина смерти актрисы не раскрывается. Известно, что последние годы она тяжело болела.
",0.0
"Цитаты ванильной пизды
",1.0
"Подписчиков у него за 50к из них всего 22, сами знаете кто, лол , и просмотров в первые сутки за 100к. Для такого неклипового формата, числа не маленькие.
",0.0
"Мандарины протухли. Хачапури остыли. И пахнет немытым хачем.
",1.0
"Как можно убедиться на обучении студентов Гурой (2 видоса длинных), большинству из них до его уровня, как по артистизму, так и по выразительности пения, довольно далеко.
",0.0
"как машина времени в 90е отправила От ДС отъедь на 20 км или на несколько станций на электричке, и наслаждайся вживую.
",0.0
"Игру запретили в пидорашке после этого. Да хуй знает. Ты не хочешь со своими глубокими комментариями свалить в по, ньюсач, блохач или хотя бы в тред к шарию? Уверен, там диванным бойцам необходимы твои важные политические комментарии.
",1.0
"Во всем виноваты белые расисты. Феминизм победит.
",1.0
"Я помню ещё один из ранних проектов Нифедова, эх были времена. 11-12 год.
",0.0
"Может это и есть модератор
",0.0
"Доброе утро, социалисты!
",0.0
"рекомендует книгу Черный лебедь ? ебать он дебил
",1.0
"Кто, кроме Сакрамара помнит о свинье гнидине?
",1.0
"Хоть бы еблище подштукатурила. Рябая блядь какая то, хуясе няша. Я бы такой не то что писать, ссаную тряпку, сортиры мыть не доверил
",1.0
"Оу, с обострением ситуации в стране лахтодырий десант увеличили, и теперь будет 2 дырявых треда с циферками, лол
",1.0
"Поэтому просто стеснялись выгонять, чтобы не прослыть женоненавистниками и задротами Ну и бред. Настоящие чуваки свободные от баборабства так не поступают.
",1.0
"На бонге хоть подрочить есть на что.
",0.0
"врубой далбаеб я уже все взял готов чилить
",1.0
"Говношкурых не спрашивали. расистской падали слова не давали, ебальник закрой, а то в унитаз спущу, как дедушку Гитлу.
",1.0
"Финляндия возглавила список стран с самыми счастливыми жителями. Об этом свидетельствуют результаты исследования World Happiness Report 2018 по заказу ООН. На втором месте расположилась Норвегия, замкнула тройку лидеров Дания. В десятке самых счастливых стран оказались также Исландия, Швейцария, Нидерланды, Канада, Новая Зеландия, Швеция и Австралия. Россия заняла 59-е место, обогнав Казахстан, Кипр и Боливию. Наибольшее падение в рейтинге счастья показала Венесуэла: она опустилась с 82-го места на 102-е. Украина стала 139-й среди самых счастливых стран. Уровень счастья определялся по нескольким показателям: ВВП на душу населения, продолжительность жизни, социальная поддержка, свобода жизненного выбора, щедрость и доверие. В 2018 году более 83 процентов россиян считали себя счастливыми людьми. Причинами для этого чувства они называли наличие семьи, хорошее самочувствие, работу и наличие детей.
",0.0
"Зачем тогда твои вскукареки А ВОТ У ХОХЛОВ... ?
",1.0
"Ласковым и Нежным, будет ЛЮБИТЬ! Средней наташке это нахуй не надо. Она хочет пить мочу турка, вылизывать подошвы Ашоту и получать пиздюлей от васяна. Крепостная порода же.
",1.0
"Фрэд, иди нахуй, не пойдём на твой ссаный концерт
",1.0
"ГОВНО СОЖРУ, ЛИШЬ БЫ ЛИБЕРАХИ ГОРЕЛИ НА БУТЫЛКУ СЯДУ, ЛИШЬ БЫ ЛИБЕРАХИ ГОРЕЛИ СДОХНУ, ЛИШЬ БЫ ЛИБЕРАХИ ГОРЕЛИ
",1.0
"ВНЕЗАПНО шляпа становится маскотом крымотреда. Все постящие шляпу получают бонусы, которые можно тратить во время выхода третьего сезона. Вне сезона действие бонусов отменяет баны за анимепостинг.
",0.0
"Пидрюха норм так всосал
",1.0
"Норкомон Что только не придумают Тарасики, им лишь-бы целовать сапог прежнего барина.
",1.0
"Твоя пидорашья риторика тут не проканает, свинолюд. Потому что это вы растекаетесь по всей борде, с перефорсом свиней и тухлыми мемчиками уровня одноклассники 2009. Чем и палитесь, ведь убогие крымодауны не имеют понятия о традициях и культуре борд, вы убогий скот с ватнокласников.
",1.0
"Мне одному его фамилия вечно слышится как Омежко?
",1.0
"демократия работает только при условии активного участия США Это прекрасно
",0.0
"Неприятно? Страдай, хохложивотное.
",1.0
"Пиздуй у Ашотов сосать, сельдь. Думаешь мы не поняли, что ты обычная шкура?
",1.0
"Вам за защиту чукчи по усиленному тарифу платят, раз вы так усердно и активно за него копротивляетесь?
",1.0
"Лахтодырка отрицает свое существование.
",1.0
"парень, целовавший руку, смеялся в это время У него же просто ще нячий восторг на лице написан.
",1.0
"Определяющтй фактор - наличие жрачки. но проблема голода это вроде уже давно не проблема в целом для людей.
",0.0
"Дали бы на ротан этому пидору Алексунайтмору из его команды?
",1.0
"ФАЯЯЯЯЯЯ ТУТТУТУТУТТУТУТУТРУРУТУРУТУ
",1.0
"Лови, сука, и знай, что у каждого украинца в сердце подобное. И если ты, мразь, попрешь сюда силой, то знвй, что ждут тебя боль и унижения
",1.0
"Перфекционист? Вот блядь вцепился в страну как клещ.
",1.0
"Кого ебут твои доктрины, шнобель? Исламисты из детей боевых юнитов как нехуй делали, жеребят валить наглухо даже школьный охранник имеет право в случае группового нападения с применением оружия , почитай сука законы. А палестинцы не люди вообще, пусть нахуй катятся ишаков ебать в горах подальше от земли тех, у кого реально невинных детей в печах архивировали до состояния спичечного коробка.
",1.0
"Ты живёшь ради секса, долбоёб?
",1.0
"Дизайн комнаты скопирован со Смехопанорамы Это была моя фраза, помню, славные были времена, до гибельной капчи, тогда еще массовка на дваче была
",0.0
"Пошла нахуй свинья. Хохла на штык! Хороший хохол - дохлый хохол. Убей хохла, убей!
",1.0
"если есть у бабы рот значит баба не урот
",1.0
"Остальные паразиты на теме двача не выстрелили, а Савкин держится за счёт стори приглашаемых гостей (реальных хикканов). Но уже сейчас он пытается сменить основную аудиторию с омеганов на школьников.
",1.0
"О! Проход в хохлы на 14 посте, что то поздновато, не проснулись ещё, понимаю.
",1.0
"Габен проебал момент, когда можно было выстрелить даже средненьким шутаном. Нынешние гамиры хл3 не знают и не ждут, а прошлым уже похуй. К тому же вальва уже давно не геймдевелоперская контора, а занимается хуй знает чем. 3 нибудит.
",1.0
"Меня и интересует, какие плюсы у биткойна по отношению к современным валютам и к золоту. Потому что анон жалеет об отмене золотого стандарта и ратует за биткойн. Вот и хотелось бы сравнить плюсы и минусы
",0.0
"Достаточно одного хохла, чтобы все пошло по пизде.
",1.0
"Они уже его нашли. Зайди к тянке на страницу.
",1.0
"Какие же мерзотные зажравшиеся рожи. Прямо натуральные сеньоры помидоры из Чиполлино
",1.0
"46 рабочих мест принесут одних налогов на 92 млн, вот это норм бизнес
",0.0
"Всем похуй на пидорашью боль. Вы-никто даже в виртуальном пространстве.
",1.0
"Пидорахия - это Россия. Украина тоже говно, но Россия - Пидорахия.
",1.0
"Не уйду, хуй соси мой ты. Я вообще из рашки и не из хохляшки. Во-вторых, кукарекающее анонимно на других людей быдло че то попездывает за доносы, уморительно. А как теме такое пидорашье ремесло как разводить сплетни, лезть в чужую жизнь и анонимно коллективом травить одного. Вы, молодежь так ненавидите совок, но сами от него далеко не ушли. Да, успокаивай себя этим.
",1.0
"Да заебись деваха, дрочилы вы журнальные... как несколько нормальных баб с утра повидаете, так по другому рассуждать начнете.
",1.0
"Двачую за отмену бесконечного. Один фиг все смывает шитпост. Это надо 24 7 сидеть в треде чтобы палить крупицы релейтеда.
",0.0
"Весь научпоп от блогеров параша
",1.0
"Кулстори: Любила не того, а он всё слил. Бгг, эталонная ТП
",1.0
"15 и повышение в должности. Отлично работаем!
",0.0
"Бля, ночь почти закончилась и тут казимиркины шизоиди просочились из обители говна.
",1.0
"Я если че пешеблядь, но для меня спокойнее пользоваться внеуличными переходами. Лифты нормально работают, пользуюсь раз в неделю таким переходом и только 2 раз лифт не работал.
",0.0
"Политолог-единоросс из маргинальной конфы обозревает ослепительную победу Стаса671Какпросто над девственным Павуком:
",0.0
"Пиздец одни хачи. Стоило назваться хачеградом.
",1.0
"Тот же самый поток мата Рапич мало матерится, так что тут ты мимо. Обычное быдло как по мне, которое стало популярным благодаря неадекватным реакциям на стримах. Адекватным реакциям, искренним, а не терпильным как это у большинства людей бывает.
",1.0
"Вот бы мне няшная тяночка или трапик в рот насрали...
",1.0
"Если это бабы-борцуны за равноправие, то зачем они выглядят - как мужчины? Они уподобились своим угнетателям?
",1.0
"Пидорван пидорнулся в пидорешт, пидранем за пидрокой
",1.0
"Катарские источники сообщают, что после 16 дней переговоров в Дохе, США и Талибан заключили соглашение. Согласно договоренностям, США выведут все свои войска (имеются ввиду именно регулярные войска) из Афганистана, а Талибан обязуется не дружить с Аль-Каидой и бороться с терроризмом на территории Афганистана, дабы ИГИЛ или любая другая террористическая группа (Талибан с этим соглашением фактически выбывает из списка террористических организаций и переходит в лагерь контртеррористов ) не могла использовать территорию Афганистана для нападения на другие страны. Глава американской делегации отметил существенный прогресс по этим двум пунктам... ...Согласно требованиям Талибана, США отказались от предварительных условий связанных с обязательствами талибов начать политический процесс с кабульским правительством. Обсуждали простую сделку - вывод оккупационных войск в обмен на обязательство Талибана бороться с терроризмом , что было одной из главных задач спец.представителя Трампа по Афганистану... Кажется у официального правительства Афганистана появляются некие проблемы и перспективы немношк повисеть на кране.
",0.0
"Суть-то не в кредитах, а в положении в обществе. Кто-то представитель дефицитной профессии, на резюме которого работодатели слетаются как мухи на мед, а кто-то в случае потери работы будет месяцами пороги обивать лишь бы снова взяли менеджерить крутить гайку. Деление на классы работает так. А кредиты и способность платить по ним не значат ничего - в царской России каждый третий дворянишка имел долгов на три жизни вперед, но холопом от этого не становился.
",0.0
"пиздец, позор какой-то, зоопарк ебаный, чиж может и говно как человек, но эти ещё хуже
",1.0
"русским поляки ближе чем каклы что ли получается?
",1.0
"Двачую, да и студия всратая, если комнату с камерой можно вообще студией назвать.
",0.0
"Почему у папича такой даунский чат? Реально ощущение, что его смотрят школьники одни. Олды блять, пиздеж ни о чем, спам фразами за папичем, постинг монкасов и прочей хуиты.
",1.0
"против сочинской Олимпиады Сука, ебаный шизик. Надо было не арестовывать, а просто в дурку закрыть.
",1.0
"Русачки были пушечным мясом империи.
",1.0
"Скримеры рак, форсящийся детьми, нахуй убивающий всю ламповость шебм-тредов. Раньше ты мог просто кликнуть на видос, и прощелкивать их вниз, даже не читая постов. Где что-то нужное остановился, спросил или на хуй послал. Сейчас же такое хрен сделаешь, либо уши надевай, либо без звука смотри. Но эти же пидарасы специально делают видосы, где нужен звук, который еще и приглушают. В общем, эту хуйню либо выжечь, либо от шебм-тредов останется только дрочилово.
",1.0
"Дуракам здесь не место
",1.0
"Интересно, а САС на их Старлайнере тоже будет опциональной?
",0.0
"и официальные корочки актёрства Это конечно меняет дело. Голливуд повержен.
",0.0
"своей культуры Культура российской империи культура росийских немцев. Имперцы такие же же немцедрочеры по сути. Что ещё более забавно.
",1.0
"руснявая няша проебала республики руснявая няша проебала окраины руснявая няша проебывает столицу И кто из нас говно, свинья?
",1.0
"А как понять, когда уместно, а когда нет? Кто определяет какое количество уместно? Никогда не уместно.
",0.0
"Так хохлы и есть грузины татары молдоване венгры азербайджане армяне и прочий прочий прочий мусор.
",1.0
"О, свиньи вздумали еще и пидорах перефорсить. Смiявсь. Вот и я думаю, что на мнение пидорашек всем плевать. А я считаю, что пидорахи должны покинуть политач.
",1.0
"Не повышать акцизы, не сажать конкурентов Роснефти. Из самого простого.
",0.0
"Не переводи стрелки. Тут конкретно обсуждают, что покаки и попуки с багдасарян на автаче нахуй не нужны и точка.
",1.0
"Двачер хуже пидораса Пост на дваче Двач такой двач. Или будут оправдания по типу ДАК Я ЭТА, СЮДА НАД ВАМИ ДВАЧЕРАМИ АМЕШКАМИ ПОСМЕЯТЬСЯ ЗАХОЖУ И ТО НЕ ЧАСТО, ПРАВДА ПРАВДА
",1.0
"Ух какой сладкий петушок. В камере нарасхват будет.
",1.0
"быстро проскочишь улицу, но затем упрешься в пробку или светофор Сэкономлю около 40 минут времени в любом случае. а правда как по бесфетофорной улице переходить дорогу? Через подземный или надземный переход
",0.0
"загнал тебе за черную шконку проверяй
",1.0
"Вот увидишь - боров закончит один, тк трап его кинет и при этом он станет открытым русофобом. Год-полтора, но это случится.
",1.0
"У Юлика с Хованским получше выходит снимать, Кузьма его на дно тянет.
",1.0
"Бля, какой порось хороший, яб его на сало пустил.
",1.0
"Контент хорош, хотя можно было больше цветовых эффектов в видео
",0.0
"Жирный, тебе на сосаке не стыдно пиариться? Ты бы хоть поаккуратнее толкал свое говно, палишься. А по теме- говно ты делаешь, лютую хуйню. патлобес
",1.0
"я в курсе, даже пиндосы не остановили внезапную смерть, хотя сама гордеева мне глубоко симпатична - ибо наша
",1.0
"Странно, что существует множество людей, для которых подобные ситуации не являются источником попоболи.
",0.0
"Мозг у тебя как я понимаю вместе с комментариями на сипе отключен?
",1.0
"Так ведь у коммунистов не бывает кризисов. СССР не был ни социалистическим, ни коммунистическим государством. Обычный гос.капитализм. Столкнулся с кризисом, зарегулированная экономика не выдержала и ёбнулась. Дерегулировались бы раньше - пульнули бы вверх как кетай. А что там было с экономикой в действительно социалистической свободной Кампучии - вопрос неясный. Может и правда показывали чудеса безкризисного роста - кто знает...
",0.0
"YouTube-звезда BadComedian Сколько тебе платят за форс этого мудофила?
",1.0
"Угу, ностальджи по 14 году. Стрим и впрям получился безумно ламповый. Эх, вот бы всегда так было, никто бы и не возмущался.
",0.0
"выручайте уберменшы, НУЖЕН ВИДОС ИИИИИ ПРОДАЛИ ГОЯМ ХУЙНЮЮЮ
",1.0
"Два клоуна блять что этот бородач что миша, та чмоха с балончиком ходит эта с пистолетом. Какой смысл драться по правилам бокса, это дебилизм ради бабок не более. Если уж и выходить на ринг с тем говном то ломать ему руку болевым максимум быстро чтоб не успели растащить или подбородок удушающим а не махать перчатками несколько раундов. Так это говно хоть потом не будет бегать с камерой с порванными связками или питаться будет через трубочку.
",1.0
"Хуя, шамиль отца за член хватал, а хевин понавыдумывал.
",1.0
"Деньги он занес Сусу за моднейшую рекламу. Интересно, на что сегодня собирать будет.
",0.0
"а жаль - на хуй он нужен
",1.0
"Да мне кажется он и есть модер лол. Тут ни в одной тематике уже не осталось реагирующей мочи. Все школьники щитпостеры затесались в моческвад и срут себе безнаказанно. А абу и похуй. Он давно эту парашу продал и жирует теперь.
",1.0
"это не фемки, это подстилки путина, внедренные дял позора движения
",1.0
"Пиздец попаболь наблюдаю я. Дякую из Киева, Онотоле.
",1.0
"ПРИВЕТ, НАУЧИ ПРОХОДИТЬ В ХОХЛЫ.
",1.0
"Потому что тупорылые школьники ни за хуй собачий обзывают его свиньей
",1.0
"Первое заняли лахтобляди
",1.0
"Ничего, Майданом сгоним это все равно! На крайний уже случай США и НАТО поможет. Поискать надо в пидорашке химическое оружие....Бойся, моль! Скоро к Хусейну и Чаушеску отправишься. 80 процентов пидорашек против. Конец твой близок, тиран!
",1.0
"Та иди нахуй, очеидно что ты твердолобый жЫрняга
",1.0
"Работают на шахте по добыче радиоактивной руды Из СИЗ только самый дешевый недо-лепесток
",0.0
"А как работают либертарианские суды?
",0.0
"СУКА, ПОСТАВИЛ ЛАЙК ТРЕДУ ВЧЕРА, А СЕЙЧАС ЗАХОЖУ, А ЛАЙКА НЕТ! СКРУТИЛИ ЛАЙК, СУКИ! НАЧАЛ ИСКАТЬ, КУДА ДЕЛСЯ ЛАЙК, А ОН СТОИТ У ТРЕДА ШАРИЯ! ВОТ МРАЗИ, МАКАКА ПРОДАЛА СВОЮ ЖОПУ КРЕМЛЮ, БУДЬТЕ ОСТОРОЖНЫ!
",1.0
"да кто тебя спрашивает, хуесос, срыгнись нахуй в канаву
",1.0
"Я всегда говорил, что пидорахи плохо понимают как выглядят типо европейские лица, на которые русня дрочат. привыкши жить среди орков со светлыми волосами и глазами они воспринимают только таких орков с приплюснутой гловой и свинной рожей как своих, если у кого либо европейское лицо, развитая челюсть и т.п но темные волосы, то к нему относятся с подозрением Баба эта похожа на марлона брандо.
",1.0
"Ну не в кислоте же растворили , а с любителями современного искусства так и надо поступать!
",0.0
"Дикий ангел это вообще редкий случай, когда удачный подбор актёров и в целом неплохая для жанра сценарная работа делают из типовой мыльной теленовеллы что-то запоминающееся. У нас в открытую смотрели даже ровные пацаны, девки текли по Факуну, друг с другом обсуждали серии и все ждали развязки. А потом помню, по окончанию запустили сериал-продолжение, где все старые герои в первой же серии подыхают, а Орейро играет уже другую героиню, и это даже бабкам сракам не зашло, сразу выпилили с эфира. Ещё бы, блять, уже хэппи-энд произошёл, и тут тебе жадные аргентинские телепродюсеры говорят нихуя, начинаем по-новой .
",0.0
"Когда там следующий конвейер еды?
",0.0
"Когда хряк скажет, что это проявления гибридной войны, а на дело их лично благословил патриарх Кирилл?
",1.0
"Тупая мочуха-leдрочер банит за неудобные посты. Поскорей бы его пидорнули, ещё и на православный гомофорс бочку катит.
",1.0
"не воспрепятствовал террору против гражданского населения на территории, занятой его войсками Вот пидор. Благо, что большевики освободили от белого террора натерпевшийся народ.
",1.0
"Якутский нацизм как есть. Дикари тупые блядь.
",1.0
"Ждём, надеемся. Процесс уже идёт, в принципе
",0.0
"Лахтодебил, ты читать умеешь? Я же говорю жрёт дохуя, а не едет нихуя.
",1.0
"Шарий правильно стебёт, а ты нет. На ebach.ru тебя бы обоссали
",1.0
"Так пендосия и израель только силой завоеванное признают, какие-то рифирендумы-шмифирендумы им неизвестны.
",1.0
"блять, вы с хохлами заебали - а сейчас ещё и всё казахское говно сюда в po притащите
",1.0
"И ДЛЯ ОЧЕРЕДНОЙ ДОЗЫ КАЙФА ТЕБЕ НЕОБХОДИМО ПОЛУЧИТЬ ЧТО-ТО ВЫХОДЯЩЕЕ ЗА РАМКИ ЧЕЛОВЕЧЕСКИХ ВОЗМОЖНОСТЕЙ НОРМАЛЬНЫЙ УЖИН ИЗ МЯСА И ОВОЩЕЙ ВМЕСТО ДОШИРАКА С МАЗИКОМ
",1.0
"а какие есть пруфы, что контент в ютубе или на патреоне - это его единственный источник доходы и смысл всей жизни?
",0.0
"В то время как пилоты обречённых самолётов Boeing в Эфиопии и Индонезии пытались вернуть себе управление, у них не было двух важных функций безопасности, которые Boeing продавал за дополнительную плату, пишет NY Times. Как и другие авиапроизводители, Boeing получает прибыль благодаря апгрейду самолётов под индивидуальные нужды заказчика. Иногда эти опциональные функции включают продвинутое оформление и комфорт: премиальные места, причудливое освещение или дополнительные туалеты. Но за дополнительную плату продаются также системы связи, навигации и безопасности. Многие авиакомпании, особенно бюджетные перевозчики, такие как индонезийская Lion Air, не покупают эти функции, а регуляторы не требуют обязательного их наличия. Теперь же, после двух катастроф, Boeing сделает стандартной одну из этих функций безопасности в рамках обновления программного обеспечения самолёта. До сих пор неизвестно, что стало причиной крушений рейса 302 авиакомпании Ethiopian Airlines 10 марта и рейса 610 авиакомпании Lion Air пять месяцев назад. Эксперты предполагают, что частичная вина лежит на новом программном обеспечении, которое добавили в Boeing 737 Max. Неверные данные с сенсоров, возможно, вызвали неисправность системы Maneuvering Characteristics Augmentation System (MCAS). В октябре 2018-го лайнер Lion Air разбился у западного побережья острова Ява, погибли 189 человек. После анализа данных чёрного ящика эксперты были очень удивлены странным поведением системы MCAS. Судя по всему, с датчиков поступали неправильные данные об угле атаки и самолёт автоматически опустил нос и направился прямо в воду. Пилоты более десяти раз пытались вручную поднять нос, но система всё равно опускала его вниз. В итоге лайнер ударился об воду и разбился. 10 марта другое воздушное судно потерпело крушение в Эфиопии, жертвами стали 149 пассажиров и восемь членов экипажа. 13 марта 2019 года после консультаций с Федеральной авиационной администрацией США и своими клиентами, компания Boeing выпустила официальную рекомендацию всем авиакомпаниями временно приостановить полёты самолёта Boeing 737 Max. В ближайшие несколько недель компания обещает обновить программное обеспечение системы управления полётом. ...
",0.0
"Педики еще и называют других педиками, фу бля. Забавный форс (нет)
",1.0
"педофилы не дрочат на тех, у кого начали расти сиськи и волосы повсюду
",1.0
"Давайте уже соберемся и обоссым хрюкана, сколько можно терпеть-то
",1.0
"Учитывая отсутствие института репутации у историков в нашей стране, их похвалы мало что значат если это не похвалы Маэстры, конечно
",0.0
"ЭТИ НАЦИКИ НЕПРАВИЛЬНЫЕ
",1.0
"А что делать, у них выбора нет. Если в это не верить, то манямирок коллапсирует, оставив хохла один на один с реальностью.
",1.0
"Героям Слава! Когда русаков пойдем оттуда выгонять?
",1.0
"4chan, archive.is, 8chan, kiwifarms, Bitchute Ну пиздец, нижний инторнет с токсичными ебанатами заблокировали, как жить то теперь.
",0.0
"готовься к санкциям Не проецируй, пидораха. Разрыва контракта не будет, русня, платит - значит заебись.
",1.0
"Ничего подобного. Чуваши - СУВАРЫ.
",1.0
"БЕЛАРУСЬ, БЛЯТЬ, БЕЛАРУСЬ. СПИДОРСВИН, БЛЯТЬ. НЕПРОБИВАЕМАЯ ХОХЛИНА, СУКА. Какие-же хохлы дененераты, пиздец просто.
",1.0
"С того, что тупикал Китай хач, а тупикал Япония - урус. Потом проорал с белков корейца. Лучше соус дай.
",1.0
"Зачем Пидорошенко взрывает хохлов?
",1.0
"Роликов с ней удалил много, годноты там не было.
",1.0
"Ну так а причины почему он это сделал?
",0.0
"Анус свой потри, не неси свою хуйню с цензурой на двачи, пиздуй в паблики.
",1.0
"Остановили производство физ. копий игры, вроде отзывали из магазинов уже имеющиеся, но насчет этого не уверен. Для стима пилили петицию , но закономерно пососали хуй.
",0.0
"Евгеша лицемерный мясной мешок с дерьмом. Живёт на даче своей бабы-Клэп и жирует на донаты, мотаясь по заграницам.
",1.0
"Вонючий совковый скот прибежал и ноет.
",1.0
"А толку то? У негров писюны все равно больше.
",1.0
"пидорахен Я салоед, ващет. Там, где у критика лихие шутки на все случаи, у блядины - кликушество и хейтерство. У Критика только беззубый детский американский юмор. У Батикова тоже клоунады хватает, впрочем. Пидорашке показали говно и палки через объектив дорогой камеры, и говно с палками тут же стало дорогим реквизитом. Нихуя. Понятно, что у блохеров реквизит плохенький будет, но у Критика в роликах хуета хуже аниме-феста твоего города. Пикрелейтед.
",1.0
"очень жду этого, надеюсь наша содержанка нас порадует топ контентом)
",1.0
"А ей хочется араба или ниггера...
",1.0
"А сейчас скинов просто нет или как?
",0.0
"Ну это твое личное мнение, руская свинья. На других это не распространяй.
",1.0
"Президент Казахстана переименовал Астану в Нур-Султан Подробнее на РБК:
",0.0
"Там сидят отбитые дебилы, которые уже 500 тредов шутят про одно и тоже из треда в тред и живут в своём манямирке где они придумали то, что Мэд их читает и плачет по ночам и вообще они разъебывают всех.
",1.0
"Лол, новый Гамаз: Друзья! Так не годиться! Я между прочим работаю и делаю хорошие и качественные видео. Но в итоге я вижу у себя на яндексе 0 рублей.
",0.0
"Быстро кнопку скрыть на место вернул, чмо.
",1.0
"который должен какой-то посыл должно быть Охуенно. Ты решаешь. Драматург бля.
",1.0
"Блогер Эмили Хартридж (Emily Hartridge) рассказала, что многолетние разочарования от знакомств в сети привели к тому, что она заморозила свои яйцеклетки. Как сообщает таблоид The Sun, так женщина хотела взять под контроль свое будущее материнство. 34-летняя женщина призналась, что обратилась к онлайн-знакомствам после того, как закончились ее последние серьезные отношения. Она пыталась наладить личную жизнь с 2011 года, однако лишь потратила восемь лет на то, чтобы быть обманутой безнадежными мужчинами . Блогер уточнила, что в первые годы не волновалась из-за уходящего времени. Однако позднее она решила, что ей следует заморозить свои яйцеклетки, на тот случай, если она не встретит подходящего парня: Я не могла игнорировать мысль о том, что этого может не произойти , призналась Хартридж. Девушка рассказала о своем решении матери, и та предложила оплатить дорогостоящую процедуру. В клинике Хартридж узнала, что у нее крайне низкая фертиль�